city,date,fajr,sunrise,dhuhr,asr,maghrib,isha
Erbil,1-Jan,6:02,7:21,12:16,14:45,17:06,18:21
Erbil,2-Jan,6:03,7:21,12:16,14:45,17:06,18:21
Erbil,3-Jan,6:03,7:21,12:17,14:46,17:07,18:22
Erbil,4-Jan,6:02,7:22,12:17,14:46,17:08,18:23
Erbil,5-Jan,6:01,7:22,12:17,14:50,17:09,18:24
Erbil,6-Jan,6:01,7:22,12:17,14:50,17:10,18:25
Erbil,7-Jan,6:01,7:21,12:20,14:50,17:11,18:26
Erbil,8-Jan,6:01,7:21,12:20,14:50,17:12,18:27
Erbil,9-Jan,6:01,7:21,12:20,14:50,17:13,18:28
Erbil,10-Jan,6:01,7:20,12:22,14:50,17:14,18:29
Erbil,11-Jan,6:01,7:20,12:22,14:50,17:15,18:30
Erbil,12-Jan,6:00,7:20,12:22,14:55,17:16,18:31
Erbil,13-Jan,5:59,7:19,12:22,14:55,17:17,18:32
Erbil,14-Jan,5:59,7:19,12:22,14:55,17:17,18:32
Erbil,15-Jan,5:58,7:18,12:22,14:55,17:18,18:33
Erbil,16-Jan,5:58,7:18,12:22,14:55,17:19,18:34
Erbil,17-Jan,5:57,7:18,12:24,14:55,17:20,18:35
Erbil,18-Jan,5:56,7:18,12:24,14:56,17:21,18:36
Erbil,19-Jan,5:55,7:17,12:24,14:57,17:22,18:37
Erbil,20-Jan,5:54,7:17,12:24,14:58,17:23,18:38
Erbil,21-Jan,5:53,7:17,12:24,14:59,17:24,18:39
Erbil,22-Jan,5:53,7:16,12:24,15:00,17:25,18:40
Erbil,23-Jan,5:52,7:16,12:25,15:02,17:27,18:42
Erbil,24-Jan,5:52,7:15,12:25,15:03,17:28,18:43
Erbil,25-Jan,5:51,7:14,12:25,15:04,17:29,18:44
Erbil,26-Jan,5:51,7:14,12:25,15:04,17:30,18:45
Erbil,27-Jan,5:50,7:13,12:26,15:05,17:31,18:46
Erbil,28-Jan,5:49,7:12,12:26,15:06,17:32,18:47
Erbil,29-Jan,5:49,7:12,12:26,15:07,17:33,18:48
Erbil,30-Jan,5:48,7:11,12:26,15:08,17:34,18:49
Erbil,31-Jan,5:48,7:10,12:26,15:09,17:35,18:50
Erbil,1-Feb,5:47,7:09,12:26,15:10,17:37,18:52
Erbil,2-Feb,5:46,7:08,12:26,15:11,17:38,18:53
Erbil,3-Feb,5:45,7:07,12:26,15:12,17:38,18:53
Erbil,4-Feb,5:44,7:05,12:26,15:13,17:39,18:54
Erbil,5-Feb,5:43,7:05,12:26,15:14,17:40,18:55
Erbil,6-Feb,5:42,7:04,12:26,15:15,17:41,18:56
Erbil,7-Feb,5:42,7:03,12:28,15:15,17:42,18:57
Erbil,8-Feb,5:41,7:02,12:28,15:16,17:43,18:58
Erbil,9-Feb,5:40,7:01,12:28,15:17,17:44,18:59
Erbil,10-Feb,5:39,7:00,12:28,15:18,17:45,19:00
Erbil,11-Feb,5:38,6:59,12:28,15:19,17:46,19:01
Erbil,12-Feb,5:37,6:59,12:28,15:20,17:47,19:02
Erbil,13-Feb,5:34,6:58,12:28,15:21,17:48,19:03
Erbil,14-Feb,5:32,6:57,12:28,15:22,17:49,19:04
Erbil,15-Feb,5:30,6:56,12:26,15:22,17:50,19:05
Erbil,16-Feb,5:29,6:55,12:26,15:23,17:51,19:06
Erbil,17-Feb,5:28,6:54,12:26,15:24,17:52,19:07
Erbil,18-Feb,5:27,6:53,12:26,15:24,17:53,19:08
Erbil,19-Feb,5:26,6:52,12:26,15:25,17:54,19:09
Erbil,20-Feb,5:25,6:51,12:26,15:25,17:55,19:10
Erbil,21-Feb,5:24,6:49,12:26,15:26,17:56,19:11
Erbil,22-Feb,5:23,6:48,12:26,15:27,17:57,19:12
Erbil,23-Feb,5:23,6:47,12:26,15:28,17:58,19:13
Erbil,24-Feb,5:21,6:46,12:26,15:28,17:59,19:14
Erbil,25-Feb,5:20,6:45,12:26,15:29,18:00,19:15
Erbil,26-Feb,5:19,6:43,12:26,15:30,18:01,19:16
Erbil,27-Feb,5:18,6:43,12:26,15:30,18:01,19:16
Erbil,28-Feb,5:17,6:41,12:26,15:31,18:02,19:17
Erbil,1-Mar,5:16,6:40,12:25,15:31,18:02,19:17
Erbil,2-Mar,5:14,6:39,12:25,15:32,18:03,19:18
Erbil,3-Mar,5:13,6:37,12:25,15:32,18:03,19:18
Erbil,4-Mar,5:10,6:35,12:25,15:33,18:04,19:19
Erbil,5-Mar,5:08,6:33,12:23,15:33,18:05,19:20
Erbil,6-Mar,5:05,6:32,12:23,15:34,18:06,19:21
Erbil,7-Mar,5:03,6:31,12:23,15:34,18:07,19:22
Erbil,8-Mar,5:02,6:30,12:23,15:35,18:08,19:23
Erbil,9-Mar,5:01,6:29,12:23,15:35,18:09,19:24
Erbil,10-Mar,4:59,6:28,12:23,15:36,18:10,19:25
Erbil,11-Mar,4:57,6:26,12:23,15:36,18:11,19:26
Erbil,12-Mar,4:56,6:24,12:23,15:37,18:12,19:27
Erbil,13-Mar,4:55,6:22,12:23,15:37,18:13,19:28
Erbil,14-Mar,4:54,6:21,12:23,15:38,18:14,19:29
Erbil,15-Mar,4:52,6:20,12:23,15:39,18:15,19:30
Erbil,16-Mar,4:50,6:19,12:20,15:39,18:16,19:31
Erbil,17-Mar,4:49,6:18,12:20,15:39,18:16,19:31
Erbil,18-Mar,4:48,6:18,12:20,15:40,18:17,19:32
Erbil,19-Mar,4:47,6:16,12:20,15:40,18:18,19:33
Erbil,20-Mar,4:46,6:15,12:20,15:40,18:19,19:34
Erbil,21-Mar,4:45,6:14,12:20,15:41,18:20,19:35
Erbil,22-Mar,4:44,6:13,12:20,15:41,18:21,19:36
Erbil,23-Mar,4:42,6:11,12:20,15:41,18:22,19:37
Erbil,24-Mar,4:40,6:09,12:20,15:42,18:23,19:38
Erbil,25-Mar,4:39,6:08,12:20,15:42,18:25,19:40
Erbil,26-Mar,4:38,6:07,12:20,15:43,18:26,19:41
Erbil,27-Mar,4:37,6:05,12:20,15:43,18:27,19:42
Erbil,28-Mar,4:36,6:04,12:20,15:43,18:27,19:42
Erbil,29-Mar,4:34,6:03,12:18,15:43,18:28,19:43
Erbil,30-Mar,4:32,6:02,12:18,15:43,18:29,19:44
Erbil,31-Mar,4:30,6:01,12:18,15:44,18:30,19:45
Erbil,1-Apr,4:29,6:00,12:18,15:44,18:30,19:45
Erbil,2-Apr,4:26,5:58,12:18,15:45,18:31,19:46
Erbil,3-Apr,4:25,5:57,12:18,15:45,18:32,19:47
Erbil,4-Apr,4:24,5:56,12:18,15:45,18:33,19:48
Erbil,5-Apr,4:23,5:54,12:16,15:45,18:34,19:49
Erbil,6-Apr,4:22,5:53,12:16,15:46,18:35,19:50
Erbil,7-Apr,4:21,5:52,12:16,15:46,18:36,19:51
Erbil,8-Apr,4:19,5:51,12:16,15:46,18:36,19:51
Erbil,9-Apr,4:17,5:50,12:15,15:46,18:37,19:52
Erbil,10-Apr,4:14,5:49,12:15,15:46,18:37,19:52
Erbil,11-Apr,4:12,5:48,12:15,15:46,18:38,19:53
Erbil,12-Apr,4:10,5:46,12:15,15:47,18:39,19:54
Erbil,13-Apr,4:09,5:44,12:14,15:47,18:40,19:55
Erbil,14-Apr,4:07,5:42,12:14,15:48,18:40,19:55
Erbil,15-Apr,4:05,5:40,12:14,15:48,18:41,19:56
Erbil,16-Apr,4:03,5:39,12:14,15:48,18:42,19:57
Erbil,17-Apr,4:02,5:38,12:12,15:48,18:43,19:58
Erbil,18-Apr,4:01,5:37,12:12,15:48,18:44,19:59
Erbil,19-Apr,4:00,5:36,12:12,15:49,18:45,20:00
Erbil,20-Apr,3:57,5:34,12:12,15:49,18:45,20:00
Erbil,21-Apr,3:55,5:33,12:12,15:49,18:45,20:00
Erbil,22-Apr,3:53,5:32,12:12,15:50,18:46,20:01
Erbil,23-Apr,3:52,5:31,12:11,15:50,18:47,20:02
Erbil,24-Apr,3:51,5:29,12:11,15:50,18:48,20:03
Erbil,25-Apr,3:50,5:28,12:11,15:50,18:49,20:04
Erbil,26-Apr,3:49,5:27,12:11,15:50,18:51,20:06
Erbil,27-Apr,3:48,5:26,12:11,15:50,18:52,20:07
Erbil,28-Apr,3:47,5:25,12:11,15:50,18:53,20:08
Erbil,29-Apr,3:46,5:24,12:11,15:50,18:53,20:08
Erbil,30-Apr,3:45,5:23,12:11,15:50,18:54,20:09
Erbil,1-May,3:43,5:20,12:10,15:53,18:55,20:10
Erbil,2-May,3:42,5:19,12:10,15:53,18:56,20:11
Erbil,3-May,3:41,5:19,12:10,15:53,18:57,20:12
Erbil,4-May,3:40,5:18,12:10,15:53,18:58,20:13
Erbil,5-May,3:39,5:17,12:10,15:53,18:59,20:14
Erbil,6-May,3:39,5:16,12:10,15:53,19:00,20:15
Erbil,7-May,3:38,5:15,12:10,15:56,19:01,20:16
Erbil,8-May,3:37,5:14,12:10,15:56,19:02,20:17
Erbil,9-May,3:36,5:13,12:10,15:56,19:02,20:17
Erbil,10-May,3:35,5:12,12:10,15:56,19:03,20:18
Erbil,11-May,3:34,5:11,12:10,15:56,19:04,20:19
Erbil,12-May,3:33,5:10,12:10,15:56,19:04,20:19
Erbil,13-May,3:32,5:09,12:09,15:56,19:05,20:20
Erbil,14-May,3:31,5:08,12:09,15:56,19:06,20:21
Erbil,15-May,3:30,5:07,12:09,15:58,19:07,20:22
Erbil,16-May,3:29,5:06,12:09,15:58,19:08,20:23
Erbil,17-May,3:27,5:06,12:09,15:58,19:09,20:24
Erbil,18-May,3:26,5:05,12:09,15:58,19:10,20:25
Erbil,19-May,3:26,5:05,12:09,15:58,19:11,20:26
Erbil,20-May,3:26,5:05,12:09,15:58,19:12,20:27
Erbil,21-May,3:25,5:04,12:10,15:58,19:13,20:28
Erbil,22-May,3:24,5:04,12:10,15:58,19:14,20:29
Erbil,23-May,3:23,5:03,12:10,15:58,19:15,20:30
Erbil,24-May,3:23,5:03,12:10,16:00,19:15,20:30
Erbil,25-May,3:22,5:02,12:10,16:00,19:16,20:31
Erbil,26-May,3:22,5:02,12:11,16:00,19:16,20:31
Erbil,27-May,3:21,5:01,12:11,16:00,19:17,20:32
Erbil,28-May,3:21,5:01,12:11,16:00,19:17,20:32
Erbil,29-May,3:20,5:00,12:11,16:00,19:18,20:33
Erbil,30-May,3:20,5:00,12:11,16:00,19:19,20:34
Erbil,31-May,3:19,4:59,12:11,16:00,19:19,20:34
Erbil,1-Jun,3:18,4:59,12:13,16:03,19:20,20:35
Erbil,2-Jun,3:18,4:59,12:13,16:03,19:20,20:35
Erbil,3-Jun,3:17,4:58,12:13,16:03,19:21,20:36
Erbil,4-Jun,3:17,4:58,12:13,16:03,19:21,20:36
Erbil,5-Jun,3:17,4:58,12:13,16:04,19:21,20:36
Erbil,6-Jun,3:17,4:57,12:14,16:04,19:22,20:37
Erbil,7-Jun,3:17,4:57,12:14,16:04,19:22,20:37
Erbil,8-Jun,3:16,4:57,12:14,16:04,19:23,20:38
Erbil,9-Jun,3:16,4:58,12:14,16:04,19:23,20:38
Erbil,10-Jun,3:15,4:58,12:15,16:04,19:24,20:39
Erbil,11-Jun,3:15,4:59,12:15,16:04,19:24,20:39
Erbil,12-Jun,3:15,4:59,12:15,16:04,19:25,20:40
Erbil,13-Jun,3:15,5:00,12:15,16:05,19:26,20:41
Erbil,14-Jun,3:15,5:00,12:15,16:05,19:26,20:41
Erbil,15-Jun,3:15,5:00,12:16,16:05,19:27,20:42
Erbil,16-Jun,3:16,5:00,12:16,16:05,19:27,20:42
Erbil,17-Jun,3:16,5:00,12:16,16:05,19:27,20:42
Erbil,18-Jun,3:16,5:00,12:16,16:05,19:28,20:43
Erbil,19-Jun,3:16,5:00,12:16,16:05,19:28,20:43
Erbil,20-Jun,3:16,5:00,12:16,16:05,19:28,20:43
Erbil,21-Jun,3:16,5:00,12:16,16:05,19:29,20:44
Erbil,22-Jun,3:17,5:00,12:17,16:05,19:29,20:44
Erbil,23-Jun,3:17,5:00,12:17,16:05,19:29,20:44
Erbil,24-Jun,3:17,5:00,12:17,16:05,19:29,20:44
Erbil,25-Jun,3:17,5:00,12:17,16:05,19:29,20:44
Erbil,26-Jun,3:18,5:00,12:18,16:05,19:29,20:44
Erbil,27-Jun,3:19,5:00,12:18,16:05,19:30,20:45
Erbil,28-Jun,3:19,5:01,12:18,16:05,19:30,20:45
Erbil,29-Jun,3:20,5:01,12:19,16:05,19:30,20:45
Erbil,30-Jun,3:20,5:02,12:19,16:05,19:30,20:45
Erbil,1-Jul,3:20,5:02,12:20,16:08,19:29,20:44
Erbil,2-Jul,3:21,5:02,12:20,16:08,19:29,20:44
Erbil,3-Jul,3:21,5:03,12:20,16:08,19:29,20:44
Erbil,4-Jul,3:22,5:03,12:20,16:08,19:28,20:43
Erbil,5-Jul,3:22,5:04,12:21,16:09,19:28,20:43
Erbil,6-Jul,3:23,5:04,12:21,16:09,19:28,20:43
Erbil,7-Jul,3:23,5:05,12:21,16:09,19:28,20:43
Erbil,8-Jul,3:24,5:05,12:22,16:09,19:28,20:43
Erbil,9-Jul,3:24,5:05,12:22,16:09,19:28,20:43
Erbil,10-Jul,3:25,5:06,12:22,16:09,19:28,20:43
Erbil,11-Jul,3:25,5:06,12:22,16:09,19:27,20:42
Erbil,12-Jul,3:26,5:07,12:22,16:09,19:27,20:42
Erbil,13-Jul,3:27,5:08,12:22,16:09,19:26,20:41
Erbil,14-Jul,3:28,5:09,12:22,16:09,19:26,20:41
Erbil,15-Jul,3:29,5:09,12:22,16:09,19:26,20:41
Erbil,16-Jul,3:29,5:10,12:23,16:09,19:25,20:40
Erbil,17-Jul,3:30,5:11,12:23,16:09,19:25,20:40
Erbil,18-Jul,3:31,5:11,12:23,16:10,19:25,20:40
Erbil,19-Jul,3:31,5:12,12:23,16:10,19:24,20:39
Erbil,20-Jul,3:32,5:14,12:23,16:10,19:22,20:37
Erbil,21-Jul,3:33,5:14,12:23,16:10,19:22,20:37
Erbil,22-Jul,3:34,5:15,12:23,16:10,19:22,20:37
Erbil,23-Jul,3:35,5:15,12:23,16:10,19:21,20:36
Erbil,24-Jul,3:36,5:16,12:23,16:10,19:20,20:35
Erbil,25-Jul,3:36,5:16,12:22,16:08,19:19,20:34
Erbil,26-Jul,3:37,5:17,12:22,16:07,19:18,20:33
Erbil,27-Jul,3:37,5:17,12:22,16:06,19:17,20:32
Erbil,28-Jul,3:38,5:18,12:22,16:06,19:16,20:31
Erbil,29-Jul,3:38,5:18,12:22,16:05,19:15,20:30
Erbil,30-Jul,3:39,5:19,12:22,16:05,19:14,20:29
Erbil,31-Jul,3:40,5:19,12:22,16:05,19:14,20:29
Erbil,1-Aug,3:41,5:19,12:20,16:05,19:13,20:28
Erbil,2-Aug,3:41,5:20,12:20,16:05,19:12,20:27
Erbil,3-Aug,3:42,5:21,12:20,16:04,19:11,20:26
Erbil,4-Aug,3:42,5:22,12:20,16:04,19:10,20:25
Erbil,5-Aug,3:43,5:23,12:20,16:04,19:09,20:24
Erbil,6-Aug,3:43,5:24,12:20,16:03,19:08,20:23
Erbil,7-Aug,3:45,5:25,12:20,16:03,19:07,20:22
Erbil,8-Aug,3:45,5:25,12:20,16:02,19:06,20:21
Erbil,9-Aug,3:46,5:26,12:20,16:02,19:05,20:20
Erbil,10-Aug,3:46,5:26,12:20,16:01,19:04,20:19
Erbil,11-Aug,3:48,5:27,12:19,16:00,19:03,20:18
Erbil,12-Aug,3:48,5:28,12:19,15:59,19:01,20:16
Erbil,13-Aug,3:49,5:28,12:19,15:59,19:00,20:15
Erbil,14-Aug,3:50,5:29,12:19,15:58,18:59,20:14
Erbil,15-Aug,3:51,5:30,12:19,15:58,18:58,20:13
Erbil,16-Aug,3:52,5:31,12:19,15:58,18:57,20:12
Erbil,17-Aug,3:53,5:32,12:18,15:57,18:56,20:11
Erbil,18-Aug,3:54,5:33,12:18,15:57,18:55,20:10
Erbil,19-Aug,3:55,5:34,12:18,15:56,18:54,20:09
Erbil,20-Aug,3:55,5:35,12:18,15:56,18:52,20:07
Erbil,21-Aug,3:56,5:35,12:17,15:55,18:51,20:06
Erbil,22-Aug,3:56,5:36,12:17,15:52,18:49,20:04
Erbil,23-Aug,3:57,5:36,12:17,15:52,18:48,20:03
Erbil,24-Aug,3:59,5:37,12:17,15:50,18:47,20:02
Erbil,25-Aug,4:00,5:38,12:16,15:49,18:45,20:00
Erbil,26-Aug,4:01,5:39,12:16,15:49,18:44,19:59
Erbil,27-Aug,4:02,5:40,12:16,15:48,18:43,19:58
Erbil,28-Aug,4:03,5:40,12:16,15:48,18:41,19:56
Erbil,29-Aug,4:04,5:41,12:14,15:47,18:40,19:55
Erbil,30-Aug,4:05,5:41,12:14,15:46,18:38,19:53
Erbil,31-Aug,4:06,5:42,12:14,15:46,18:37,19:52
Erbil,1-Sep,4:08,5:42,12:14,15:44,18:36,19:51
Erbil,2-Sep,4:10,5:43,12:13,15:43,18:35,19:50
Erbil,3-Sep,4:11,5:44,12:13,15:42,18:34,19:49
Erbil,4-Sep,4:12,5:45,12:13,15:42,18:32,19:47
Erbil,5-Sep,4:13,5:46,12:12,15:41,18:30,19:45
Erbil,6-Sep,4:14,5:47,12:12,15:41,18:29,19:44
Erbil,7-Sep,4:15,5:47,12:12,15:41,18:28,19:43
Erbil,8-Sep,4:16,5:48,12:12,15:40,18:26,19:41
Erbil,9-Sep,4:16,5:49,12:11,15:40,18:25,19:40
Erbil,10-Sep,4:17,5:50,12:11,15:39,18:23,19:38
Erbil,11-Sep,4:18,5:50,12:11,15:37,18:22,19:37
Erbil,12-Sep,4:19,5:51,12:10,15:36,18:19,19:34
Erbil,13-Sep,4:20,5:51,12:10,15:36,18:19,19:34
Erbil,14-Sep,4:21,5:52,12:10,15:35,18:18,19:33
Erbil,15-Sep,4:22,5:53,12:10,15:34,18:16,19:31
Erbil,16-Sep,4:22,5:54,12:09,15:33,18:15,19:30
Erbil,17-Sep,4:23,5:55,12:09,15:31,18:14,19:29
Erbil,18-Sep,4:23,5:55,12:09,15:31,18:12,19:27
Erbil,19-Sep,4:24,5:56,12:08,15:30,18:10,19:25
Erbil,20-Sep,4:25,5:57,12:08,15:28,18:09,19:24
Erbil,21-Sep,4:25,5:57,12:08,15:28,18:08,19:23
Erbil,22-Sep,4:26,5:58,12:07,15:26,18:06,19:21
Erbil,23-Sep,4:27,5:58,12:07,15:25,18:05,19:20
Erbil,24-Sep,4:28,5:59,12:07,15:25,18:04,19:19
Erbil,25-Sep,4:29,5:59,12:06,15:24,18:03,19:18
Erbil,26-Sep,4:30,6:00,12:06,15:22,18:02,19:17
Erbil,27-Sep,4:31,6:01,12:06,15:22,18:00,19:15
Erbil,28-Sep,4:32,6:02,12:05,15:21,17:59,19:14
Erbil,29-Sep,4:33,6:03,12:05,15:20,17:57,19:12
Erbil,30-Sep,4:34,6:04,12:05,15:19,17:55,19:10
Erbil,1-Oct,4:36,6:04,12:04,15:18,17:54,19:09
Erbil,2-Oct,4:36,6:05,12:04,15:17,17:53,19:08
Erbil,3-Oct,4:37,6:06,12:03,15:16,17:51,19:06
Erbil,4-Oct,4:38,6:06,12:03,15:14,17:49,19:04
Erbil,5-Oct,4:38,6:07,12:03,15:13,17:47,19:02
Erbil,6-Oct,4:39,6:07,12:01,15:12,17:45,19:00
Erbil,7-Oct,4:40,6:08,12:01,15:12,17:44,18:59
Erbil,8-Oct,4:41,6:09,12:01,15:11,17:42,18:57
Erbil,9-Oct,4:41,6:09,12:00,15:09,17:41,18:56
Erbil,10-Oct,4:42,6:10,12:00,15:08,17:40,18:55
Erbil,11-Oct,4:44,6:11,12:00,15:06,17:38,18:53
Erbil,12-Oct,4:45,6:12,11:58,15:06,17:37,18:52
Erbil,13-Oct,4:46,6:13,11:58,15:05,17:36,18:51
Erbil,14-Oct,4:47,6:14,11:58,15:05,17:34,18:49
Erbil,15-Oct,4:48,6:15,11:58,15:04,17:33,18:48
Erbil,16-Oct,4:50,6:16,11:57,15:04,17:32,18:47
Erbil,17-Oct,4:51,6:17,11:57,15:03,17:31,18:46
Erbil,18-Oct,4:53,6:18,11:57,15:01,17:30,18:45
Erbil,19-Oct,4:54,6:19,11:57,15:00,17:29,18:44
Erbil,20-Oct,4:55,6:20,11:57,14:59,17:27,18:42
Erbil,21-Oct,4:56,6:21,11:57,14:58,17:26,18:41
Erbil,22-Oct,4:57,6:22,11:57,14:57,17:25,18:40
Erbil,23-Oct,4:58,6:23,11:56,14:56,17:24,18:39
Erbil,24-Oct,4:59,6:24,11:56,14:55,17:23,18:38
Erbil,25-Oct,5:00,6:25,11:56,14:54,17:21,18:36
Erbil,26-Oct,5:01,6:26,11:56,14:53,17:20,18:35
Erbil,27-Oct,5:02,6:27,11:56,14:52,17:18,18:33
Erbil,28-Oct,5:03,6:28,11:56,14:51,17:17,18:32
Erbil,29-Oct,5:04,6:29,11:56,14:50,17:17,18:32
Erbil,30-Oct,5:05,6:30,11:56,14:49,17:15,18:30
Erbil,31-Oct,5:06,6:31,11:56,14:48,17:14,18:29
Erbil,1-Nov,5:07,6:32,11:56,14:47,17:14,18:29
Erbil,2-Nov,5:09,6:33,11:56,14:47,17:13,18:28
Erbil,3-Nov,5:10,6:34,11:56,14:45,17:12,18:27
Erbil,4-Nov,5:11,6:35,11:56,14:45,17:11,18:26
Erbil,5-Nov,5:12,6:35,11:56,14:44,17:10,18:25
Erbil,6-Nov,5:13,6:36,11:56,14:44,17:09,18:24
Erbil,7-Nov,5:14,6:37,11:58,14:44,17:08,18:23
Erbil,8-Nov,5:15,6:38,11:58,14:44,17:08,18:23
Erbil,9-Nov,5:15,6:39,11:58,14:43,17:07,18:22
Erbil,10-Nov,5:16,6:40,11:58,14:42,17:06,18:21
Erbil,11-Nov,5:17,6:41,11:58,14:40,17:05,18:20
Erbil,12-Nov,5:18,6:42,11:58,14:40,17:05,18:20
Erbil,13-Nov,5:19,6:43,11:58,14:40,17:03,18:18
Erbil,14-Nov,5:20,6:43,11:58,14:38,17:02,18:17
Erbil,15-Nov,5:21,6:44,11:58,14:38,17:01,18:16
Erbil,16-Nov,5:22,6:45,11:58,14:38,17:01,18:16
Erbil,17-Nov,5:23,6:46,11:59,14:38,17:01,18:16
Erbil,18-Nov,5:24,6:47,11:59,14:35,17:00,18:15
Erbil,19-Nov,5:25,6:48,11:59,14:35,17:00,18:15
Erbil,20-Nov,5:27,6:49,12:00,14:35,16:59,18:14
Erbil,21-Nov,5:28,6:50,12:00,14:35,16:59,18:14
Erbil,22-Nov,5:29,6:51,12:00,14:35,16:58,18:13
Erbil,23-Nov,5:30,6:52,12:00,14:35,16:58,18:13
Erbil,24-Nov,5:31,6:53,12:00,14:35,16:57,18:12
Erbil,25-Nov,5:32,6:54,12:00,14:35,16:57,18:12
Erbil,26-Nov,5:33,6:55,12:00,14:34,16:56,18:11
Erbil,27-Nov,5:34,6:56,12:02,14:34,16:56,18:11
Erbil,28-Nov,5:35,6:57,12:02,14:34,16:55,18:10
Erbil,29-Nov,5:36,6:58,12:02,14:34,16:55,18:10
Erbil,30-Nov,5:37,6:59,12:02,14:34,16:55,18:10
Erbil,1-Dec,5:40,7:00,12:04,14:34,16:55,18:10
Erbil,2-Dec,5:41,7:01,12:04,14:34,16:55,18:10
Erbil,3-Dec,5:42,7:02,12:04,14:34,16:55,18:10
Erbil,4-Dec,5:44,7:03,12:06,14:34,16:55,18:10
Erbil,5-Dec,5:46,7:04,12:06,14:34,16:55,18:10
Erbil,6-Dec,5:47,7:05,12:06,14:35,16:55,18:10
Erbil,7-Dec,5:49,7:06,12:06,14:35,16:56,18:11
Erbil,8-Dec,5:50,7:07,12:07,14:35,16:56,18:11
Erbil,9-Dec,5:51,7:08,12:07,14:37,16:56,18:11
Erbil,10-Dec,5:52,7:09,12:07,14:37,16:56,18:11
Erbil,11-Dec,5:52,7:10,12:08,14:37,16:56,18:11
Erbil,12-Dec,5:53,7:10,12:08,14:37,16:56,18:11
Erbil,13-Dec,5:54,7:11,12:08,14:37,16:57,18:12
Erbil,14-Dec,5:55,7:12,12:10,14:37,16:57,18:12
Erbil,15-Dec,5:55,7:13,12:10,14:37,16:57,18:12
Erbil,16-Dec,5:55,7:14,12:11,14:37,16:57,18:12
Erbil,17-Dec,5:56,7:15,12:11,14:38,16:57,18:12
Erbil,18-Dec,5:56,7:15,12:11,14:38,16:58,18:13
Erbil,19-Dec,5:56,7:15,12:12,14:38,16:58,18:13
Erbil,20-Dec,5:57,7:16,12:12,14:40,16:58,18:13
Erbil,21-Dec,5:57,7:16,12:12,14:40,16:59,18:14
Erbil,22-Dec,5:58,7:17,12:14,14:40,16:59,18:14
Erbil,23-Dec,5:59,7:18,12:15,14:42,17:00,18:15
Erbil,24-Dec,5:59,7:18,12:15,14:42,17:00,18:15
Erbil,25-Dec,6:00,7:18,12:15,14:42,17:01,18:16
Erbil,26-Dec,6:00,7:18,12:15,14:42,17:01,18:16
Erbil,27-Dec,6:00,7:19,12:16,14:42,17:02,18:17
Erbil,28-Dec,6:01,7:19,12:16,14:43,17:03,18:18
Erbil,29-Dec,6:01,7:20,12:16,14:43,17:03,18:18
Erbil,30-Dec,6:02,7:20,12:17,14:44,17:04,18:19
Erbil,31-Dec,6:02,7:20,12:17,14:45,17:05,18:20
Duhok,1-Jan,5:45,7:19,12:20,14:52,17:06,18:26
Duhok,2-Jan,5:45,7:19,12:20,14:52,17:07,18:27
Duhok,3-Jan,5:45,7:19,12:21,14:53,17:07,18:27
Duhok,4-Jan,5:45,7:19,12:21,14:54,17:08,18:28
Duhok,5-Jan,5:45,7:19,12:21,14:55,17:09,18:29
Duhok,6-Jan,5:45,7:20,12:22,14:55,17:10,18:30
Duhok,7-Jan,5:46,7:20,12:22,14:56,17:11,18:31
Duhok,8-Jan,5:46,7:20,12:23,14:57,17:12,18:32
Duhok,9-Jan,5:46,7:20,12:23,14:58,17:13,18:33
Duhok,10-Jan,5:46,7:20,12:23,14:59,17:14,18:34
Duhok,11-Jan,5:46,7:20,12:24,14:59,17:15,18:35
Duhok,12-Jan,5:46,7:20,12:24,15:00,17:16,18:37
Duhok,13-Jan,5:46,7:19,12:25,15:01,17:17,18:38
Duhok,14-Jan,5:45,7:19,12:25,15:02,17:18,18:39
Duhok,15-Jan,5:45,7:19,12:25,15:03,17:19,18:40
Duhok,16-Jan,5:45,7:19,12:26,15:04,17:20,18:41
Duhok,17-Jan,5:45,7:18,12:26,15:05,17:21,18:42
Duhok,18-Jan,5:45,7:18,12:26,15:06,17:22,18:43
Duhok,19-Jan,5:45,7:18,12:27,15:06,17:23,18:44
Duhok,20-Jan,5:44,7:17,12:27,15:07,17:25,18:46
Duhok,21-Jan,5:44,7:17,12:27,15:08,17:26,18:47
Duhok,22-Jan,5:44,7:16,12:27,15:09,17:27,18:48
Duhok,23-Jan,5:43,7:16,12:28,15:10,17:28,18:49
Duhok,24-Jan,5:43,7:15,12:28,15:11,17:29,18:50
Duhok,25-Jan,5:43,7:15,12:28,15:12,17:31,18:52
Duhok,26-Jan,5:42,7:14,12:28,15:13,17:32,18:53
Duhok,27-Jan,5:42,7:14,12:29,15:14,17:33,18:54
Duhok,28-Jan,5:41,7:13,12:29,15:15,17:34,18:55
Duhok,29-Jan,5:41,7:12,12:29,15:16,17:35,18:56
Duhok,30-Jan,5:40,7:12,12:29,15:16,17:36,18:57
Duhok,31-Jan,5:40,7:11,12:29,15:17,17:37,18:58
Duhok,1-Feb,5:39,7:10,12:29,15:18,17:38,18:59
Duhok,2-Feb,5:39,7:10,12:30,15:19,17:39,19:00
Duhok,3-Feb,5:38,7:09,12:30,15:20,17:40,19:02
Duhok,4-Feb,5:37,7:08,12:30,15:21,17:41,19:03
Duhok,5-Feb,5:37,7:07,12:30,15:22,17:42,19:04
Duhok,6-Feb,5:36,7:06,12:30,15:23,17:43,19:05
Duhok,7-Feb,5:35,7:06,12:30,15:24,17:45,19:07
Duhok,8-Feb,5:34,7:05,12:30,15:24,17:46,19:08
Duhok,9-Feb,5:34,7:05,12:30,15:25,17:47,19:09
Duhok,10-Feb,5:33,7:04,12:30,15:26,17:48,19:10
Duhok,11-Feb,5:32,7:03,12:30,15:27,17:49,19:11
Duhok,12-Feb,5:31,7:02,12:30,15:28,17:50,19:12
Duhok,13-Feb,5:30,7:01,12:30,15:28,17:52,19:14
Duhok,14-Feb,5:29,7:00,12:30,15:29,17:53,19:15
Duhok,15-Feb,5:28,6:59,12:30,15:30,17:54,19:16
Duhok,16-Feb,5:27,6:58,12:30,15:31,17:55,19:17
Duhok,17-Feb,5:26,6:57,12:30,15:32,17:56,19:18
Duhok,18-Feb,5:25,6:56,12:30,15:32,17:57,19:19
Duhok,19-Feb,5:24,6:54,12:30,15:33,17:58,19:20
Duhok,20-Feb,5:23,6:53,12:30,15:34,17:59,19:21
Duhok,21-Feb,5:22,6:52,12:30,15:34,18:00,19:22
Duhok,22-Feb,5:21,6:51,12:30,15:35,18:01,19:23
Duhok,23-Feb,5:20,6:50,12:30,15:36,18:02,19:24
Duhok,24-Feb,5:19,6:49,12:30,15:36,18:03,19:25
Duhok,25-Feb,5:18,6:48,12:29,15:37,18:04,19:27
Duhok,26-Feb,5:17,6:46,12:29,15:38,18:05,19:28
Duhok,27-Feb,5:16,6:45,12:29,15:38,18:06,19:29
Duhok,28-Feb,5:15,6:44,12:29,15:39,18:07,19:30
Duhok,1-Mar,5:13,6:43,12:29,15:40,18:08,19:31
Duhok,2-Mar,5:12,6:41,12:29,15:40,18:09,19:32
Duhok,3-Mar,5:11,6:40,12:28,15:41,18:10,19:33
Duhok,4-Mar,5:09,6:39,12:28,15:41,18:11,19:34
Duhok,5-Mar,5:08,6:37,12:28,15:42,18:12,19:35
Duhok,6-Mar,5:07,6:36,12:28,15:42,18:13,19:36
Duhok,7-Mar,5:05,6:35,12:27,15:43,18:13,19:36
Duhok,8-Mar,5:04,6:33,12:27,15:43,18:14,19:37
Duhok,9-Mar,5:03,6:32,12:27,15:44,18:15,19:38
Duhok,10-Mar,5:01,6:31,12:27,15:44,18:16,19:39
Duhok,11-Mar,5:00,6:29,12:26,15:45,18:17,19:40
Duhok,12-Mar,4:59,6:27,12:26,15:45,18:18,19:41
Duhok,13-Mar,4:57,6:26,12:26,15:46,18:19,19:42
Duhok,14-Mar,4:56,6:25,12:26,15:46,18:20,19:43
Duhok,15-Mar,4:54,6:23,12:25,15:47,18:21,19:44
Duhok,16-Mar,4:53,6:22,12:25,15:47,18:22,19:45
Duhok,17-Mar,4:52,6:20,12:25,15:47,18:23,19:46
Duhok,18-Mar,4:50,6:19,12:24,15:48,18:23,19:47
Duhok,19-Mar,4:49,6:17,12:24,15:48,18:24,19:48
Duhok,20-Mar,4:47,6:16,12:24,15:48,18:25,19:49
Duhok,21-Mar,4:45,6:15,12:24,15:49,18:26,19:50
Duhok,22-Mar,4:43,6:13,12:23,15:49,18:27,19:51
Duhok,23-Mar,4:42,6:12,12:23,15:49,18:27,19:51
Duhok,24-Mar,4:40,6:10,12:22,15:50,18:28,19:52
Duhok,25-Mar,4:39,6:09,12:22,15:50,18:29,19:53
Duhok,26-Mar,4:37,6:07,12:22,15:50,18:30,19:54
Duhok,27-Mar,4:35,6:06,12:22,15:51,18:31,19:55
Duhok,28-Mar,4:34,6:05,12:21,15:51,18:32,19:56
Duhok,29-Mar,4:32,6:03,12:21,15:51,18:33,19:57
Duhok,30-Mar,4:31,6:02,12:21,15:51,18:34,19:58
Duhok,31-Mar,4:29,6:00,12:20,15:52,18:35,19:59
Duhok,1-Apr,4:28,5:58,12:20,15:52,18:35,19:59
Duhok,2-Apr,4:26,5:57,12:20,15:52,18:36,20:00
Duhok,3-Apr,4:25,5:55,12:19,15:52,18:37,20:01
Duhok,4-Apr,4:23,5:54,12:19,15:52,18:38,20:02
Duhok,5-Apr,4:21,5:52,12:19,15:52,18:39,20:03
Duhok,6-Apr,4:20,5:51,12:18,15:53,18:39,20:03
Duhok,7-Apr,4:18,5:50,12:18,15:53,18:40,20:04
Duhok,8-Apr,4:17,5:48,12:18,15:53,18:41,20:05
Duhok,9-Apr,4:15,5:47,12:17,15:53,18:42,20:07
Duhok,10-Apr,4:14,5:46,12:17,15:53,18:43,20:08
Duhok,11-Apr,4:12,5:44,12:17,15:54,18:43,20:08
Duhok,12-Apr,4:10,5:43,12:17,15:54,18:44,20:09
Duhok,13-Apr,4:09,5:42,12:16,15:54,18:45,20:10
Duhok,14-Apr,4:07,5:40,12:16,15:54,18:46,20:11
Duhok,15-Apr,4:06,5:39,12:16,15:54,18:47,20:12
Duhok,16-Apr,4:04,5:38,12:16,15:54,18:47,20:12
Duhok,17-Apr,4:03,5:37,12:15,15:55,18:48,20:13
Duhok,18-Apr,4:01,5:35,12:15,15:55,18:49,20:14
Duhok,19-Apr,4:00,5:34,12:15,15:55,18:50,20:15
Duhok,20-Apr,3:58,5:33,12:15,15:55,18:51,20:16
Duhok,21-Apr,3:57,5:32,12:14,15:55,18:52,20:17
Duhok,22-Apr,3:55,5:30,12:14,15:55,18:53,20:18
Duhok,23-Apr,3:54,5:29,12:14,15:55,18:54,20:19
Duhok,24-Apr,3:52,5:28,12:14,15:56,18:55,20:20
Duhok,25-Apr,3:51,5:27,12:14,15:56,18:56,20:21
Duhok,26-Apr,3:49,5:26,12:13,15:56,18:57,20:22
Duhok,27-Apr,3:48,5:25,12:13,15:56,18:58,20:23
Duhok,28-Apr,3:47,5:24,12:13,15:56,18:59,20:24
Duhok,29-Apr,3:45,5:22,12:13,15:56,19:00,20:25
Duhok,30-Apr,3:44,5:21,12:13,15:56,19:00,20:25
Duhok,1-May,3:42,5:20,12:12,15:57,19:01,20:27
Duhok,2-May,3:41,5:19,12:12,15:57,19:02,20:28
Duhok,3-May,3:40,5:18,12:12,15:57,19:03,20:29
Duhok,4-May,3:38,5:17,12:12,15:57,19:04,20:30
Duhok,5-May,3:37,5:16,12:12,15:57,19:04,20:30
Duhok,6-May,3:36,5:15,12:12,15:57,19:05,20:31
Duhok,7-May,3:34,5:14,12:12,15:57,19:06,20:32
Duhok,8-May,3:33,5:14,12:12,15:58,19:07,20:33
Duhok,9-May,3:32,5:13,12:12,15:58,19:07,20:33
Duhok,10-May,3:31,5:12,12:12,15:58,19:08,20:34
Duhok,11-May,3:30,5:11,12:12,15:58,19:09,20:35
Duhok,12-May,3:28,5:10,12:12,15:58,19:10,20:36
Duhok,13-May,3:27,5:09,12:12,15:58,19:10,20:36
Duhok,14-May,3:26,5:09,12:12,15:59,19:11,20:37
Duhok,15-May,3:25,5:08,12:12,15:59,19:12,20:38
Duhok,16-May,3:24,5:07,12:12,15:59,19:13,20:39
Duhok,17-May,3:23,5:07,12:12,15:59,19:13,20:39
Duhok,18-May,3:22,5:06,12:12,15:59,19:14,20:40
Duhok,19-May,3:21,5:05,12:12,15:59,19:15,20:41
Duhok,20-May,3:20,5:05,12:12,16:00,19:16,20:42
Duhok,21-May,3:19,5:04,12:13,16:00,19:16,20:42
Duhok,22-May,3:18,5:03,12:13,16:00,19:17,20:43
Duhok,23-May,3:17,5:03,12:13,16:00,19:18,20:45
Duhok,24-May,3:16,5:02,12:13,16:00,19:19,20:46
Duhok,25-May,3:16,5:02,12:13,16:01,19:19,20:46
Duhok,26-May,3:15,5:01,12:13,16:01,19:20,20:47
Duhok,27-May,3:14,5:01,12:13,16:01,19:21,20:48
Duhok,28-May,3:13,5:01,12:13,16:01,19:22,20:49
Duhok,29-May,3:13,5:00,12:14,16:01,19:22,20:49
Duhok,30-May,3:12,5:00,12:14,16:02,19:23,20:50
Duhok,31-May,3:11,4:59,12:14,16:02,19:24,20:51
Duhok,1-Jun,3:11,4:59,12:14,16:02,19:25,20:52
Duhok,2-Jun,3:10,4:59,12:14,16:02,19:25,20:52
Duhok,3-Jun,3:10,4:59,12:14,16:03,19:26,20:53
Duhok,4-Jun,3:09,4:58,12:14,16:03,19:27,20:54
Duhok,5-Jun,3:09,4:58,12:15,16:03,19:28,20:55
Duhok,6-Jun,3:08,4:58,12:15,16:03,19:28,20:55
Duhok,7-Jun,3:08,4:58,12:15,16:03,19:29,20:56
Duhok,8-Jun,3:07,4:58,12:15,16:04,19:30,20:57
Duhok,9-Jun,3:07,4:58,12:15,16:04,19:30,20:57
Duhok,10-Jun,3:07,4:57,12:16,16:04,19:31,20:58
Duhok,11-Jun,3:07,4:57,12:16,16:04,19:31,20:58
Duhok,12-Jun,3:07,4:57,12:16,16:05,19:32,20:59
Duhok,13-Jun,3:07,4:57,12:16,16:05,19:32,20:59
Duhok,14-Jun,3:07,4:57,12:16,16:05,19:32,20:59
Duhok,15-Jun,3:07,4:57,12:17,16:05,19:33,21:00
Duhok,16-Jun,3:07,4:57,12:17,16:05,19:33,21:00
Duhok,17-Jun,3:07,4:58,12:17,16:06,19:33,21:00
Duhok,18-Jun,3:07,4:58,12:17,16:06,19:33,21:00
Duhok,19-Jun,3:07,4:58,12:17,16:06,19:34,21:01
Duhok,20-Jun,3:07,4:58,12:18,16:06,19:34,21:01
Duhok,21-Jun,3:07,4:58,12:18,16:07,19:34,21:01
Duhok,22-Jun,3:07,4:58,12:18,16:07,19:34,21:01
Duhok,23-Jun,3:07,4:59,12:18,16:07,19:34,21:01
Duhok,24-Jun,3:08,4:59,12:18,16:07,19:35,21:02
Duhok,25-Jun,3:08,4:59,12:19,16:07,19:35,21:02
Duhok,26-Jun,3:08,4:59,12:19,16:07,19:35,21:02
Duhok,27-Jun,3:09,5:00,12:19,16:08,19:35,21:02
Duhok,28-Jun,3:09,5:00,12:19,16:08,19:35,21:02
Duhok,29-Jun,3:10,5:00,12:19,16:08,19:35,21:02
Duhok,30-Jun,3:10,5:01,12:20,16:08,19:35,21:02
Duhok,1-Jul,3:11,5:01,12:20,16:08,19:35,21:02
Duhok,2-Jul,3:11,5:02,12:20,16:08,19:35,21:02
Duhok,3-Jul,3:12,5:02,12:20,16:09,19:34,21:01
Duhok,4-Jul,3:12,5:02,12:20,16:09,19:34,21:01
Duhok,5-Jul,3:13,5:03,12:20,16:09,19:34,21:01
Duhok,6-Jul,3:14,5:03,12:21,16:09,19:34,21:01
Duhok,7-Jul,3:14,5:04,12:21,16:09,19:34,21:01
Duhok,8-Jul,3:15,5:04,12:21,16:09,19:33,21:00
Duhok,9-Jul,3:16,5:05,12:21,16:09,19:33,21:00
Duhok,10-Jul,3:17,5:05,12:21,16:09,19:33,21:00
Duhok,11-Jul,3:17,5:06,12:21,16:09,19:33,21:00
Duhok,12-Jul,3:18,5:07,12:21,16:09,19:32,20:59
Duhok,13-Jul,3:19,5:07,12:21,16:09,19:32,20:59
Duhok,14-Jul,3:20,5:08,12:22,16:10,19:32,20:59
Duhok,15-Jul,3:21,5:08,12:22,16:10,19:31,20:58
Duhok,16-Jul,3:22,5:09,12:22,16:10,19:31,20:58
Duhok,17-Jul,3:23,5:10,12:22,16:10,19:31,20:58
Duhok,18-Jul,3:24,5:10,12:22,16:10,19:30,20:57
Duhok,19-Jul,3:25,5:11,12:22,16:10,19:30,20:57
Duhok,20-Jul,3:26,5:12,12:22,16:09,19:29,20:55
Duhok,21-Jul,3:27,5:12,12:22,16:09,19:29,20:55
Duhok,22-Jul,3:28,5:13,12:22,16:09,19:28,20:54
Duhok,23-Jul,3:29,5:14,12:22,16:09,19:27,20:53
Duhok,24-Jul,3:30,5:14,12:22,16:09,19:27,20:53
Duhok,25-Jul,3:31,5:15,12:22,16:09,19:26,20:52
Duhok,26-Jul,3:32,5:16,12:22,16:09,19:25,20:51
Duhok,27-Jul,3:33,5:16,12:22,16:09,19:25,20:51
Duhok,28-Jul,3:34,5:17,12:22,16:09,19:24,20:50
Duhok,29-Jul,3:35,5:18,12:22,16:08,19:23,20:49
Duhok,30-Jul,3:36,5:19,12:22,16:08,19:23,20:49
Duhok,31-Jul,3:37,5:19,12:22,16:08,19:22,20:48
Duhok,1-Aug,3:38,5:20,12:22,16:08,19:21,20:47
Duhok,2-Aug,3:39,5:21,12:22,16:08,19:20,20:46
Duhok,3-Aug,3:40,5:21,12:22,16:07,19:19,20:45
Duhok,4-Aug,3:41,5:22,12:22,16:07,19:18,20:44
Duhok,5-Aug,3:42,5:23,12:22,16:07,19:17,20:43
Duhok,6-Aug,3:44,5:24,12:22,16:07,19:16,20:42
Duhok,7-Aug,3:45,5:25,12:22,16:06,19:15,20:41
Duhok,8-Aug,3:46,5:25,12:21,16:06,19:13,20:39
Duhok,9-Aug,3:47,5:26,12:21,16:06,19:12,20:38
Duhok,10-Aug,3:48,5:27,12:21,16:05,19:11,20:37
Duhok,11-Aug,3:49,5:28,12:21,16:05,19:10,20:35
Duhok,12-Aug,3:50,5:28,12:21,16:04,19:09,20:34
Duhok,13-Aug,3:51,5:29,12:21,16:04,19:08,20:33
Duhok,14-Aug,3:52,5:30,12:21,16:04,19:06,20:31
Duhok,15-Aug,3:53,5:31,12:20,16:03,19:05,20:30
Duhok,16-Aug,3:54,5:31,12:20,16:03,19:04,20:29
Duhok,17-Aug,3:56,5:32,12:20,16:02,19:02,20:27
Duhok,18-Aug,3:57,5:33,12:20,16:02,19:01,20:26
Duhok,19-Aug,3:58,5:34,12:20,16:01,19:00,20:25
Duhok,20-Aug,3:59,5:34,12:19,16:01,18:58,20:23
Duhok,21-Aug,4:00,5:35,12:19,16:00,18:57,20:22
Duhok,22-Aug,4:01,5:36,12:19,15:59,18:56,20:21
Duhok,23-Aug,4:02,5:37,12:19,15:59,18:54,20:19
Duhok,24-Aug,4:03,5:37,12:18,15:58,18:53,20:18
Duhok,25-Aug,4:04,5:38,12:18,15:58,18:52,20:17
Duhok,26-Aug,4:05,5:39,12:18,15:57,18:51,20:16
Duhok,27-Aug,4:06,5:40,12:18,15:56,18:49,20:14
Duhok,28-Aug,4:07,5:40,12:17,15:56,18:48,20:13
Duhok,29-Aug,4:08,5:41,12:17,15:55,18:46,20:11
Duhok,30-Aug,4:09,5:42,12:17,15:54,18:45,20:10
Duhok,31-Aug,4:10,5:43,12:17,15:53,18:43,20:08
Duhok,1-Sep,4:11,5:43,12:16,15:53,18:42,20:07
Duhok,2-Sep,4:12,5:44,12:16,15:52,18:41,20:05
Duhok,3-Sep,4:13,5:45,12:16,15:51,18:39,20:03
Duhok,4-Sep,4:14,5:45,12:15,15:50,18:38,20:02
Duhok,5-Sep,4:15,5:46,12:15,15:50,18:36,20:00
Duhok,6-Sep,4:15,5:47,12:15,15:49,18:35,19:59
Duhok,7-Sep,4:16,5:48,12:14,15:48,18:33,19:57
Duhok,8-Sep,4:17,5:48,12:14,15:47,18:32,19:56
Duhok,9-Sep,4:18,5:49,12:14,15:46,18:30,19:54
Duhok,10-Sep,4:19,5:50,12:13,15:45,18:29,19:53
Duhok,11-Sep,4:20,5:51,12:13,15:45,18:27,19:51
Duhok,12-Sep,4:21,5:51,12:13,15:44,18:26,19:50
Duhok,13-Sep,4:22,5:52,12:12,15:43,18:24,19:48
Duhok,14-Sep,4:23,5:53,12:12,15:42,18:23,19:47
Duhok,15-Sep,4:23,5:53,12:12,15:41,18:21,19:45
Duhok,16-Sep,4:24,5:54,12:11,15:40,18:20,19:44
Duhok,17-Sep,4:25,5:55,12:11,15:39,18:19,19:43
Duhok,18-Sep,4:26,5:55,12:10,15:38,18:17,19:41
Duhok,19-Sep,4:27,5:56,12:10,15:37,18:16,19:40
Duhok,20-Sep,4:28,5:57,12:10,15:36,18:14,19:38
Duhok,21-Sep,4:29,5:58,12:09,15:35,18:13,19:37
Duhok,22-Sep,4:30,5:58,12:09,15:34,18:11,19:35
Duhok,23-Sep,4:31,5:59,12:09,15:33,18:10,19:34
Duhok,24-Sep,4:32,6:00,12:08,15:32,18:08,19:32
Duhok,25-Sep,4:33,6:00,12:08,15:31,18:07,19:30
Duhok,26-Sep,4:33,6:01,12:08,15:30,18:05,19:28
Duhok,27-Sep,4:34,6:02,12:07,15:29,18:04,19:27
Duhok,28-Sep,4:35,6:03,12:07,15:28,18:02,19:25
Duhok,29-Sep,4:36,6:03,12:06,15:27,18:01,19:24
Duhok,30-Sep,4:37,6:04,12:06,15:26,17:59,19:22
Duhok,1-Oct,4:37,6:05,12:06,15:25,17:58,19:21
Duhok,2-Oct,4:38,6:06,12:05,15:24,17:56,19:19
Duhok,3-Oct,4:39,6:06,12:05,15:23,17:55,19:18
Duhok,4-Oct,4:40,6:07,12:05,15:22,17:53,19:16
Duhok,5-Oct,4:40,6:08,12:04,15:21,17:52,19:15
Duhok,6-Oct,4:41,6:09,12:04,15:20,17:50,19:13
Duhok,7-Oct,4:42,6:09,12:04,15:19,17:49,19:12
Duhok,8-Oct,4:43,6:10,12:03,15:17,17:47,19:10
Duhok,9-Oct,4:43,6:11,12:03,15:16,17:46,19:09
Duhok,10-Oct,4:44,6:12,12:03,15:15,17:45,19:08
Duhok,11-Oct,4:45,6:12,12:03,15:14,17:44,19:07
Duhok,12-Oct,4:46,6:13,12:02,15:13,17:43,19:06
Duhok,13-Oct,4:46,6:14,12:02,15:12,17:41,19:04
Duhok,14-Oct,4:47,6:15,12:02,15:11,17:40,19:03
Duhok,15-Oct,4:48,6:16,12:02,15:10,17:39,19:02
Duhok,16-Oct,4:49,6:17,12:01,15:09,17:38,19:00
Duhok,17-Oct,4:50,6:17,12:01,15:08,17:36,18:58
Duhok,18-Oct,4:50,6:18,12:01,15:07,17:35,18:57
Duhok,19-Oct,4:51,6:19,12:01,15:06,17:34,18:56
Duhok,20-Oct,4:52,6:20,12:01,15:05,17:33,18:55
Duhok,21-Oct,4:53,6:21,12:00,15:04,17:31,18:53
Duhok,22-Oct,4:54,6:22,12:00,15:03,17:30,18:52
Duhok,23-Oct,4:54,6:23,12:00,15:02,17:29,18:51
Duhok,24-Oct,4:55,6:23,12:00,15:01,17:28,18:50
Duhok,25-Oct,4:56,6:24,12:00,15:01,17:26,18:48
Duhok,26-Oct,4:57,6:25,12:00,15:00,17:25,18:47
Duhok,27-Oct,4:58,6:26,12:00,14:59,17:24,18:46
Duhok,28-Oct,4:58,6:27,12:00,14:58,17:23,18:45
Duhok,29-Oct,4:59,6:28,11:59,14:57,17:21,18:43
Duhok,30-Oct,5:00,6:29,11:59,14:56,17:20,18:42
Duhok,31-Oct,5:01,6:30,11:59,14:55,17:19,18:41
Duhok,1-Nov,5:02,6:31,11:59,14:55,17:18,18:40
Duhok,2-Nov,5:02,6:32,11:59,14:54,17:17,18:39
Duhok,3-Nov,5:03,6:33,11:59,14:53,17:16,18:38
Duhok,4-Nov,5:04,6:34,11:59,14:52,17:15,18:37
Duhok,5-Nov,5:05,6:35,11:59,14:52,17:14,18:36
Duhok,6-Nov,5:06,6:36,11:59,14:51,17:13,18:35
Duhok,7-Nov,5:07,6:37,12:00,14:50,17:12,18:33
Duhok,8-Nov,5:08,6:38,12:00,14:49,17:11,18:32
Duhok,9-Nov,5:08,6:39,12:00,14:49,17:10,18:31
Duhok,10-Nov,5:09,6:40,12:00,14:48,17:09,18:30
Duhok,11-Nov,5:10,6:41,12:00,14:48,17:08,18:29
Duhok,12-Nov,5:11,6:42,12:00,14:47,17:07,18:28
Duhok,13-Nov,5:12,6:43,12:00,14:46,17:06,18:27
Duhok,14-Nov,5:13,6:44,12:00,14:46,17:05,18:26
Duhok,15-Nov,5:14,6:45,12:01,14:45,17:04,18:25
Duhok,16-Nov,5:14,6:46,12:01,14:45,17:04,18:25
Duhok,17-Nov,5:15,6:47,12:01,14:44,17:03,18:24
Duhok,18-Nov,5:16,6:48,12:01,14:44,17:03,18:24
Duhok,19-Nov,5:17,6:49,12:01,14:44,17:02,18:23
Duhok,20-Nov,5:18,6:50,12:02,14:43,17:02,18:23
Duhok,21-Nov,5:19,6:51,12:02,14:43,17:01,18:22
Duhok,22-Nov,5:20,6:52,12:02,14:43,17:01,18:22
Duhok,23-Nov,5:20,6:53,12:03,14:42,17:00,18:21
Duhok,24-Nov,5:21,6:54,12:03,14:42,17:00,18:21
Duhok,25-Nov,5:22,6:55,12:03,14:42,16:59,18:20
Duhok,26-Nov,5:23,6:55,12:04,14:41,16:59,18:20
Duhok,27-Nov,5:24,6:56,12:04,14:41,16:58,18:19
Duhok,28-Nov,5:25,6:57,12:04,14:41,16:58,18:19
Duhok,29-Nov,5:25,6:58,12:05,14:41,16:57,18:17
Duhok,30-Nov,5:26,6:59,12:05,14:41,16:57,18:17
Duhok,1-Dec,5:27,7:00,12:05,14:41,16:56,18:16
Duhok,2-Dec,5:28,7:01,12:06,14:41,16:56,18:16
Duhok,3-Dec,5:29,7:02,12:06,14:41,16:56,18:16
Duhok,4-Dec,5:29,7:03,12:07,14:41,16:56,18:16
Duhok,5-Dec,5:30,7:04,12:07,14:41,16:56,18:16
Duhok,6-Dec,5:31,7:05,12:07,14:41,16:56,18:16
Duhok,7-Dec,5:32,7:05,12:08,14:41,16:56,18:16
Duhok,8-Dec,5:32,7:06,12:08,14:41,16:56,18:16
Duhok,9-Dec,5:33,7:07,12:09,14:41,16:57,18:17
Duhok,10-Dec,5:34,7:08,12:09,14:41,16:57,18:17
Duhok,11-Dec,5:34,7:09,12:10,14:41,16:57,18:17
Duhok,12-Dec,5:35,7:09,12:10,14:42,16:57,18:17
Duhok,13-Dec,5:36,7:10,12:11,14:42,16:57,18:17
Duhok,14-Dec,5:36,7:11,12:11,14:42,16:57,18:17
Duhok,15-Dec,5:37,7:11,12:11,14:43,16:57,18:17
Duhok,16-Dec,5:38,7:12,12:12,14:43,16:58,18:18
Duhok,17-Dec,5:38,7:13,12:12,14:43,16:58,18:18
Duhok,18-Dec,5:39,7:13,12:13,14:44,16:59,18:19
Duhok,19-Dec,5:39,7:14,12:13,14:44,16:59,18:19
Duhok,20-Dec,5:40,7:14,12:14,14:44,17:00,18:20
Duhok,21-Dec,5:40,7:15,12:14,14:45,17:00,18:20
Duhok,22-Dec,5:41,7:15,12:15,14:45,17:01,18:21
Duhok,23-Dec,5:41,7:16,12:15,14:46,17:01,18:21
Duhok,24-Dec,5:42,7:16,12:16,14:46,17:02,18:22
Duhok,25-Dec,5:42,7:17,12:16,14:47,17:02,18:22
Duhok,26-Dec,5:43,7:17,12:17,14:48,17:03,18:23
Duhok,27-Dec,5:43,7:17,12:17,14:48,17:03,18:23
Duhok,28-Dec,5:43,7:18,12:18,14:49,17:04,18:24
Duhok,29-Dec,5:44,7:18,12:18,14:49,17:04,18:24
Duhok,30-Dec,5:44,7:18,12:19,14:50,17:05,18:25
Duhok,31-Dec,5:44,7:18,12:19,14:51,17:05,18:25
Zakho,1-Jan,5:46,7:20,12:21,14:53,17:07,18:27
Zakho,2-Jan,5:46,7:20,12:21,14:53,17:08,18:28
Zakho,3-Jan,5:46,7:20,12:22,14:54,17:08,18:28
Zakho,4-Jan,5:46,7:20,12:22,14:55,17:09,18:29
Zakho,5-Jan,5:46,7:20,12:22,14:56,17:10,18:30
Zakho,6-Jan,5:46,7:21,12:23,14:56,17:11,18:31
Zakho,7-Jan,5:47,7:21,12:23,14:57,17:12,18:32
Zakho,8-Jan,5:47,7:21,12:24,14:58,17:13,18:33
Zakho,9-Jan,5:47,7:21,12:24,14:59,17:14,18:34
Zakho,10-Jan,5:47,7:21,12:24,15:00,17:15,18:35
Zakho,11-Jan,5:47,7:21,12:25,15:00,17:16,18:36
Zakho,12-Jan,5:47,7:21,12:25,15:01,17:17,18:38
Zakho,13-Jan,5:47,7:20,12:26,15:02,17:18,18:39
Zakho,14-Jan,5:46,7:20,12:26,15:03,17:19,18:40
Zakho,15-Jan,5:46,7:20,12:26,15:04,17:20,18:41
Zakho,16-Jan,5:46,7:20,12:27,15:05,17:21,18:42
Zakho,17-Jan,5:46,7:19,12:27,15:06,17:22,18:43
Zakho,18-Jan,5:46,7:19,12:27,15:07,17:23,18:44
Zakho,19-Jan,5:46,7:19,12:28,15:07,17:24,18:45
Zakho,20-Jan,5:45,7:18,12:28,15:08,17:26,18:47
Zakho,21-Jan,5:45,7:18,12:28,15:09,17:27,18:48
Zakho,22-Jan,5:45,7:17,12:28,15:10,17:28,18:49
Zakho,23-Jan,5:44,7:17,12:29,15:11,17:29,18:50
Zakho,24-Jan,5:44,7:16,12:29,15:12,17:30,18:51
Zakho,25-Jan,5:44,7:16,12:29,15:13,17:32,18:53
Zakho,26-Jan,5:43,7:15,12:29,15:14,17:33,18:54
Zakho,27-Jan,5:43,7:15,12:30,15:15,17:34,18:55
Zakho,28-Jan,5:42,7:14,12:30,15:16,17:35,18:56
Zakho,29-Jan,5:42,7:13,12:30,15:17,17:36,18:57
Zakho,30-Jan,5:41,7:13,12:30,15:17,17:37,18:58
Zakho,31-Jan,5:41,7:12,12:30,15:18,17:38,18:59
Zakho,1-Feb,5:40,7:11,12:30,15:19,17:39,19:00
Zakho,2-Feb,5:40,7:11,12:31,15:20,17:40,19:01
Zakho,3-Feb,5:39,7:10,12:31,15:21,17:41,19:03
Zakho,4-Feb,5:38,7:09,12:31,15:22,17:42,19:04
Zakho,5-Feb,5:38,7:08,12:31,15:23,17:43,19:05
Zakho,6-Feb,5:37,7:07,12:31,15:24,17:44,19:06
Zakho,7-Feb,5:36,7:07,12:31,15:25,17:46,19:08
Zakho,8-Feb,5:35,7:06,12:31,15:25,17:47,19:09
Zakho,9-Feb,5:35,7:06,12:31,15:26,17:48,19:10
Zakho,10-Feb,5:34,7:05,12:31,15:27,17:49,19:11
Zakho,11-Feb,5:33,7:04,12:31,15:28,17:50,19:12
Zakho,12-Feb,5:32,7:03,12:31,15:29,17:51,19:13
Zakho,13-Feb,5:31,7:02,12:31,15:29,17:53,19:15
Zakho,14-Feb,5:30,7:01,12:31,15:30,17:54,19:16
Zakho,15-Feb,5:29,7:00,12:31,15:31,17:55,19:17
Zakho,16-Feb,5:28,6:59,12:31,15:32,17:56,19:18
Zakho,17-Feb,5:27,6:58,12:31,15:33,17:57,19:19
Zakho,18-Feb,5:26,6:57,12:31,15:33,17:58,19:20
Zakho,19-Feb,5:25,6:55,12:31,15:34,17:59,19:21
Zakho,20-Feb,5:24,6:54,12:31,15:35,18:00,19:22
Zakho,21-Feb,5:23,6:53,12:31,15:35,18:01,19:23
Zakho,22-Feb,5:22,6:52,12:31,15:36,18:02,19:24
Zakho,23-Feb,5:21,6:51,12:31,15:37,18:03,19:25
Zakho,24-Feb,5:20,6:50,12:31,15:37,18:04,19:26
Zakho,25-Feb,5:19,6:49,12:30,15:38,18:05,19:28
Zakho,26-Feb,5:18,6:47,12:30,15:39,18:06,19:29
Zakho,27-Feb,5:17,6:46,12:30,15:39,18:07,19:30
Zakho,28-Feb,5:16,6:45,12:30,15:40,18:08,19:31
Zakho,1-Mar,5:14,6:44,12:30,15:41,18:09,19:32
Zakho,2-Mar,5:13,6:42,12:30,15:41,18:10,19:33
Zakho,3-Mar,5:12,6:41,12:29,15:42,18:11,19:34
Zakho,4-Mar,5:10,6:40,12:29,15:42,18:12,19:35
Zakho,5-Mar,5:09,6:38,12:29,15:43,18:13,19:36
Zakho,6-Mar,5:08,6:37,12:29,15:43,18:14,19:37
Zakho,7-Mar,5:06,6:36,12:28,15:44,18:14,19:37
Zakho,8-Mar,5:05,6:34,12:28,15:44,18:15,19:38
Zakho,9-Mar,5:04,6:33,12:28,15:45,18:16,19:39
Zakho,10-Mar,5:02,6:32,12:28,15:45,18:17,19:40
Zakho,11-Mar,5:01,6:30,12:27,15:46,18:18,19:41
Zakho,12-Mar,5:00,6:28,12:27,15:46,18:19,19:42
Zakho,13-Mar,4:58,6:27,12:27,15:47,18:20,19:43
Zakho,14-Mar,4:57,6:26,12:27,15:47,18:21,19:44
Zakho,15-Mar,4:55,6:24,12:26,15:48,18:22,19:45
Zakho,16-Mar,4:54,6:23,12:26,15:48,18:23,19:46
Zakho,17-Mar,4:53,6:21,12:26,15:48,18:24,19:47
Zakho,18-Mar,4:51,6:20,12:25,15:49,18:24,19:48
Zakho,19-Mar,4:50,6:18,12:25,15:49,18:25,19:49
Zakho,20-Mar,4:48,6:17,12:25,15:49,18:26,19:50
Zakho,21-Mar,4:46,6:16,12:25,15:50,18:27,19:51
Zakho,22-Mar,4:44,6:14,12:24,15:50,18:28,19:52
Zakho,23-Mar,4:43,6:13,12:24,15:50,18:28,19:52
Zakho,24-Mar,4:41,6:11,12:23,15:51,18:29,19:53
Zakho,25-Mar,4:40,6:10,12:23,15:51,18:30,19:54
Zakho,26-Mar,4:38,6:08,12:23,15:51,18:31,19:55
Zakho,27-Mar,4:36,6:07,12:23,15:52,18:32,19:56
Zakho,28-Mar,4:35,6:06,12:22,15:52,18:33,19:57
Zakho,29-Mar,4:33,6:04,12:22,15:52,18:34,19:58
Zakho,30-Mar,4:32,6:03,12:22,15:52,18:35,19:59
Zakho,31-Mar,4:30,6:01,12:21,15:53,18:36,20:00
Zakho,1-Apr,4:29,5:59,12:21,15:53,18:36,20:00
Zakho,2-Apr,4:27,5:58,12:21,15:53,18:37,20:01
Zakho,3-Apr,4:26,5:56,12:20,15:53,18:38,20:02
Zakho,4-Apr,4:24,5:55,12:20,15:53,18:39,20:03
Zakho,5-Apr,4:22,5:53,12:20,15:53,18:40,20:04
Zakho,6-Apr,4:21,5:52,12:19,15:54,18:40,20:04
Zakho,7-Apr,4:19,5:51,12:19,15:54,18:41,20:05
Zakho,8-Apr,4:18,5:49,12:19,15:54,18:42,20:06
Zakho,9-Apr,4:16,5:48,12:18,15:54,18:43,20:08
Zakho,10-Apr,4:15,5:47,12:18,15:54,18:44,20:09
Zakho,11-Apr,4:13,5:45,12:18,15:55,18:44,20:09
Zakho,12-Apr,4:11,5:44,12:18,15:55,18:45,20:10
Zakho,13-Apr,4:10,5:43,12:17,15:55,18:46,20:11
Zakho,14-Apr,4:08,5:41,12:17,15:55,18:47,20:12
Zakho,15-Apr,4:07,5:40,12:17,15:55,18:48,20:13
Zakho,16-Apr,4:05,5:39,12:17,15:55,18:48,20:13
Zakho,17-Apr,4:04,5:38,12:16,15:56,18:49,20:14
Zakho,18-Apr,4:02,5:36,12:16,15:56,18:50,20:15
Zakho,19-Apr,4:01,5:35,12:16,15:56,18:51,20:16
Zakho,20-Apr,3:59,5:34,12:16,15:56,18:52,20:17
Zakho,21-Apr,3:58,5:33,12:15,15:56,18:53,20:18
Zakho,22-Apr,3:56,5:31,12:15,15:56,18:54,20:19
Zakho,23-Apr,3:55,5:30,12:15,15:56,18:55,20:20
Zakho,24-Apr,3:53,5:29,12:15,15:57,18:56,20:21
Zakho,25-Apr,3:52,5:28,12:15,15:57,18:57,20:22
Zakho,26-Apr,3:50,5:27,12:14,15:57,18:58,20:23
Zakho,27-Apr,3:49,5:26,12:14,15:57,18:59,20:24
Zakho,28-Apr,3:48,5:25,12:14,15:57,19:00,20:25
Zakho,29-Apr,3:46,5:23,12:14,15:57,19:01,20:26
Zakho,30-Apr,3:45,5:22,12:14,15:57,19:01,20:26
Zakho,1-May,3:43,5:21,12:13,15:58,19:02,20:28
Zakho,2-May,3:42,5:20,12:13,15:58,19:03,20:29
Zakho,3-May,3:41,5:19,12:13,15:58,19:04,20:30
Zakho,4-May,3:39,5:18,12:13,15:58,19:05,20:31
Zakho,5-May,3:38,5:17,12:13,15:58,19:05,20:31
Zakho,6-May,3:37,5:16,12:13,15:58,19:06,20:32
Zakho,7-May,3:35,5:15,12:13,15:58,19:07,20:33
Zakho,8-May,3:34,5:15,12:13,15:59,19:08,20:34
Zakho,9-May,3:33,5:14,12:13,15:59,19:08,20:34
Zakho,10-May,3:32,5:13,12:13,15:59,19:09,20:35
Zakho,11-May,3:31,5:12,12:13,15:59,19:10,20:36
Zakho,12-May,3:29,5:11,12:13,15:59,19:11,20:37
Zakho,13-May,3:28,5:10,12:13,15:59,19:11,20:37
Zakho,14-May,3:27,5:10,12:13,16:00,19:12,20:38
Zakho,15-May,3:26,5:09,12:13,16:00,19:13,20:39
Zakho,16-May,3:25,5:08,12:13,16:00,19:14,20:40
Zakho,17-May,3:24,5:08,12:13,16:00,19:14,20:40
Zakho,18-May,3:23,5:07,12:13,16:00,19:15,20:41
Zakho,19-May,3:22,5:06,12:13,16:00,19:16,20:42
Zakho,20-May,3:21,5:06,12:13,16:01,19:17,20:43
Zakho,21-May,3:20,5:05,12:14,16:01,19:17,20:43
Zakho,22-May,3:19,5:04,12:14,16:01,19:18,20:44
Zakho,23-May,3:18,5:04,12:14,16:01,19:19,20:46
Zakho,24-May,3:17,5:03,12:14,16:01,19:20,20:47
Zakho,25-May,3:17,5:03,12:14,16:02,19:20,20:47
Zakho,26-May,3:16,5:02,12:14,16:02,19:21,20:48
Zakho,27-May,3:15,5:02,12:14,16:02,19:22,20:49
Zakho,28-May,3:14,5:02,12:14,16:02,19:23,20:50
Zakho,29-May,3:14,5:01,12:15,16:02,19:23,20:50
Zakho,30-May,3:13,5:01,12:15,16:03,19:24,20:51
Zakho,31-May,3:12,5:00,12:15,16:03,19:25,20:52
Zakho,1-Jun,3:12,5:00,12:15,16:03,19:26,20:53
Zakho,2-Jun,3:11,5:00,12:15,16:03,19:26,20:53
Zakho,3-Jun,3:11,5:00,12:15,16:04,19:27,20:54
Zakho,4-Jun,3:10,4:59,12:15,16:04,19:28,20:55
Zakho,5-Jun,3:10,4:59,12:16,16:04,19:29,20:56
Zakho,6-Jun,3:09,4:59,12:16,16:04,19:29,20:56
Zakho,7-Jun,3:09,4:59,12:16,16:04,19:30,20:57
Zakho,8-Jun,3:08,4:59,12:16,16:05,19:31,20:58
Zakho,9-Jun,3:08,4:59,12:16,16:05,19:31,20:58
Zakho,10-Jun,3:08,4:58,12:17,16:05,19:32,20:59
Zakho,11-Jun,3:08,4:58,12:17,16:05,19:32,20:59
Zakho,12-Jun,3:08,4:58,12:17,16:06,19:33,21:00
Zakho,13-Jun,3:08,4:58,12:17,16:06,19:33,21:00
Zakho,14-Jun,3:08,4:58,12:17,16:06,19:33,21:00
Zakho,15-Jun,3:08,4:58,12:18,16:06,19:34,21:01
Zakho,16-Jun,3:08,4:58,12:18,16:06,19:34,21:01
Zakho,17-Jun,3:08,4:59,12:18,16:07,19:34,21:01
Zakho,18-Jun,3:08,4:59,12:18,16:07,19:34,21:01
Zakho,19-Jun,3:08,4:59,12:18,16:07,19:35,21:02
Zakho,20-Jun,3:08,4:59,12:19,16:07,19:35,21:02
Zakho,21-Jun,3:08,4:59,12:19,16:08,19:35,21:02
Zakho,22-Jun,3:08,4:59,12:19,16:08,19:35,21:02
Zakho,23-Jun,3:08,5:00,12:19,16:08,19:35,21:02
Zakho,24-Jun,3:09,5:00,12:19,16:08,19:36,21:03
Zakho,25-Jun,3:09,5:00,12:20,16:08,19:36,21:03
Zakho,26-Jun,3:09,5:00,12:20,16:08,19:36,21:03
Zakho,27-Jun,3:10,5:01,12:20,16:09,19:36,21:03
Zakho,28-Jun,3:10,5:01,12:20,16:09,19:36,21:03
Zakho,29-Jun,3:11,5:01,12:20,16:09,19:36,21:03
Zakho,30-Jun,3:11,5:02,12:21,16:09,19:36,21:03
Zakho,1-Jul,3:12,5:02,12:21,16:09,19:36,21:03
Zakho,2-Jul,3:12,5:03,12:21,16:09,19:36,21:03
Zakho,3-Jul,3:13,5:03,12:21,16:10,19:35,21:02
Zakho,4-Jul,3:13,5:03,12:21,16:10,19:35,21:02
Zakho,5-Jul,3:14,5:04,12:21,16:10,19:35,21:02
Zakho,6-Jul,3:15,5:04,12:22,16:10,19:35,21:02
Zakho,7-Jul,3:15,5:05,12:22,16:10,19:35,21:02
Zakho,8-Jul,3:16,5:05,12:22,16:10,19:34,21:01
Zakho,9-Jul,3:17,5:06,12:22,16:10,19:34,21:01
Zakho,10-Jul,3:18,5:06,12:22,16:10,19:34,21:01
Zakho,11-Jul,3:18,5:07,12:22,16:10,19:34,21:01
Zakho,12-Jul,3:19,5:08,12:22,16:10,19:33,21:00
Zakho,13-Jul,3:20,5:08,12:22,16:10,19:33,21:00
Zakho,14-Jul,3:21,5:09,12:23,16:11,19:33,21:00
Zakho,15-Jul,3:22,5:09,12:23,16:11,19:32,20:59
Zakho,16-Jul,3:23,5:10,12:23,16:11,19:32,20:59
Zakho,17-Jul,3:24,5:11,12:23,16:11,19:32,20:59
Zakho,18-Jul,3:25,5:11,12:23,16:11,19:31,20:58
Zakho,19-Jul,3:26,5:12,12:23,16:11,19:31,20:58
Zakho,20-Jul,3:27,5:13,12:23,16:10,19:30,20:56
Zakho,21-Jul,3:28,5:13,12:23,16:10,19:30,20:56
Zakho,22-Jul,3:29,5:14,12:23,16:10,19:29,20:55
Zakho,23-Jul,3:30,5:15,12:23,16:10,19:28,20:54
Zakho,24-Jul,3:31,5:15,12:23,16:10,19:28,20:54
Zakho,25-Jul,3:32,5:16,12:23,16:10,19:27,20:53
Zakho,26-Jul,3:33,5:17,12:23,16:10,19:26,20:52
Zakho,27-Jul,3:34,5:17,12:23,16:10,19:26,20:52
Zakho,28-Jul,3:35,5:18,12:23,16:10,19:25,20:51
Zakho,29-Jul,3:36,5:19,12:23,16:09,19:24,20:50
Zakho,30-Jul,3:37,5:20,12:23,16:09,19:24,20:50
Zakho,31-Jul,3:38,5:20,12:23,16:09,19:23,20:49
Zakho,1-Aug,3:39,5:21,12:23,16:09,19:22,20:48
Zakho,2-Aug,3:40,5:22,12:23,16:09,19:21,20:47
Zakho,3-Aug,3:41,5:22,12:23,16:08,19:20,20:46
Zakho,4-Aug,3:42,5:23,12:23,16:08,19:19,20:45
Zakho,5-Aug,3:43,5:24,12:23,16:08,19:18,20:44
Zakho,6-Aug,3:45,5:25,12:23,16:08,19:17,20:43
Zakho,7-Aug,3:46,5:26,12:23,16:07,19:16,20:42
Zakho,8-Aug,3:47,5:26,12:22,16:07,19:14,20:40
Zakho,9-Aug,3:48,5:27,12:22,16:07,19:13,20:39
Zakho,10-Aug,3:49,5:28,12:22,16:06,19:12,20:38
Zakho,11-Aug,3:50,5:29,12:22,16:06,19:11,20:36
Zakho,12-Aug,3:51,5:29,12:22,16:05,19:10,20:35
Zakho,13-Aug,3:52,5:30,12:22,16:05,19:09,20:34
Zakho,14-Aug,3:53,5:31,12:22,16:05,19:07,20:32
Zakho,15-Aug,3:54,5:32,12:21,16:04,19:06,20:31
Zakho,16-Aug,3:55,5:32,12:21,16:04,19:05,20:30
Zakho,17-Aug,3:57,5:33,12:21,16:03,19:03,20:28
Zakho,18-Aug,3:58,5:34,12:21,16:03,19:02,20:27
Zakho,19-Aug,3:59,5:35,12:21,16:02,19:01,20:26
Zakho,20-Aug,4:00,5:35,12:20,16:02,18:59,20:24
Zakho,21-Aug,4:01,5:36,12:20,16:01,18:58,20:23
Zakho,22-Aug,4:02,5:37,12:20,16:00,18:57,20:22
Zakho,23-Aug,4:03,5:38,12:20,16:00,18:55,20:20
Zakho,24-Aug,4:04,5:38,12:19,15:59,18:54,20:19
Zakho,25-Aug,4:05,5:39,12:19,15:59,18:53,20:18
Zakho,26-Aug,4:06,5:40,12:19,15:58,18:52,20:17
Zakho,27-Aug,4:07,5:41,12:19,15:57,18:50,20:15
Zakho,28-Aug,4:08,5:41,12:18,15:57,18:49,20:14
Zakho,29-Aug,4:09,5:42,12:18,15:56,18:47,20:12
Zakho,30-Aug,4:10,5:43,12:18,15:55,18:46,20:11
Zakho,31-Aug,4:11,5:44,12:18,15:54,18:44,20:09
Zakho,1-Sep,4:12,5:44,12:17,15:54,18:43,20:08
Zakho,2-Sep,4:13,5:45,12:17,15:53,18:42,20:06
Zakho,3-Sep,4:14,5:46,12:17,15:52,18:40,20:04
Zakho,4-Sep,4:15,5:46,12:16,15:51,18:39,20:03
Zakho,5-Sep,4:16,5:47,12:16,15:51,18:37,20:01
Zakho,6-Sep,4:16,5:48,12:16,15:50,18:36,20:00
Zakho,7-Sep,4:17,5:49,12:15,15:49,18:34,19:58
Zakho,8-Sep,4:18,5:49,12:15,15:48,18:33,19:57
Zakho,9-Sep,4:19,5:50,12:15,15:47,18:31,19:55
Zakho,10-Sep,4:20,5:51,12:14,15:46,18:30,19:54
Zakho,11-Sep,4:21,5:52,12:14,15:46,18:28,19:52
Zakho,12-Sep,4:22,5:52,12:14,15:45,18:27,19:51
Zakho,13-Sep,4:23,5:53,12:13,15:44,18:25,19:49
Zakho,14-Sep,4:24,5:54,12:13,15:43,18:24,19:48
Zakho,15-Sep,4:24,5:54,12:13,15:42,18:22,19:46
Zakho,16-Sep,4:25,5:55,12:12,15:41,18:21,19:45
Zakho,17-Sep,4:26,5:56,12:12,15:40,18:20,19:44
Zakho,18-Sep,4:27,5:56,12:11,15:39,18:18,19:42
Zakho,19-Sep,4:28,5:57,12:11,15:38,18:17,19:41
Zakho,20-Sep,4:29,5:58,12:11,15:37,18:15,19:39
Zakho,21-Sep,4:30,5:59,12:10,15:36,18:14,19:38
Zakho,22-Sep,4:31,5:59,12:10,15:35,18:12,19:36
Zakho,23-Sep,4:32,6:00,12:10,15:34,18:11,19:35
Zakho,24-Sep,4:33,6:01,12:09,15:33,18:09,19:33
Zakho,25-Sep,4:34,6:01,12:09,15:32,18:08,19:31
Zakho,26-Sep,4:34,6:02,12:09,15:31,18:06,19:29
Zakho,27-Sep,4:35,6:03,12:08,15:30,18:05,19:28
Zakho,28-Sep,4:36,6:04,12:08,15:29,18:03,19:26
Zakho,29-Sep,4:37,6:04,12:07,15:28,18:02,19:25
Zakho,30-Sep,4:38,6:05,12:07,15:27,18:00,19:23
Zakho,1-Oct,4:38,6:06,12:07,15:26,17:59,19:22
Zakho,2-Oct,4:39,6:07,12:06,15:25,17:57,19:20
Zakho,3-Oct,4:40,6:07,12:06,15:24,17:56,19:19
Zakho,4-Oct,4:41,6:08,12:06,15:23,17:54,19:17
Zakho,5-Oct,4:41,6:09,12:05,15:22,17:53,19:16
Zakho,6-Oct,4:42,6:10,12:05,15:21,17:51,19:14
Zakho,7-Oct,4:43,6:10,12:05,15:20,17:50,19:13
Zakho,8-Oct,4:44,6:11,12:04,15:18,17:48,19:11
Zakho,9-Oct,4:44,6:12,12:04,15:17,17:47,19:10
Zakho,10-Oct,4:45,6:13,12:04,15:16,17:46,19:09
Zakho,11-Oct,4:46,6:13,12:04,15:15,17:45,19:08
Zakho,12-Oct,4:47,6:14,12:03,15:14,17:44,19:07
Zakho,13-Oct,4:47,6:15,12:03,15:13,17:42,19:05
Zakho,14-Oct,4:48,6:16,12:03,15:12,17:41,19:04
Zakho,15-Oct,4:49,6:17,12:03,15:11,17:40,19:03
Zakho,16-Oct,4:50,6:18,12:02,15:10,17:39,19:01
Zakho,17-Oct,4:51,6:18,12:02,15:09,17:37,18:59
Zakho,18-Oct,4:51,6:19,12:02,15:08,17:36,18:58
Zakho,19-Oct,4:52,6:20,12:02,15:07,17:35,18:57
Zakho,20-Oct,4:53,6:21,12:02,15:06,17:34,18:56
Zakho,21-Oct,4:54,6:22,12:01,15:05,17:32,18:54
Zakho,22-Oct,4:55,6:23,12:01,15:04,17:31,18:53
Zakho,23-Oct,4:55,6:24,12:01,15:03,17:30,18:52
Zakho,24-Oct,4:56,6:24,12:01,15:02,17:29,18:51
Zakho,25-Oct,4:57,6:25,12:01,15:02,17:27,18:49
Zakho,26-Oct,4:58,6:26,12:01,15:01,17:26,18:48
Zakho,27-Oct,4:59,6:27,12:01,15:00,17:25,18:47
Zakho,28-Oct,4:59,6:28,12:01,14:59,17:24,18:46
Zakho,29-Oct,5:00,6:29,12:00,14:58,17:22,18:44
Zakho,30-Oct,5:01,6:30,12:00,14:57,17:21,18:43
Zakho,31-Oct,5:02,6:31,12:00,14:56,17:20,18:42
Zakho,1-Nov,5:03,6:32,12:00,14:56,17:19,18:41
Zakho,2-Nov,5:03,6:33,12:00,14:55,17:18,18:40
Zakho,3-Nov,5:04,6:34,12:00,14:54,17:17,18:39
Zakho,4-Nov,5:05,6:35,12:00,14:53,17:16,18:38
Zakho,5-Nov,5:06,6:36,12:00,14:53,17:15,18:37
Zakho,6-Nov,5:07,6:37,12:00,14:52,17:14,18:36
Zakho,7-Nov,5:08,6:38,12:01,14:51,17:13,18:34
Zakho,8-Nov,5:09,6:39,12:01,14:50,17:12,18:33
Zakho,9-Nov,5:09,6:40,12:01,14:50,17:11,18:32
Zakho,10-Nov,5:10,6:41,12:01,14:49,17:10,18:31
Zakho,11-Nov,5:11,6:42,12:01,14:49,17:09,18:30
Zakho,12-Nov,5:12,6:43,12:01,14:48,17:08,18:29
Zakho,13-Nov,5:13,6:44,12:01,14:47,17:07,18:28
Zakho,14-Nov,5:14,6:45,12:01,14:47,17:06,18:27
Zakho,15-Nov,5:15,6:46,12:02,14:46,17:05,18:26
Zakho,16-Nov,5:15,6:47,12:02,14:46,17:05,18:26
Zakho,17-Nov,5:16,6:48,12:02,14:45,17:04,18:25
Zakho,18-Nov,5:17,6:49,12:02,14:45,17:04,18:25
Zakho,19-Nov,5:18,6:50,12:02,14:45,17:03,18:24
Zakho,20-Nov,5:19,6:51,12:03,14:44,17:03,18:24
Zakho,21-Nov,5:20,6:52,12:03,14:44,17:02,18:23
Zakho,22-Nov,5:21,6:53,12:03,14:44,17:02,18:23
Zakho,23-Nov,5:21,6:54,12:04,14:43,17:01,18:22
Zakho,24-Nov,5:22,6:55,12:04,14:43,17:01,18:22
Zakho,25-Nov,5:23,6:56,12:04,14:43,17:00,18:21
Zakho,26-Nov,5:24,6:56,12:05,14:42,17:00,18:21
Zakho,27-Nov,5:25,6:57,12:05,14:42,16:59,18:20
Zakho,28-Nov,5:26,6:58,12:05,14:42,16:59,18:20
Zakho,29-Nov,5:26,6:59,12:06,14:42,16:58,18:18
Zakho,30-Nov,5:27,7:00,12:06,14:42,16:58,18:18
Zakho,1-Dec,5:28,7:01,12:06,14:42,16:57,18:17
Zakho,2-Dec,5:29,7:02,12:07,14:42,16:57,18:17
Zakho,3-Dec,5:30,7:03,12:07,14:42,16:57,18:17
Zakho,4-Dec,5:30,7:04,12:08,14:42,16:57,18:17
Zakho,5-Dec,5:31,7:05,12:08,14:42,16:57,18:17
Zakho,6-Dec,5:32,7:06,12:08,14:42,16:57,18:17
Zakho,7-Dec,5:33,7:06,12:09,14:42,16:57,18:17
Zakho,8-Dec,5:33,7:07,12:09,14:42,16:57,18:17
Zakho,9-Dec,5:34,7:08,12:10,14:42,16:58,18:18
Zakho,10-Dec,5:35,7:09,12:10,14:42,16:58,18:18
Zakho,11-Dec,5:35,7:10,12:11,14:42,16:58,18:18
Zakho,12-Dec,5:36,7:10,12:11,14:43,16:58,18:18
Zakho,13-Dec,5:37,7:11,12:12,14:43,16:58,18:18
Zakho,14-Dec,5:37,7:12,12:12,14:43,16:58,18:18
Zakho,15-Dec,5:38,7:12,12:12,14:44,16:58,18:18
Zakho,16-Dec,5:39,7:13,12:13,14:44,16:59,18:19
Zakho,17-Dec,5:39,7:14,12:13,14:44,16:59,18:19
Zakho,18-Dec,5:40,7:14,12:14,14:45,17:00,18:20
Zakho,19-Dec,5:40,7:15,12:14,14:45,17:00,18:20
Zakho,20-Dec,5:41,7:15,12:15,14:45,17:01,18:21
Zakho,21-Dec,5:41,7:16,12:15,14:46,17:01,18:21
Zakho,22-Dec,5:42,7:16,12:16,14:46,17:02,18:22
Zakho,23-Dec,5:42,7:17,12:16,14:47,17:02,18:22
Zakho,24-Dec,5:43,7:17,12:17,14:47,17:03,18:23
Zakho,25-Dec,5:43,7:18,12:17,14:48,17:03,18:23
Zakho,26-Dec,5:44,7:18,12:18,14:49,17:04,18:24
Zakho,27-Dec,5:44,7:18,12:18,14:49,17:04,18:24
Zakho,28-Dec,5:44,7:19,12:19,14:50,17:05,18:25
Zakho,29-Dec,5:45,7:19,12:19,14:50,17:05,18:25
Zakho,30-Dec,5:45,7:19,12:20,14:51,17:06,18:26
Zakho,31-Dec,5:45,7:19,12:20,14:52,17:06,18:26
Akre,1-Jan,5:47,7:19,12:15,14:49,17:06,18:22
Akre,2-Jan,5:47,7:19,12:15,14:49,17:07,18:23
Akre,3-Jan,5:47,7:19,12:16,14:50,17:08,18:24
Akre,4-Jan,5:47,7:19,12:16,14:51,17:08,18:24
Akre,5-Jan,5:47,7:19,12:16,14:52,17:09,18:25
Akre,6-Jan,5:47,7:19,12:17,14:52,17:10,18:26
Akre,7-Jan,5:48,7:19,12:17,14:53,17:11,18:27
Akre,8-Jan,5:48,7:19,12:18,14:54,17:12,18:28
Akre,9-Jan,5:48,7:19,12:18,14:55,17:13,18:28
Akre,10-Jan,5:48,7:19,12:18,14:56,17:14,18:29
Akre,11-Jan,5:48,7:19,12:19,14:56,17:15,18:30
Akre,12-Jan,5:48,7:19,12:19,14:57,17:16,18:31
Akre,13-Jan,5:48,7:19,12:20,14:58,17:17,18:32
Akre,14-Jan,5:47,7:18,12:20,14:59,17:18,18:33
Akre,15-Jan,5:47,7:18,12:20,15:00,17:18,18:33
Akre,16-Jan,5:47,7:18,12:21,15:01,17:19,18:34
Akre,17-Jan,5:47,7:17,12:21,15:02,17:20,18:35
Akre,18-Jan,5:47,7:17,12:21,15:03,17:21,18:36
Akre,19-Jan,5:47,7:17,12:22,15:03,17:22,18:37
Akre,20-Jan,5:46,7:16,12:22,15:04,17:23,18:38
Akre,21-Jan,5:46,7:16,12:22,15:05,17:25,18:40
Akre,22-Jan,5:46,7:15,12:22,15:06,17:26,18:41
Akre,23-Jan,5:45,7:15,12:23,15:07,17:27,18:42
Akre,24-Jan,5:45,7:14,12:23,15:08,17:28,18:43
Akre,25-Jan,5:45,7:14,12:23,15:09,17:29,18:44
Akre,26-Jan,5:44,7:13,12:23,15:10,17:30,18:45
Akre,27-Jan,5:44,7:13,12:24,15:11,17:31,18:46
Akre,28-Jan,5:43,7:12,12:24,15:12,17:32,18:47
Akre,29-Jan,5:43,7:11,12:24,15:13,17:33,18:48
Akre,30-Jan,5:42,7:11,12:24,15:13,17:34,18:49
Akre,31-Jan,5:42,7:10,12:24,15:14,17:35,18:50
Akre,1-Feb,5:41,7:09,12:24,15:15,17:36,18:51
Akre,2-Feb,5:41,7:09,12:25,15:16,17:38,18:52
Akre,3-Feb,5:40,7:08,12:25,15:17,17:38,18:53
Akre,4-Feb,5:39,7:07,12:25,15:18,17:40,18:55
Akre,5-Feb,5:39,7:06,12:25,15:19,17:41,18:56
Akre,6-Feb,5:38,7:05,12:25,15:20,17:42,18:57
Akre,7-Feb,5:37,7:05,12:25,15:21,17:43,18:58
Akre,8-Feb,5:36,7:04,12:25,15:21,17:44,18:59
Akre,9-Feb,5:36,7:03,12:25,15:22,17:45,19:00
Akre,10-Feb,5:35,7:02,12:25,15:23,17:46,19:01
Akre,11-Feb,5:34,7:01,12:25,15:24,17:47,19:02
Akre,12-Feb,5:33,7:00,12:25,15:25,17:48,19:03
Akre,13-Feb,5:32,6:59,12:25,15:25,17:49,19:04
Akre,14-Feb,5:31,6:58,12:25,15:26,17:50,19:05
Akre,15-Feb,5:30,6:57,12:25,15:27,17:51,19:06
Akre,16-Feb,5:29,6:56,12:25,15:28,17:52,19:07
Akre,17-Feb,5:28,6:55,12:25,15:29,17:53,19:08
Akre,18-Feb,5:27,6:54,12:25,15:29,17:54,19:09
Akre,19-Feb,5:26,6:53,12:25,15:30,17:55,19:10
Akre,20-Feb,5:25,6:51,12:25,15:31,17:56,19:11
Akre,21-Feb,5:24,6:50,12:25,15:31,17:57,19:12
Akre,22-Feb,5:23,6:49,12:25,15:32,17:58,19:13
Akre,23-Feb,5:22,6:48,12:25,15:33,17:59,19:14
Akre,24-Feb,5:21,6:47,12:25,15:33,18:00,19:15
Akre,25-Feb,5:20,6:46,12:24,15:34,18:01,19:15
Akre,26-Feb,5:19,6:44,12:24,15:35,18:02,19:17
Akre,27-Feb,5:18,6:43,12:24,15:35,18:03,19:18
Akre,28-Feb,5:17,6:42,12:24,15:36,18:03,19:18
Akre,1-Mar,5:15,6:41,12:24,15:37,18:05,19:20
Akre,2-Mar,5:14,6:39,12:24,15:37,18:06,19:21
Akre,3-Mar,5:13,6:38,12:23,15:38,18:07,19:22
Akre,4-Mar,5:11,6:37,12:23,15:38,18:08,19:23
Akre,5-Mar,5:10,6:35,12:23,15:39,18:09,19:24
Akre,6-Mar,5:09,6:34,12:23,15:39,18:10,19:25
Akre,7-Mar,5:07,6:33,12:22,15:40,18:11,19:26
Akre,8-Mar,5:06,6:31,12:22,15:40,18:12,19:27
Akre,9-Mar,5:05,6:30,12:22,15:41,18:13,19:28
Akre,10-Mar,5:03,6:29,12:22,15:41,18:14,19:29
Akre,11-Mar,5:02,6:27,12:21,15:42,18:14,19:29
Akre,12-Mar,5:01,6:26,12:21,15:42,18:15,19:30
Akre,13-Mar,4:59,6:25,12:21,15:43,18:16,19:31
Akre,14-Mar,4:58,6:23,12:21,15:43,18:17,19:32
Akre,15-Mar,4:56,6:22,12:20,15:44,18:18,19:33
Akre,16-Mar,4:55,6:21,12:20,15:44,18:19,19:34
Akre,17-Mar,4:54,6:19,12:20,15:44,18:20,19:35
Akre,18-Mar,4:52,6:18,12:19,15:45,18:21,19:36
Akre,19-Mar,4:51,6:16,12:19,15:45,18:22,19:37
Akre,20-Mar,4:49,6:15,12:19,15:45,18:23,19:38
Akre,21-Mar,4:48,6:14,12:19,15:46,18:24,19:39
Akre,22-Mar,4:46,6:12,12:18,15:46,18:24,19:39
Akre,23-Mar,4:45,6:11,12:18,15:46,18:25,19:40
Akre,24-Mar,4:43,6:09,12:17,15:47,18:26,19:41
Akre,25-Mar,4:42,6:08,12:17,15:47,18:27,19:42
Akre,26-Mar,4:40,6:06,12:17,15:47,18:28,19:43
Akre,27-Mar,4:38,6:05,12:17,15:48,18:29,19:44
Akre,28-Mar,4:37,6:04,12:16,15:48,18:30,19:45
Akre,29-Mar,4:35,6:02,12:16,15:48,18:30,19:45
Akre,30-Mar,4:34,6:01,12:16,15:48,18:31,19:46
Akre,31-Mar,4:32,5:59,12:15,15:49,18:31,19:46
Akre,1-Apr,4:31,5:58,12:15,15:49,18:32,19:47
Akre,2-Apr,4:29,5:57,12:15,15:49,18:33,19:48
Akre,3-Apr,4:28,5:55,12:14,15:49,18:34,19:49
Akre,4-Apr,4:26,5:54,12:14,15:49,18:35,19:50
Akre,5-Apr,4:24,5:52,12:14,15:50,18:36,19:51
Akre,6-Apr,4:23,5:51,12:13,15:50,18:37,19:52
Akre,7-Apr,4:21,5:50,12:13,15:50,18:38,19:53
Akre,8-Apr,4:20,5:48,12:13,15:50,18:39,19:54
Akre,9-Apr,4:18,5:47,12:12,15:50,18:40,19:55
Akre,10-Apr,4:17,5:46,12:12,15:50,18:41,19:56
Akre,11-Apr,4:15,5:44,12:12,15:51,18:42,19:57
Akre,12-Apr,4:13,5:43,12:12,15:51,18:43,19:58
Akre,13-Apr,4:12,5:42,12:11,15:51,18:44,19:59
Akre,14-Apr,4:10,5:40,12:11,15:51,18:45,20:00
Akre,15-Apr,4:09,5:39,12:11,15:51,18:46,20:01
Akre,16-Apr,4:07,5:38,12:11,15:51,18:46,20:01
Akre,17-Apr,4:06,5:37,12:10,15:52,18:47,20:02
Akre,18-Apr,4:04,5:35,12:10,15:52,18:48,20:03
Akre,19-Apr,4:03,5:34,12:10,15:52,18:49,20:04
Akre,20-Apr,4:01,5:33,12:10,15:52,18:49,20:04
Akre,21-Apr,4:00,5:32,12:09,15:52,18:50,20:05
Akre,22-Apr,3:58,5:30,12:09,15:52,18:50,20:05
Akre,23-Apr,3:57,5:29,12:09,15:52,18:51,20:06
Akre,24-Apr,3:55,5:28,12:09,15:53,18:52,20:07
Akre,25-Apr,3:54,5:27,12:09,15:53,18:53,20:08
Akre,26-Apr,3:52,5:26,12:08,15:53,18:54,20:09
Akre,27-Apr,3:51,5:25,12:08,15:53,18:55,20:10
Akre,28-Apr,3:50,5:24,12:08,15:53,18:56,20:11
Akre,29-Apr,3:48,5:22,12:08,15:53,18:57,20:12
Akre,30-Apr,3:47,5:21,12:08,15:53,18:57,20:12
Akre,1-May,3:45,5:20,12:08,15:54,18:58,20:13
Akre,2-May,3:44,5:19,12:08,15:54,18:59,20:14
Akre,3-May,3:43,5:18,12:08,15:54,19:00,20:15
Akre,4-May,3:41,5:17,12:07,15:54,19:01,20:16
Akre,5-May,3:40,5:16,12:07,15:54,19:02,20:17
Akre,6-May,3:39,5:15,12:07,15:54,19:03,20:18
Akre,7-May,3:37,5:14,12:07,15:54,19:04,20:19
Akre,8-May,3:36,5:14,12:07,15:55,19:05,20:21
Akre,9-May,3:35,5:13,12:07,15:55,19:06,20:22
Akre,10-May,3:34,5:12,12:07,15:55,19:06,20:23
Akre,11-May,3:33,5:11,12:07,15:55,19:07,20:24
Akre,12-May,3:31,5:10,12:07,15:55,19:07,20:25
Akre,13-May,3:30,5:09,12:07,15:55,19:08,20:26
Akre,14-May,3:29,5:09,12:07,15:56,19:09,20:28
Akre,15-May,3:28,5:08,12:07,15:56,19:10,20:29
Akre,16-May,3:27,5:07,12:07,15:56,19:11,20:30
Akre,17-May,3:26,5:07,12:07,15:56,19:12,20:31
Akre,18-May,3:25,5:06,12:07,15:56,19:12,20:32
Akre,19-May,3:24,5:05,12:07,15:56,19:13,20:33
Akre,20-May,3:23,5:05,12:07,15:57,19:14,20:34
Akre,21-May,3:22,5:04,12:08,15:57,19:15,20:35
Akre,22-May,3:21,5:03,12:08,15:57,19:16,20:36
Akre,23-May,3:20,5:03,12:08,15:57,19:16,20:37
Akre,24-May,3:19,5:02,12:08,15:57,19:17,20:38
Akre,25-May,3:19,5:02,12:08,15:58,19:18,20:39
Akre,26-May,3:18,5:01,12:08,15:58,19:19,20:40
Akre,27-May,3:17,5:01,12:08,15:58,19:20,20:41
Akre,28-May,3:16,5:01,12:08,15:58,19:20,20:42
Akre,29-May,3:16,5:00,12:09,15:58,19:21,20:43
Akre,30-May,3:15,5:00,12:09,15:59,19:22,20:44
Akre,31-May,3:14,4:59,12:09,15:59,19:22,20:45
Akre,1-Jun,3:14,4:59,12:09,15:59,19:23,20:46
Akre,2-Jun,3:13,4:59,12:09,15:59,19:24,20:47
Akre,3-Jun,3:13,4:59,12:09,16:00,19:24,20:48
Akre,4-Jun,3:12,4:58,12:09,16:00,19:25,20:48
Akre,5-Jun,3:12,4:58,12:10,16:00,19:26,20:49
Akre,6-Jun,3:11,4:58,12:10,16:00,19:26,20:50
Akre,7-Jun,3:11,4:58,12:10,16:00,19:27,20:51
Akre,8-Jun,3:11,4:58,12:10,16:01,19:27,20:51
Akre,9-Jun,3:10,4:58,12:10,16:01,19:28,20:52
Akre,10-Jun,3:10,4:57,12:11,16:01,19:28,20:53
Akre,11-Jun,3:10,4:57,12:11,16:01,19:29,20:53
Akre,12-Jun,3:10,4:57,12:11,16:02,19:29,20:54
Akre,13-Jun,3:10,4:57,12:11,16:02,19:30,20:54
Akre,14-Jun,3:10,4:57,12:11,16:02,19:30,20:55
Akre,15-Jun,3:10,4:57,12:12,16:02,19:30,20:55
Akre,16-Jun,3:10,4:57,12:12,16:02,19:31,20:56
Akre,17-Jun,3:10,4:58,12:12,16:03,19:31,20:56
Akre,18-Jun,3:10,4:58,12:12,16:03,19:31,20:56
Akre,19-Jun,3:10,4:58,12:12,16:03,19:32,20:57
Akre,20-Jun,3:10,4:58,12:13,16:03,19:32,20:57
Akre,21-Jun,3:10,4:58,12:13,16:04,19:32,20:57
Akre,22-Jun,3:10,4:58,12:13,16:04,19:32,20:57
Akre,23-Jun,3:10,4:59,12:13,16:04,19:32,20:57
Akre,24-Jun,3:11,4:59,12:13,16:04,19:33,20:57
Akre,25-Jun,3:11,4:59,12:14,16:04,19:33,20:57
Akre,26-Jun,3:11,4:59,12:14,16:04,19:33,20:57
Akre,27-Jun,3:12,5:00,12:14,16:05,19:33,20:57
Akre,28-Jun,3:12,5:00,12:14,16:05,19:33,20:57
Akre,29-Jun,3:13,5:00,12:14,16:05,19:33,20:57
Akre,30-Jun,3:13,5:01,12:15,16:05,19:33,20:57
Akre,1-Jul,3:14,5:01,12:15,16:05,19:33,20:57
Akre,2-Jul,3:14,5:02,12:15,16:05,19:33,20:57
Akre,3-Jul,3:15,5:02,12:15,16:06,19:32,20:56
Akre,4-Jul,3:15,5:02,12:15,16:06,19:32,20:56
Akre,5-Jul,3:16,5:03,12:15,16:06,19:32,20:56
Akre,6-Jul,3:17,5:03,12:16,16:06,19:32,20:55
Akre,7-Jul,3:17,5:04,12:16,16:06,19:31,20:55
Akre,8-Jul,3:18,5:04,12:16,16:06,19:31,20:54
Akre,9-Jul,3:19,5:05,12:16,16:06,19:31,20:54
Akre,10-Jul,3:20,5:05,12:16,16:06,19:31,20:53
Akre,11-Jul,3:20,5:06,12:16,16:06,19:30,20:53
Akre,12-Jul,3:21,5:07,12:16,16:06,19:30,20:52
Akre,13-Jul,3:22,5:07,12:16,16:07,19:29,20:52
Akre,14-Jul,3:23,5:08,12:17,16:07,19:29,20:51
Akre,15-Jul,3:24,5:08,12:17,16:07,19:28,20:50
Akre,16-Jul,3:25,5:09,12:17,16:07,19:28,20:49
Akre,17-Jul,3:26,5:10,12:17,16:07,19:27,20:49
Akre,18-Jul,3:27,5:10,12:17,16:07,19:27,20:48
Akre,19-Jul,3:28,5:11,12:17,16:07,19:26,20:47
Akre,20-Jul,3:29,5:12,12:17,16:06,19:25,20:46
Akre,21-Jul,3:30,5:12,12:17,16:06,19:25,20:45
Akre,22-Jul,3:31,5:13,12:17,16:06,19:24,20:44
Akre,23-Jul,3:32,5:14,12:17,16:06,19:23,20:43
Akre,24-Jul,3:33,5:14,12:17,16:06,19:23,20:42
Akre,25-Jul,3:34,5:15,12:17,16:06,19:22,20:41
Akre,26-Jul,3:35,5:16,12:17,16:06,19:21,20:40
Akre,27-Jul,3:36,5:16,12:17,16:06,19:20,20:39
Akre,28-Jul,3:37,5:17,12:17,16:06,19:19,20:38
Akre,29-Jul,3:38,5:18,12:17,16:05,19:19,20:37
Akre,30-Jul,3:39,5:19,12:17,16:05,19:18,20:36
Akre,31-Jul,3:40,5:19,12:17,16:05,19:17,20:35
Akre,1-Aug,3:41,5:20,12:17,16:05,19:16,20:33
Akre,2-Aug,3:42,5:21,12:17,16:05,19:15,20:32
Akre,3-Aug,3:43,5:21,12:17,16:04,19:14,20:31
Akre,4-Aug,3:44,5:22,12:17,16:04,19:13,20:30
Akre,5-Aug,3:45,5:23,12:17,16:04,19:12,20:29
Akre,6-Aug,3:47,5:24,12:17,16:04,19:11,20:27
Akre,7-Aug,3:48,5:25,12:17,16:03,19:10,20:26
Akre,8-Aug,3:49,5:25,12:16,16:03,19:09,20:25
Akre,9-Aug,3:50,5:26,12:16,16:03,19:08,20:23
Akre,10-Aug,3:51,5:27,12:16,16:02,19:06,20:22
Akre,11-Aug,3:52,5:28,12:16,16:02,19:05,20:21
Akre,12-Aug,3:53,5:28,12:16,16:01,19:04,20:19
Akre,13-Aug,3:54,5:29,12:16,16:01,19:03,20:18
Akre,14-Aug,3:55,5:30,12:16,16:01,19:02,20:17
Akre,15-Aug,3:56,5:31,12:15,16:00,19:01,20:16
Akre,16-Aug,3:57,5:31,12:15,16:00,18:59,20:14
Akre,17-Aug,3:59,5:32,12:15,15:59,18:58,20:13
Akre,18-Aug,4:00,5:33,12:15,15:59,18:57,20:12
Akre,19-Aug,4:01,5:34,12:15,15:58,18:56,20:11
Akre,20-Aug,4:02,5:34,12:14,15:58,18:54,20:09
Akre,21-Aug,4:03,5:35,12:14,15:57,18:53,20:08
Akre,22-Aug,4:04,5:36,12:14,15:56,18:52,20:07
Akre,23-Aug,4:05,5:37,12:14,15:56,18:50,20:05
Akre,24-Aug,4:06,5:37,12:13,15:55,18:49,20:04
Akre,25-Aug,4:07,5:38,12:13,15:55,18:48,20:03
Akre,26-Aug,4:08,5:39,12:13,15:54,18:46,20:01
Akre,27-Aug,4:09,5:40,12:13,15:53,18:45,20:00
Akre,28-Aug,4:10,5:40,12:12,15:53,18:44,19:59
Akre,29-Aug,4:11,5:41,12:12,15:52,18:43,19:58
Akre,30-Aug,4:12,5:42,12:12,15:51,18:42,19:57
Akre,31-Aug,4:13,5:43,12:12,15:50,18:40,19:55
Akre,1-Sep,4:14,5:43,12:11,15:50,18:39,19:54
Akre,2-Sep,4:15,5:44,12:11,15:49,18:37,19:52
Akre,3-Sep,4:16,5:45,12:11,15:48,18:36,19:51
Akre,4-Sep,4:17,5:45,12:10,15:47,18:35,19:50
Akre,5-Sep,4:18,5:46,12:10,15:47,18:34,19:49
Akre,6-Sep,4:18,5:47,12:10,15:46,18:32,19:47
Akre,7-Sep,4:19,5:48,12:09,15:45,18:31,19:46
Akre,8-Sep,4:20,5:48,12:09,15:44,18:29,19:44
Akre,9-Sep,4:21,5:49,12:09,15:43,18:28,19:43
Akre,10-Sep,4:22,5:50,12:08,15:42,18:26,19:41
Akre,11-Sep,4:23,5:51,12:08,15:42,18:25,19:40
Akre,12-Sep,4:24,5:51,12:08,15:41,18:23,19:38
Akre,13-Sep,4:25,5:52,12:07,15:40,18:22,19:37
Akre,14-Sep,4:26,5:53,12:07,15:39,18:20,19:35
Akre,15-Sep,4:26,5:53,12:07,15:38,18:19,19:34
Akre,16-Sep,4:27,5:54,12:06,15:37,18:17,19:32
Akre,17-Sep,4:28,5:55,12:06,15:36,18:16,19:31
Akre,18-Sep,4:29,5:55,12:05,15:35,18:14,19:29
Akre,19-Sep,4:30,5:56,12:05,15:34,18:13,19:28
Akre,20-Sep,4:31,5:57,12:05,15:33,18:11,19:26
Akre,21-Sep,4:31,5:58,12:04,15:32,18:09,19:24
Akre,22-Sep,4:32,5:58,12:04,15:31,18:08,19:23
Akre,23-Sep,4:33,5:59,12:04,15:30,18:06,19:21
Akre,24-Sep,4:34,6:00,12:03,15:29,18:05,19:20
Akre,25-Sep,4:35,6:00,12:03,15:28,18:03,19:18
Akre,26-Sep,4:35,6:01,12:03,15:27,18:02,19:17
Akre,27-Sep,4:36,6:02,12:02,15:26,18:00,19:15
Akre,28-Sep,4:37,6:03,12:02,15:25,17:59,19:14
Akre,29-Sep,4:38,6:03,12:01,15:24,17:57,19:12
Akre,30-Sep,4:39,6:04,12:01,15:23,17:56,19:11
Akre,1-Oct,4:39,6:05,12:01,15:22,17:55,19:10
Akre,2-Oct,4:40,6:06,12:00,15:21,17:54,19:09
Akre,3-Oct,4:41,6:06,12:00,15:20,17:52,19:07
Akre,4-Oct,4:42,6:07,12:00,15:19,17:50,19:05
Akre,5-Oct,4:42,6:08,11:59,15:18,17:49,19:04
Akre,6-Oct,4:43,6:09,11:59,15:17,17:48,19:03
Akre,7-Oct,4:44,6:09,11:59,15:16,17:46,19:01
Akre,8-Oct,4:45,6:10,11:58,15:14,17:44,18:59
Akre,9-Oct,4:45,6:11,11:58,15:13,17:43,18:58
Akre,10-Oct,4:46,6:12,11:58,15:12,17:42,18:57
Akre,11-Oct,4:47,6:12,11:58,15:11,17:40,18:55
Akre,12-Oct,4:48,6:13,11:57,15:10,17:39,18:54
Akre,13-Oct,4:48,6:14,11:57,15:09,17:38,18:53
Akre,14-Oct,4:49,6:15,11:57,15:08,17:37,18:52
Akre,15-Oct,4:50,6:16,11:57,15:07,17:35,18:50
Akre,16-Oct,4:51,6:17,11:56,15:06,17:34,18:49
Akre,17-Oct,4:52,6:17,11:56,15:05,17:33,18:48
Akre,18-Oct,4:52,6:18,11:56,15:04,17:31,18:46
Akre,19-Oct,4:53,6:19,11:56,15:03,17:29,18:44
Akre,20-Oct,4:54,6:20,11:56,15:02,17:28,18:43
Akre,21-Oct,4:55,6:21,11:55,15:01,17:26,18:41
Akre,22-Oct,4:56,6:22,11:55,15:00,17:25,18:40
Akre,23-Oct,4:56,6:23,11:55,14:59,17:24,18:39
Akre,24-Oct,4:57,6:23,11:55,14:58,17:23,18:38
Akre,25-Oct,4:58,6:24,11:55,14:58,17:22,18:37
Akre,26-Oct,4:59,6:25,11:55,14:57,17:20,18:35
Akre,27-Oct,5:00,6:26,11:55,14:56,17:19,18:34
Akre,28-Oct,5:00,6:27,11:55,14:55,17:18,18:33
Akre,29-Oct,5:01,6:28,11:54,14:54,17:17,18:32
Akre,30-Oct,5:02,6:29,11:54,14:53,17:15,18:30
Akre,31-Oct,5:03,6:30,11:54,14:52,17:14,18:29
Akre,1-Nov,5:04,6:31,11:54,14:52,17:13,18:28
Akre,2-Nov,5:04,6:32,11:54,14:51,17:12,18:27
Akre,3-Nov,5:05,6:33,11:54,14:50,17:11,18:26
Akre,4-Nov,5:06,6:34,11:54,14:49,17:10,18:25
Akre,5-Nov,5:07,6:35,11:54,14:49,17:09,18:24
Akre,6-Nov,5:08,6:36,11:54,14:48,17:08,18:23
Akre,7-Nov,5:09,6:37,11:55,14:47,17:08,18:23
Akre,8-Nov,5:10,6:38,11:55,14:46,17:07,18:22
Akre,9-Nov,5:10,6:39,11:55,14:46,17:07,18:22
Akre,10-Nov,5:11,6:40,11:55,14:45,17:06,18:21
Akre,11-Nov,5:12,6:41,11:55,14:45,17:05,18:20
Akre,12-Nov,5:13,6:42,11:55,14:44,17:04,18:19
Akre,13-Nov,5:14,6:43,11:55,14:43,17:03,18:18
Akre,14-Nov,5:15,6:44,11:56,14:43,17:03,18:18
Akre,15-Nov,5:16,6:45,11:56,14:42,17:02,18:17
Akre,16-Nov,5:16,6:46,11:56,14:42,17:01,18:16
Akre,17-Nov,5:17,6:47,11:56,14:41,17:01,18:16
Akre,18-Nov,5:18,6:48,11:56,14:41,17:00,18:15
Akre,19-Nov,5:19,6:49,11:56,14:41,16:59,18:14
Akre,20-Nov,5:20,6:50,11:57,14:40,16:59,18:14
Akre,21-Nov,5:21,6:51,11:57,14:40,16:58,18:13
Akre,22-Nov,5:22,6:52,11:57,14:40,16:58,18:13
Akre,23-Nov,5:22,6:53,11:58,14:39,16:57,18:12
Akre,24-Nov,5:23,6:54,11:58,14:39,16:57,18:12
Akre,25-Nov,5:24,6:55,11:58,14:39,16:57,18:12
Akre,26-Nov,5:25,6:55,11:59,14:38,16:57,18:12
Akre,27-Nov,5:26,6:56,11:59,14:38,16:57,18:12
Akre,28-Nov,5:27,6:57,11:59,14:38,16:57,18:12
Akre,29-Nov,5:27,6:58,12:00,14:38,16:56,18:11
Akre,30-Nov,5:28,6:59,12:00,14:38,16:56,18:11
Akre,1-Dec,5:29,7:00,12:00,14:38,16:56,18:11
Akre,2-Dec,5:30,7:01,12:01,14:38,16:56,18:11
Akre,3-Dec,5:31,7:02,12:01,14:38,16:56,18:11
Akre,4-Dec,5:31,7:03,12:02,14:38,16:56,18:11
Akre,5-Dec,5:32,7:04,12:02,14:38,16:56,18:11
Akre,6-Dec,5:33,7:05,12:02,14:38,16:56,18:11
Akre,7-Dec,5:34,7:05,12:03,14:38,16:56,18:11
Akre,8-Dec,5:34,7:06,12:03,14:38,16:56,18:11
Akre,9-Dec,5:35,7:07,12:04,14:38,16:56,18:12
Akre,10-Dec,5:36,7:08,12:04,14:38,16:57,18:12
Akre,11-Dec,5:36,7:09,12:05,14:38,16:57,18:12
Akre,12-Dec,5:37,7:09,12:05,14:39,16:57,18:12
Akre,13-Dec,5:38,7:10,12:06,14:39,16:57,18:13
Akre,14-Dec,5:38,7:11,12:06,14:39,16:57,18:13
Akre,15-Dec,5:39,7:11,12:06,14:40,16:57,18:13
Akre,16-Dec,5:40,7:12,12:07,14:40,16:58,18:13
Akre,17-Dec,5:40,7:13,12:07,14:40,16:58,18:14
Akre,18-Dec,5:41,7:13,12:08,14:41,16:58,18:14
Akre,19-Dec,5:41,7:14,12:08,14:41,16:59,18:15
Akre,20-Dec,5:42,7:14,12:09,14:41,16:59,18:15
Akre,21-Dec,5:42,7:15,12:09,14:42,16:59,18:16
Akre,22-Dec,5:43,7:15,12:10,14:42,17:00,18:16
Akre,23-Dec,5:43,7:16,12:10,14:43,17:00,18:17
Akre,24-Dec,5:44,7:16,12:11,14:43,17:01,18:17
Akre,25-Dec,5:44,7:17,12:11,14:44,17:01,18:18
Akre,26-Dec,5:45,7:17,12:12,14:45,17:02,18:18
Akre,27-Dec,5:45,7:17,12:12,14:45,17:03,18:19
Akre,28-Dec,5:45,7:18,12:13,14:46,17:03,18:19
Akre,29-Dec,5:46,7:18,12:13,14:46,17:04,18:20
Akre,30-Dec,5:46,7:18,12:14,14:47,17:04,18:21
Akre,31-Dec,5:46,7:18,12:14,14:48,17:05,18:21
Koysinjaq,1-Jan,6:00,7:19,12:14,14:43,17:04,18:19
Koysinjaq,2-Jan,6:01,7:19,12:14,14:43,17:04,18:19
Koysinjaq,3-Jan,6:01,7:19,12:15,14:44,17:05,18:20
Koysinjaq,4-Jan,6:00,7:20,12:15,14:44,17:06,18:21
Koysinjaq,5-Jan,5:59,7:20,12:15,14:48,17:07,18:22
Koysinjaq,6-Jan,5:59,7:20,12:15,14:48,17:08,18:23
Koysinjaq,7-Jan,5:59,7:19,12:18,14:48,17:09,18:24
Koysinjaq,8-Jan,5:59,7:19,12:18,14:48,17:10,18:25
Koysinjaq,9-Jan,5:59,7:19,12:18,14:48,17:11,18:26
Koysinjaq,10-Jan,5:59,7:18,12:20,14:48,17:12,18:27
Koysinjaq,11-Jan,5:59,7:18,12:20,14:48,17:13,18:28
Koysinjaq,12-Jan,5:58,7:18,12:20,14:53,17:14,18:29
Koysinjaq,13-Jan,5:57,7:17,12:20,14:53,17:15,18:30
Koysinjaq,14-Jan,5:57,7:17,12:20,14:53,17:15,18:30
Koysinjaq,15-Jan,5:56,7:16,12:20,14:53,17:16,18:31
Koysinjaq,16-Jan,5:56,7:16,12:20,14:53,17:17,18:32
Koysinjaq,17-Jan,5:55,7:16,12:22,14:53,17:18,18:33
Koysinjaq,18-Jan,5:54,7:16,12:22,14:54,17:19,18:34
Koysinjaq,19-Jan,5:53,7:15,12:22,14:55,17:20,18:35
Koysinjaq,20-Jan,5:52,7:15,12:22,14:56,17:21,18:36
Koysinjaq,21-Jan,5:51,7:15,12:22,14:57,17:22,18:37
Koysinjaq,22-Jan,5:51,7:14,12:22,14:58,17:23,18:38
Koysinjaq,23-Jan,5:50,7:14,12:23,15:00,17:25,18:40
Koysinjaq,24-Jan,5:50,7:13,12:23,15:01,17:26,18:41
Koysinjaq,25-Jan,5:49,7:12,12:23,15:02,17:27,18:42
Koysinjaq,26-Jan,5:49,7:12,12:23,15:02,17:28,18:43
Koysinjaq,27-Jan,5:48,7:11,12:24,15:03,17:29,18:44
Koysinjaq,28-Jan,5:47,7:10,12:24,15:04,17:30,18:45
Koysinjaq,29-Jan,5:47,7:10,12:24,15:05,17:31,18:46
Koysinjaq,30-Jan,5:46,7:09,12:24,15:06,17:32,18:47
Koysinjaq,31-Jan,5:46,7:08,12:24,15:07,17:33,18:48
Koysinjaq,1-Feb,5:45,7:07,12:24,15:08,17:35,18:50
Koysinjaq,2-Feb,5:44,7:06,12:24,15:09,17:36,18:51
Koysinjaq,3-Feb,5:43,7:05,12:24,15:10,17:36,18:51
Koysinjaq,4-Feb,5:42,7:03,12:24,15:11,17:37,18:52
Koysinjaq,5-Feb,5:41,7:03,12:24,15:12,17:38,18:53
Koysinjaq,6-Feb,5:40,7:02,12:24,15:13,17:39,18:54
Koysinjaq,7-Feb,5:40,7:01,12:26,15:13,17:40,18:55
Koysinjaq,8-Feb,5:39,7:00,12:26,15:14,17:41,18:56
Koysinjaq,9-Feb,5:38,6:59,12:26,15:15,17:42,18:57
Koysinjaq,10-Feb,5:37,6:58,12:26,15:16,17:43,18:58
Koysinjaq,11-Feb,5:36,6:57,12:26,15:17,17:44,18:59
Koysinjaq,12-Feb,5:35,6:57,12:26,15:18,17:45,19:00
Koysinjaq,13-Feb,5:32,6:56,12:26,15:19,17:46,19:01
Koysinjaq,14-Feb,5:30,6:55,12:26,15:20,17:47,19:02
Koysinjaq,15-Feb,5:28,6:54,12:24,15:20,17:48,19:03
Koysinjaq,16-Feb,5:27,6:53,12:24,15:21,17:49,19:04
Koysinjaq,17-Feb,5:26,6:52,12:24,15:22,17:50,19:05
Koysinjaq,18-Feb,5:25,6:51,12:24,15:22,17:51,19:06
Koysinjaq,19-Feb,5:24,6:50,12:24,15:23,17:52,19:07
Koysinjaq,20-Feb,5:23,6:49,12:24,15:23,17:53,19:08
Koysinjaq,21-Feb,5:22,6:47,12:24,15:24,17:54,19:09
Koysinjaq,22-Feb,5:21,6:46,12:24,15:25,17:55,19:10
Koysinjaq,23-Feb,5:21,6:45,12:24,15:26,17:56,19:11
Koysinjaq,24-Feb,5:19,6:44,12:24,15:26,17:57,19:12
Koysinjaq,25-Feb,5:18,6:43,12:24,15:27,17:58,19:13
Koysinjaq,26-Feb,5:17,6:41,12:24,15:28,17:59,19:14
Koysinjaq,27-Feb,5:16,6:41,12:24,15:28,17:59,19:14
Koysinjaq,28-Feb,5:15,6:39,12:24,15:29,18:00,19:15
Koysinjaq,1-Mar,5:14,6:38,12:23,15:29,18:00,19:15
Koysinjaq,2-Mar,5:12,6:37,12:23,15:30,18:01,19:16
Koysinjaq,3-Mar,5:11,6:35,12:23,15:30,18:01,19:16
Koysinjaq,4-Mar,5:08,6:33,12:23,15:31,18:02,19:17
Koysinjaq,5-Mar,5:06,6:31,12:21,15:31,18:03,19:18
Koysinjaq,6-Mar,5:03,6:30,12:21,15:32,18:04,19:19
Koysinjaq,7-Mar,5:01,6:29,12:21,15:32,18:05,19:20
Koysinjaq,8-Mar,5:00,6:28,12:21,15:33,18:06,19:21
Koysinjaq,9-Mar,4:59,6:27,12:21,15:33,18:07,19:22
Koysinjaq,10-Mar,4:57,6:26,12:21,15:34,18:08,19:23
Koysinjaq,11-Mar,4:55,6:24,12:21,15:34,18:09,19:24
Koysinjaq,12-Mar,4:54,6:22,12:21,15:35,18:10,19:25
Koysinjaq,13-Mar,4:53,6:20,12:21,15:35,18:11,19:26
Koysinjaq,14-Mar,4:52,6:19,12:21,15:36,18:12,19:27
Koysinjaq,15-Mar,4:50,6:18,12:21,15:37,18:13,19:28
Koysinjaq,16-Mar,4:48,6:17,12:18,15:37,18:14,19:29
Koysinjaq,17-Mar,4:47,6:16,12:18,15:37,18:14,19:29
Koysinjaq,18-Mar,4:46,6:16,12:18,15:38,18:15,19:30
Koysinjaq,19-Mar,4:45,6:14,12:18,15:38,18:16,19:31
Koysinjaq,20-Mar,4:44,6:13,12:18,15:38,18:17,19:32
Koysinjaq,21-Mar,4:43,6:12,12:18,15:39,18:18,19:33
Koysinjaq,22-Mar,4:42,6:11,12:18,15:39,18:19,19:34
Koysinjaq,23-Mar,4:40,6:09,12:18,15:39,18:20,19:35
Koysinjaq,24-Mar,4:38,6:07,12:18,15:40,18:21,19:36
Koysinjaq,25-Mar,4:37,6:06,12:18,15:40,18:23,19:38
Koysinjaq,26-Mar,4:36,6:05,12:18,15:41,18:24,19:39
Koysinjaq,27-Mar,4:35,6:03,12:18,15:41,18:25,19:40
Koysinjaq,28-Mar,4:34,6:02,12:18,15:41,18:25,19:40
Koysinjaq,29-Mar,4:32,6:01,12:16,15:41,18:26,19:41
Koysinjaq,30-Mar,4:30,6:00,12:16,15:41,18:27,19:42
Koysinjaq,31-Mar,4:28,5:59,12:16,15:42,18:28,19:43
Koysinjaq,1-Apr,4:27,5:58,12:16,15:42,18:28,19:43
Koysinjaq,2-Apr,4:24,5:56,12:16,15:43,18:29,19:44
Koysinjaq,3-Apr,4:23,5:55,12:16,15:43,18:30,19:45
Koysinjaq,4-Apr,4:22,5:54,12:16,15:43,18:31,19:46
Koysinjaq,5-Apr,4:21,5:52,12:14,15:43,18:32,19:47
Koysinjaq,6-Apr,4:20,5:51,12:14,15:44,18:33,19:48
Koysinjaq,7-Apr,4:19,5:50,12:14,15:44,18:34,19:49
Koysinjaq,8-Apr,4:17,5:49,12:14,15:44,18:34,19:49
Koysinjaq,9-Apr,4:15,5:48,12:13,15:44,18:35,19:50
Koysinjaq,10-Apr,4:12,5:47,12:13,15:44,18:35,19:50
Koysinjaq,11-Apr,4:10,5:46,12:13,15:44,18:36,19:51
Koysinjaq,12-Apr,4:08,5:44,12:13,15:45,18:37,19:52
Koysinjaq,13-Apr,4:07,5:42,12:12,15:45,18:38,19:53
Koysinjaq,14-Apr,4:05,5:40,12:12,15:46,18:38,19:53
Koysinjaq,15-Apr,4:03,5:38,12:12,15:46,18:39,19:54
Koysinjaq,16-Apr,4:01,5:37,12:12,15:46,18:40,19:55
Koysinjaq,17-Apr,4:00,5:36,12:10,15:46,18:41,19:56
Koysinjaq,18-Apr,3:59,5:35,12:10,15:46,18:42,19:57
Koysinjaq,19-Apr,3:58,5:34,12:10,15:47,18:43,19:58
Koysinjaq,20-Apr,3:55,5:32,12:10,15:47,18:43,19:58
Koysinjaq,21-Apr,3:53,5:31,12:10,15:47,18:43,19:58
Koysinjaq,22-Apr,3:51,5:30,12:10,15:48,18:44,19:59
Koysinjaq,23-Apr,3:50,5:29,12:09,15:48,18:45,20:00
Koysinjaq,24-Apr,3:49,5:27,12:09,15:48,18:46,20:01
Koysinjaq,25-Apr,3:48,5:26,12:09,15:48,18:47,20:02
Koysinjaq,26-Apr,3:47,5:25,12:09,15:48,18:49,20:04
Koysinjaq,27-Apr,3:46,5:24,12:09,15:48,18:50,20:05
Koysinjaq,28-Apr,3:45,5:23,12:09,15:48,18:51,20:06
Koysinjaq,29-Apr,3:44,5:22,12:09,15:48,18:51,20:06
Koysinjaq,30-Apr,3:43,5:21,12:09,15:48,18:52,20:07
Koysinjaq,1-May,3:41,5:18,12:08,15:51,18:53,20:08
Koysinjaq,2-May,3:40,5:17,12:08,15:51,18:54,20:09
Koysinjaq,3-May,3:39,5:17,12:08,15:51,18:55,20:10
Koysinjaq,4-May,3:38,5:16,12:08,15:51,18:56,20:11
Koysinjaq,5-May,3:37,5:15,12:08,15:51,18:57,20:12
Koysinjaq,6-May,3:37,5:14,12:08,15:51,18:58,20:13
Koysinjaq,7-May,3:36,5:13,12:08,15:54,18:59,20:14
Koysinjaq,8-May,3:35,5:12,12:08,15:54,19:00,20:15
Koysinjaq,9-May,3:34,5:11,12:08,15:54,19:00,20:15
Koysinjaq,10-May,3:33,5:10,12:08,15:54,19:01,20:16
Koysinjaq,11-May,3:32,5:09,12:08,15:54,19:02,20:17
Koysinjaq,12-May,3:31,5:08,12:08,15:54,19:02,20:17
Koysinjaq,13-May,3:30,5:07,12:07,15:54,19:03,20:18
Koysinjaq,14-May,3:29,5:06,12:07,15:54,19:04,20:19
Koysinjaq,15-May,3:28,5:05,12:07,15:56,19:05,20:20
Koysinjaq,16-May,3:27,5:04,12:07,15:56,19:06,20:21
Koysinjaq,17-May,3:25,5:04,12:07,15:56,19:07,20:22
Koysinjaq,18-May,3:24,5:03,12:07,15:56,19:08,20:23
Koysinjaq,19-May,3:24,5:03,12:07,15:56,19:09,20:24
Koysinjaq,20-May,3:24,5:03,12:07,15:56,19:10,20:25
Koysinjaq,21-May,3:23,5:02,12:08,15:56,19:11,20:26
Koysinjaq,22-May,3:22,5:02,12:08,15:56,19:12,20:27
Koysinjaq,23-May,3:21,5:01,12:08,15:56,19:13,20:28
Koysinjaq,24-May,3:21,5:01,12:08,15:58,19:13,20:28
Koysinjaq,25-May,3:20,5:00,12:08,15:58,19:14,20:29
Koysinjaq,26-May,3:20,5:00,12:09,15:58,19:14,20:29
Koysinjaq,27-May,3:19,4:59,12:09,15:58,19:15,20:30
Koysinjaq,28-May,3:19,4:59,12:09,15:58,19:15,20:30
Koysinjaq,29-May,3:18,4:58,12:09,15:58,19:16,20:31
Koysinjaq,30-May,3:18,4:58,12:09,15:58,19:17,20:32
Koysinjaq,31-May,3:17,4:57,12:09,15:58,19:17,20:32
Koysinjaq,1-Jun,3:16,4:57,12:11,16:01,19:18,20:33
Koysinjaq,2-Jun,3:16,4:57,12:11,16:01,19:18,20:33
Koysinjaq,3-Jun,3:15,4:56,12:11,16:01,19:19,20:34
Koysinjaq,4-Jun,3:15,4:56,12:11,16:01,19:19,20:34
Koysinjaq,5-Jun,3:15,4:56,12:11,16:02,19:19,20:34
Koysinjaq,6-Jun,3:15,4:55,12:12,16:02,19:20,20:35
Koysinjaq,7-Jun,3:15,4:55,12:12,16:02,19:20,20:35
Koysinjaq,8-Jun,3:14,4:55,12:12,16:02,19:21,20:36
Koysinjaq,9-Jun,3:14,4:56,12:12,16:02,19:21,20:36
Koysinjaq,10-Jun,3:13,4:56,12:13,16:02,19:22,20:37
Koysinjaq,11-Jun,3:13,4:57,12:13,16:02,19:22,20:37
Koysinjaq,12-Jun,3:13,4:57,12:13,16:02,19:23,20:38
Koysinjaq,13-Jun,3:13,4:58,12:13,16:03,19:24,20:39
Koysinjaq,14-Jun,3:13,4:58,12:13,16:03,19:24,20:39
Koysinjaq,15-Jun,3:13,4:58,12:14,16:03,19:25,20:40
Koysinjaq,16-Jun,3:14,4:58,12:14,16:03,19:25,20:40
Koysinjaq,17-Jun,3:14,4:58,12:14,16:03,19:25,20:40
Koysinjaq,18-Jun,3:14,4:58,12:14,16:03,19:26,20:41
Koysinjaq,19-Jun,3:14,4:58,12:14,16:03,19:26,20:41
Koysinjaq,20-Jun,3:14,4:58,12:14,16:03,19:26,20:41
Koysinjaq,21-Jun,3:14,4:58,12:14,16:03,19:27,20:42
Koysinjaq,22-Jun,3:15,4:58,12:15,16:03,19:27,20:42
Koysinjaq,23-Jun,3:15,4:58,12:15,16:03,19:27,20:42
Koysinjaq,24-Jun,3:15,4:58,12:15,16:03,19:27,20:42
Koysinjaq,25-Jun,3:15,4:58,12:15,16:03,19:27,20:42
Koysinjaq,26-Jun,3:16,4:58,12:16,16:03,19:27,20:42
Koysinjaq,27-Jun,3:17,4:58,12:16,16:03,19:28,20:43
Koysinjaq,28-Jun,3:17,4:59,12:16,16:03,19:28,20:43
Koysinjaq,29-Jun,3:18,4:59,12:17,16:03,19:28,20:43
Koysinjaq,30-Jun,3:18,5:00,12:17,16:03,19:28,20:43
Koysinjaq,1-Jul,3:18,5:00,12:18,16:06,19:27,20:42
Koysinjaq,2-Jul,3:19,5:00,12:18,16:06,19:27,20:42
Koysinjaq,3-Jul,3:19,5:01,12:18,16:06,19:27,20:42
Koysinjaq,4-Jul,3:20,5:01,12:18,16:06,19:26,20:41
Koysinjaq,5-Jul,3:20,5:02,12:19,16:07,19:26,20:41
Koysinjaq,6-Jul,3:21,5:02,12:19,16:07,19:26,20:41
Koysinjaq,7-Jul,3:21,5:03,12:19,16:07,19:26,20:41
Koysinjaq,8-Jul,3:22,5:03,12:20,16:07,19:26,20:41
Koysinjaq,9-Jul,3:22,5:03,12:20,16:07,19:26,20:41
Koysinjaq,10-Jul,3:23,5:04,12:20,16:07,19:26,20:41
Koysinjaq,11-Jul,3:23,5:04,12:20,16:07,19:25,20:40
Koysinjaq,12-Jul,3:24,5:05,12:20,16:07,19:25,20:40
Koysinjaq,13-Jul,3:25,5:06,12:20,16:07,19:24,20:39
Koysinjaq,14-Jul,3:26,5:07,12:20,16:07,19:24,20:39
Koysinjaq,15-Jul,3:27,5:07,12:20,16:07,19:24,20:39
Koysinjaq,16-Jul,3:27,5:08,12:21,16:07,19:23,20:38
Koysinjaq,17-Jul,3:28,5:09,12:21,16:07,19:23,20:38
Koysinjaq,18-Jul,3:29,5:09,12:21,16:08,19:23,20:38
Koysinjaq,19-Jul,3:29,5:10,12:21,16:08,19:22,20:37
Koysinjaq,20-Jul,3:30,5:12,12:21,16:08,19:20,20:35
Koysinjaq,21-Jul,3:31,5:12,12:21,16:08,19:20,20:35
Koysinjaq,22-Jul,3:32,5:13,12:21,16:08,19:20,20:35
Koysinjaq,23-Jul,3:33,5:13,12:21,16:08,19:19,20:34
Koysinjaq,24-Jul,3:34,5:14,12:21,16:08,19:18,20:33
Koysinjaq,25-Jul,3:34,5:14,12:20,16:06,19:17,20:32
Koysinjaq,26-Jul,3:35,5:15,12:20,16:05,19:16,20:31
Koysinjaq,27-Jul,3:35,5:15,12:20,16:04,19:15,20:30
Koysinjaq,28-Jul,3:36,5:16,12:20,16:04,19:14,20:29
Koysinjaq,29-Jul,3:36,5:16,12:20,16:03,19:13,20:28
Koysinjaq,30-Jul,3:37,5:17,12:20,16:03,19:12,20:27
Koysinjaq,31-Jul,3:38,5:17,12:20,16:03,19:12,20:27
Koysinjaq,1-Aug,3:39,5:17,12:18,16:03,19:11,20:26
Koysinjaq,2-Aug,3:39,5:18,12:18,16:03,19:10,20:25
Koysinjaq,3-Aug,3:40,5:19,12:18,16:02,19:09,20:24
Koysinjaq,4-Aug,3:40,5:20,12:18,16:02,19:08,20:23
Koysinjaq,5-Aug,3:41,5:21,12:18,16:02,19:07,20:22
Koysinjaq,6-Aug,3:41,5:22,12:18,16:01,19:06,20:21
Koysinjaq,7-Aug,3:43,5:23,12:18,16:01,19:05,20:20
Koysinjaq,8-Aug,3:43,5:23,12:18,16:00,19:04,20:19
Koysinjaq,9-Aug,3:44,5:24,12:18,16:00,19:03,20:18
Koysinjaq,10-Aug,3:44,5:24,12:18,15:59,19:02,20:17
Koysinjaq,11-Aug,3:46,5:25,12:17,15:58,19:01,20:16
Koysinjaq,12-Aug,3:46,5:26,12:17,15:57,18:59,20:14
Koysinjaq,13-Aug,3:47,5:26,12:17,15:57,18:58,20:13
Koysinjaq,14-Aug,3:48,5:27,12:17,15:56,18:57,20:12
Koysinjaq,15-Aug,3:49,5:28,12:17,15:56,18:56,20:11
Koysinjaq,16-Aug,3:50,5:29,12:17,15:56,18:55,20:10
Koysinjaq,17-Aug,3:51,5:30,12:16,15:55,18:54,20:09
Koysinjaq,18-Aug,3:52,5:31,12:16,15:55,18:53,20:08
Koysinjaq,19-Aug,3:53,5:32,12:16,15:54,18:52,20:07
Koysinjaq,20-Aug,3:53,5:33,12:16,15:54,18:50,20:05
Koysinjaq,21-Aug,3:54,5:33,12:15,15:53,18:49,20:04
Koysinjaq,22-Aug,3:54,5:34,12:15,15:50,18:47,20:02
Koysinjaq,23-Aug,3:55,5:34,12:15,15:50,18:46,20:01
Koysinjaq,24-Aug,3:57,5:35,12:15,15:48,18:45,20:00
Koysinjaq,25-Aug,3:58,5:36,12:14,15:47,18:43,19:58
Koysinjaq,26-Aug,3:59,5:37,12:14,15:47,18:42,19:57
Koysinjaq,27-Aug,4:00,5:38,12:14,15:46,18:41,19:56
Koysinjaq,28-Aug,4:01,5:38,12:14,15:46,18:39,19:54
Koysinjaq,29-Aug,4:02,5:39,12:12,15:45,18:38,19:53
Koysinjaq,30-Aug,4:03,5:39,12:12,15:44,18:36,19:51
Koysinjaq,31-Aug,4:04,5:40,12:12,15:44,18:35,19:50
Koysinjaq,1-Sep,4:06,5:40,12:12,15:42,18:34,19:49
Koysinjaq,2-Sep,4:08,5:41,12:11,15:41,18:33,19:48
Koysinjaq,3-Sep,4:09,5:42,12:11,15:40,18:32,19:47
Koysinjaq,4-Sep,4:10,5:43,12:11,15:40,18:30,19:45
Koysinjaq,5-Sep,4:11,5:44,12:10,15:39,18:28,19:43
Koysinjaq,6-Sep,4:12,5:45,12:10,15:39,18:27,19:42
Koysinjaq,7-Sep,4:13,5:45,12:10,15:39,18:26,19:41
Koysinjaq,8-Sep,4:14,5:46,12:10,15:38,18:24,19:39
Koysinjaq,9-Sep,4:14,5:47,12:09,15:38,18:23,19:38
Koysinjaq,10-Sep,4:15,5:48,12:09,15:37,18:21,19:36
Koysinjaq,11-Sep,4:16,5:48,12:09,15:35,18:20,19:35
Koysinjaq,12-Sep,4:17,5:49,12:08,15:34,18:17,19:32
Koysinjaq,13-Sep,4:18,5:49,12:08,15:34,18:17,19:32
Koysinjaq,14-Sep,4:19,5:50,12:08,15:33,18:16,19:31
Koysinjaq,15-Sep,4:20,5:51,12:08,15:32,18:14,19:29
Koysinjaq,16-Sep,4:20,5:52,12:07,15:31,18:13,19:28
Koysinjaq,17-Sep,4:21,5:53,12:07,15:29,18:12,19:27
Koysinjaq,18-Sep,4:21,5:53,12:07,15:29,18:10,19:25
Koysinjaq,19-Sep,4:22,5:54,12:06,15:28,18:08,19:23
Koysinjaq,20-Sep,4:23,5:55,12:06,15:26,18:07,19:22
Koysinjaq,21-Sep,4:23,5:55,12:06,15:26,18:06,19:21
Koysinjaq,22-Sep,4:24,5:56,12:05,15:24,18:04,19:19
Koysinjaq,23-Sep,4:25,5:56,12:05,15:23,18:03,19:18
Koysinjaq,24-Sep,4:26,5:57,12:05,15:23,18:02,19:17
Koysinjaq,25-Sep,4:27,5:57,12:04,15:22,18:01,19:16
Koysinjaq,26-Sep,4:28,5:58,12:04,15:20,18:00,19:15
Koysinjaq,27-Sep,4:29,5:59,12:04,15:20,17:58,19:13
Koysinjaq,28-Sep,4:30,6:00,12:03,15:19,17:57,19:12
Koysinjaq,29-Sep,4:31,6:01,12:03,15:18,17:55,19:10
Koysinjaq,30-Sep,4:32,6:02,12:03,15:17,17:53,19:08
Koysinjaq,1-Oct,4:34,6:02,12:02,15:16,17:52,19:07
Koysinjaq,2-Oct,4:34,6:03,12:02,15:15,17:51,19:06
Koysinjaq,3-Oct,4:35,6:04,12:01,15:14,17:49,19:04
Koysinjaq,4-Oct,4:36,6:04,12:01,15:12,17:47,19:02
Koysinjaq,5-Oct,4:36,6:05,12:01,15:11,17:45,19:00
Koysinjaq,6-Oct,4:37,6:05,11:59,15:10,17:43,18:58
Koysinjaq,7-Oct,4:38,6:06,11:59,15:10,17:42,18:57
Koysinjaq,8-Oct,4:39,6:07,11:59,15:09,17:40,18:55
Koysinjaq,9-Oct,4:39,6:07,11:58,15:07,17:39,18:54
Koysinjaq,10-Oct,4:40,6:08,11:58,15:06,17:38,18:53
Koysinjaq,11-Oct,4:42,6:09,11:58,15:04,17:36,18:51
Koysinjaq,12-Oct,4:43,6:10,11:56,15:04,17:35,18:50
Koysinjaq,13-Oct,4:44,6:11,11:56,15:03,17:34,18:49
Koysinjaq,14-Oct,4:45,6:12,11:56,15:03,17:32,18:47
Koysinjaq,15-Oct,4:46,6:13,11:56,15:02,17:31,18:46
Koysinjaq,16-Oct,4:48,6:14,11:55,15:02,17:30,18:45
Koysinjaq,17-Oct,4:49,6:15,11:55,15:01,17:29,18:44
Koysinjaq,18-Oct,4:51,6:16,11:55,14:59,17:28,18:43
Koysinjaq,19-Oct,4:52,6:17,11:55,14:58,17:27,18:42
Koysinjaq,20-Oct,4:53,6:18,11:55,14:57,17:25,18:40
Koysinjaq,21-Oct,4:54,6:19,11:55,14:56,17:24,18:39
Koysinjaq,22-Oct,4:55,6:20,11:55,14:55,17:23,18:38
Koysinjaq,23-Oct,4:56,6:21,11:54,14:54,17:22,18:37
Koysinjaq,24-Oct,4:57,6:22,11:54,14:53,17:21,18:36
Koysinjaq,25-Oct,4:58,6:23,11:54,14:52,17:19,18:34
Koysinjaq,26-Oct,4:59,6:24,11:54,14:51,17:18,18:33
Koysinjaq,27-Oct,5:00,6:25,11:54,14:50,17:16,18:31
Koysinjaq,28-Oct,5:01,6:26,11:54,14:49,17:15,18:30
Koysinjaq,29-Oct,5:02,6:27,11:54,14:48,17:15,18:30
Koysinjaq,30-Oct,5:03,6:28,11:54,14:47,17:13,18:28
Koysinjaq,31-Oct,5:04,6:29,11:54,14:46,17:12,18:27
Koysinjaq,1-Nov,5:05,6:30,11:54,14:45,17:12,18:27
Koysinjaq,2-Nov,5:07,6:31,11:54,14:45,17:11,18:26
Koysinjaq,3-Nov,5:08,6:32,11:54,14:43,17:10,18:25
Koysinjaq,4-Nov,5:09,6:33,11:54,14:43,17:09,18:24
Koysinjaq,5-Nov,5:10,6:33,11:54,14:42,17:08,18:23
Koysinjaq,6-Nov,5:11,6:34,11:54,14:42,17:07,18:22
Koysinjaq,7-Nov,5:12,6:35,11:56,14:42,17:06,18:21
Koysinjaq,8-Nov,5:13,6:36,11:56,14:42,17:06,18:21
Koysinjaq,9-Nov,5:13,6:37,11:56,14:41,17:05,18:20
Koysinjaq,10-Nov,5:14,6:38,11:56,14:40,17:04,18:19
Koysinjaq,11-Nov,5:15,6:39,11:56,14:38,17:03,18:18
Koysinjaq,12-Nov,5:16,6:40,11:56,14:38,17:03,18:18
Koysinjaq,13-Nov,5:17,6:41,11:56,14:38,17:01,18:16
Koysinjaq,14-Nov,5:18,6:41,11:56,14:36,17:00,18:15
Koysinjaq,15-Nov,5:19,6:42,11:56,14:36,16:59,18:14
Koysinjaq,16-Nov,5:20,6:43,11:56,14:36,16:59,18:14
Koysinjaq,17-Nov,5:21,6:44,11:57,14:36,16:59,18:14
Koysinjaq,18-Nov,5:22,6:45,11:57,14:33,16:58,18:13
Koysinjaq,19-Nov,5:23,6:46,11:57,14:33,16:58,18:13
Koysinjaq,20-Nov,5:25,6:47,11:58,14:33,16:57,18:12
Koysinjaq,21-Nov,5:26,6:48,11:58,14:33,16:57,18:12
Koysinjaq,22-Nov,5:27,6:49,11:58,14:33,16:56,18:11
Koysinjaq,23-Nov,5:28,6:50,11:58,14:33,16:56,18:11
Koysinjaq,24-Nov,5:29,6:51,11:58,14:33,16:55,18:10
Koysinjaq,25-Nov,5:30,6:52,11:58,14:33,16:55,18:10
Koysinjaq,26-Nov,5:31,6:53,11:58,14:32,16:54,18:09
Koysinjaq,27-Nov,5:32,6:54,12:00,14:32,16:54,18:09
Koysinjaq,28-Nov,5:33,6:55,12:00,14:32,16:53,18:08
Koysinjaq,29-Nov,5:34,6:56,12:00,14:32,16:53,18:08
Koysinjaq,30-Nov,5:35,6:57,12:00,14:32,16:53,18:08
Koysinjaq,1-Dec,5:38,6:58,12:02,14:32,16:53,18:08
Koysinjaq,2-Dec,5:39,6:59,12:02,14:32,16:53,18:08
Koysinjaq,3-Dec,5:40,7:00,12:02,14:32,16:53,18:08
Koysinjaq,4-Dec,5:42,7:01,12:04,14:32,16:53,18:08
Koysinjaq,5-Dec,5:44,7:02,12:04,14:32,16:53,18:08
Koysinjaq,6-Dec,5:45,7:03,12:04,14:33,16:53,18:08
Koysinjaq,7-Dec,5:47,7:04,12:04,14:33,16:54,18:09
Koysinjaq,8-Dec,5:48,7:05,12:05,14:33,16:54,18:09
Koysinjaq,9-Dec,5:49,7:06,12:05,14:35,16:54,18:09
Koysinjaq,10-Dec,5:50,7:07,12:05,14:35,16:54,18:09
Koysinjaq,11-Dec,5:50,7:08,12:06,14:35,16:54,18:09
Koysinjaq,12-Dec,5:51,7:08,12:06,14:35,16:54,18:09
Koysinjaq,13-Dec,5:52,7:09,12:06,14:35,16:55,18:10
Koysinjaq,14-Dec,5:53,7:10,12:08,14:35,16:55,18:10
Koysinjaq,15-Dec,5:53,7:11,12:08,14:35,16:55,18:10
Koysinjaq,16-Dec,5:53,7:12,12:09,14:35,16:55,18:10
Koysinjaq,17-Dec,5:54,7:13,12:09,14:36,16:55,18:10
Koysinjaq,18-Dec,5:54,7:13,12:09,14:36,16:56,18:11
Koysinjaq,19-Dec,5:54,7:13,12:10,14:36,16:56,18:11
Koysinjaq,20-Dec,5:55,7:14,12:10,14:38,16:56,18:11
Koysinjaq,21-Dec,5:55,7:14,12:10,14:38,16:57,18:12
Koysinjaq,22-Dec,5:56,7:15,12:12,14:38,16:57,18:12
Koysinjaq,23-Dec,5:57,7:16,12:13,14:40,16:58,18:13
Koysinjaq,24-Dec,5:57,7:16,12:13,14:40,16:58,18:13
Koysinjaq,25-Dec,5:58,7:16,12:13,14:40,16:59,18:14
Koysinjaq,26-Dec,5:58,7:16,12:13,14:40,16:59,18:14
Koysinjaq,27-Dec,5:58,7:17,12:14,14:40,17:00,18:15
Koysinjaq,28-Dec,5:59,7:17,12:14,14:41,17:01,18:16
Koysinjaq,29-Dec,5:59,7:18,12:14,14:41,17:01,18:16
Koysinjaq,30-Dec,6:00,7:18,12:15,14:42,17:02,18:17
Koysinjaq,31-Dec,6:00,7:18,12:15,14:43,17:03,18:18
Makhmur,1-Jan,5:44,7:12,12:14,14:48,17:08,18:29
Makhmur,2-Jan,5:45,7:13,12:15,14:49,17:09,18:30
Makhmur,3-Jan,5:45,7:13,12:15,14:50,17:10,18:31
Makhmur,4-Jan,5:45,7:13,12:16,14:50,17:11,18:31
Makhmur,5-Jan,5:45,7:13,12:16,14:51,17:11,18:32
Makhmur,6-Jan,5:45,7:13,12:17,14:52,17:12,18:33
Makhmur,7-Jan,5:45,7:13,12:17,14:53,17:13,18:34
Makhmur,8-Jan,5:45,7:13,12:17,14:54,17:14,18:35
Makhmur,9-Jan,5:45,7:13,12:18,14:55,17:15,18:35
Makhmur,10-Jan,5:45,7:13,12:18,14:55,17:16,18:36
Makhmur,11-Jan,5:45,7:13,12:19,14:56,17:17,18:37
Makhmur,12-Jan,5:45,7:13,12:19,14:57,17:18,18:38
Makhmur,13-Jan,5:45,7:12,12:19,14:58,17:19,18:39
Makhmur,14-Jan,5:45,7:12,12:20,14:59,17:20,18:39
Makhmur,15-Jan,5:45,7:12,12:20,15:00,17:21,18:40
Makhmur,16-Jan,5:45,7:12,12:20,15:01,17:22,18:41
Makhmur,17-Jan,5:45,7:11,12:21,15:01,17:23,18:42
Makhmur,18-Jan,5:45,7:11,12:21,15:02,17:24,18:43
Makhmur,19-Jan,5:44,7:11,12:21,15:03,17:25,18:44
Makhmur,20-Jan,5:44,7:10,12:22,15:04,17:26,18:45
Makhmur,21-Jan,5:44,7:10,12:22,15:05,17:27,18:46
Makhmur,22-Jan,5:43,7:09,12:22,15:06,17:28,18:47
Makhmur,23-Jan,5:43,7:09,12:23,15:07,17:29,18:47
Makhmur,24-Jan,5:43,7:08,12:23,15:08,17:30,18:48
Makhmur,25-Jan,5:42,7:08,12:23,15:09,17:31,18:49
Makhmur,26-Jan,5:42,7:07,12:23,15:10,17:32,18:50
Makhmur,27-Jan,5:41,7:06,12:23,15:10,17:33,18:51
Makhmur,28-Jan,5:41,7:06,12:24,15:11,17:34,18:52
Makhmur,29-Jan,5:40,7:05,12:24,15:12,17:35,18:53
Makhmur,30-Jan,5:40,7:04,12:24,15:13,17:36,18:54
Makhmur,31-Jan,5:39,7:04,12:24,15:14,17:37,18:55
Makhmur,1-Feb,5:38,7:03,12:24,15:15,17:38,18:56
Makhmur,2-Feb,5:38,7:02,12:24,15:16,17:39,18:56
Makhmur,3-Feb,5:37,7:01,12:24,15:16,17:40,18:57
Makhmur,4-Feb,5:36,7:00,12:25,15:17,17:41,18:58
Makhmur,5-Feb,5:36,7:00,12:25,15:18,17:42,18:59
Makhmur,6-Feb,5:35,6:59,12:25,15:19,17:43,19:00
Makhmur,7-Feb,5:34,6:58,12:25,15:20,17:44,19:01
Makhmur,8-Feb,5:33,6:57,12:25,15:21,17:45,19:02
Makhmur,9-Feb,5:32,6:56,12:25,15:21,17:46,19:03
Makhmur,10-Feb,5:32,6:55,12:25,15:22,17:47,19:04
Makhmur,11-Feb,5:31,6:54,12:25,15:23,17:48,19:05
Makhmur,12-Feb,5:30,6:53,12:25,15:24,17:49,19:06
Makhmur,13-Feb,5:29,6:52,12:25,15:25,17:50,19:06
Makhmur,14-Feb,5:28,6:51,12:25,15:25,17:51,19:07
Makhmur,15-Feb,5:27,6:50,12:25,15:26,17:52,19:08
Makhmur,16-Feb,5:26,6:49,12:25,15:27,17:53,19:09
Makhmur,17-Feb,5:25,6:48,12:25,15:27,17:54,19:10
Makhmur,18-Feb,5:24,6:46,12:25,15:28,17:55,19:11
Makhmur,19-Feb,5:23,6:45,12:24,15:29,17:56,19:12
Makhmur,20-Feb,5:22,6:44,12:24,15:30,17:57,19:13
Makhmur,21-Feb,5:21,6:43,12:24,15:30,17:58,19:14
Makhmur,22-Feb,5:19,6:42,12:24,15:31,17:59,19:15
Makhmur,23-Feb,5:18,6:40,12:24,15:31,18:00,19:15
Makhmur,24-Feb,5:17,6:39,12:24,15:32,18:01,19:16
Makhmur,25-Feb,5:16,6:38,12:24,15:33,18:02,19:17
Makhmur,26-Feb,5:15,6:37,12:24,15:33,18:03,19:18
Makhmur,27-Feb,5:13,6:35,12:23,15:34,18:04,19:19
Makhmur,28-Feb,5:12,6:34,12:23,15:34,18:05,19:20
Makhmur,1-Mar,5:11,6:33,12:23,15:35,18:06,19:21
Makhmur,2-Mar,5:10,6:32,12:23,15:36,18:07,19:22
Makhmur,3-Mar,5:08,6:30,12:23,15:36,18:07,19:22
Makhmur,4-Mar,5:07,6:29,12:22,15:37,18:08,19:23
Makhmur,5-Mar,5:06,6:28,12:22,15:37,18:09,19:24
Makhmur,6-Mar,5:04,6:26,12:22,15:38,18:10,19:25
Makhmur,7-Mar,5:03,6:25,12:22,15:38,18:11,19:26
Makhmur,8-Mar,5:02,6:23,12:21,15:39,18:12,19:27
Makhmur,9-Mar,5:00,6:22,12:21,15:39,18:13,19:28
Makhmur,10-Mar,4:59,6:21,12:21,15:39,18:14,19:29
Makhmur,11-Mar,4:57,6:19,12:21,15:40,18:15,19:30
Makhmur,12-Mar,4:56,6:18,12:20,15:40,18:15,19:31
Makhmur,13-Mar,4:54,6:17,12:20,15:41,18:16,19:31
Makhmur,14-Mar,4:53,6:15,12:20,15:41,18:17,19:32
Makhmur,15-Mar,4:52,6:14,12:20,15:42,18:18,19:33
Makhmur,16-Mar,4:50,6:12,12:19,15:42,18:19,19:34
Makhmur,17-Mar,4:49,6:11,12:19,15:42,18:20,19:35
Makhmur,18-Mar,4:47,6:09,12:19,15:43,18:21,19:36
Makhmur,19-Mar,4:46,6:08,12:18,15:43,18:21,19:37
Makhmur,20-Mar,4:44,6:07,12:18,15:43,18:22,19:38
Makhmur,21-Mar,4:43,6:05,12:18,15:44,18:23,19:39
Makhmur,22-Mar,4:41,6:04,12:18,15:44,18:24,19:40
Makhmur,23-Mar,4:39,6:02,12:17,15:44,18:25,19:41
Makhmur,24-Mar,4:38,6:01,12:17,15:45,18:26,19:42
Makhmur,25-Mar,4:36,5:59,12:17,15:45,18:26,19:43
Makhmur,26-Mar,4:35,5:58,12:16,15:45,18:27,19:43
Makhmur,27-Mar,4:33,5:57,12:16,15:45,18:28,19:44
Makhmur,28-Mar,4:32,5:55,12:16,15:46,18:29,19:45
Makhmur,29-Mar,4:30,5:54,12:15,15:46,18:30,19:46
Makhmur,30-Mar,4:28,5:52,12:15,15:46,18:31,19:47
Makhmur,31-Mar,4:27,5:51,12:15,15:46,18:31,19:48
Makhmur,1-Apr,4:25,5:49,12:14,15:47,18:32,19:49
Makhmur,2-Apr,4:24,5:48,12:14,15:47,18:33,19:50
Makhmur,3-Apr,4:22,5:47,12:14,15:47,18:34,19:51
Makhmur,4-Apr,4:20,5:45,12:14,15:47,18:35,19:52
Makhmur,5-Apr,4:19,5:44,12:13,15:47,18:36,19:53
Makhmur,6-Apr,4:17,5:42,12:13,15:48,18:36,19:54
Makhmur,7-Apr,4:16,5:41,12:13,15:48,18:37,19:55
Makhmur,8-Apr,4:14,5:40,12:12,15:48,18:38,19:56
Makhmur,9-Apr,4:12,5:38,12:12,15:48,18:39,19:57
Makhmur,10-Apr,4:11,5:37,12:12,15:48,18:40,19:58
Makhmur,11-Apr,4:09,5:35,12:12,15:48,18:41,20:00
Makhmur,12-Apr,4:08,5:34,12:11,15:49,18:41,20:01
Makhmur,13-Apr,4:06,5:33,12:11,15:49,18:42,20:02
Makhmur,14-Apr,4:04,5:31,12:11,15:49,18:43,20:03
Makhmur,15-Apr,4:03,5:30,12:11,15:49,18:44,20:04
Makhmur,16-Apr,4:01,5:29,12:10,15:49,18:45,20:05
Makhmur,17-Apr,4:00,5:27,12:10,15:49,18:46,20:06
Makhmur,18-Apr,3:58,5:26,12:10,15:50,18:46,20:07
Makhmur,19-Apr,3:57,5:25,12:10,15:50,18:47,20:08
Makhmur,20-Apr,3:55,5:24,12:10,15:50,18:48,20:09
Makhmur,21-Apr,3:54,5:22,12:09,15:50,18:49,20:10
Makhmur,22-Apr,3:52,5:21,12:09,15:50,18:50,20:12
Makhmur,23-Apr,3:50,5:20,12:09,15:50,18:51,20:13
Makhmur,24-Apr,3:49,5:19,12:09,15:50,18:51,20:14
Makhmur,25-Apr,3:47,5:17,12:09,15:50,18:52,20:15
Makhmur,26-Apr,3:46,5:16,12:08,15:50,18:53,20:16
Makhmur,27-Apr,3:44,5:15,12:08,15:51,18:54,20:17
Makhmur,28-Apr,3:43,5:14,12:08,15:51,18:55,20:18
Makhmur,29-Apr,3:41,5:13,12:08,15:51,18:56,20:20
Makhmur,30-Apr,3:40,5:12,12:08,15:51,18:57,20:21
Makhmur,1-May,3:39,5:11,12:08,15:51,18:57,20:22
Makhmur,2-May,3:37,5:10,12:08,15:51,18:58,20:23
Makhmur,3-May,3:36,5:08,12:08,15:51,18:59,20:24
Makhmur,4-May,3:34,5:07,12:07,15:51,19:00,20:25
Makhmur,5-May,3:33,5:06,12:07,15:52,19:01,20:27
Makhmur,6-May,3:32,5:05,12:07,15:52,19:02,20:28
Makhmur,7-May,3:30,5:04,12:07,15:52,19:03,20:29
Makhmur,8-May,3:29,5:03,12:07,15:52,19:03,20:30
Makhmur,9-May,3:28,5:03,12:07,15:52,19:04,20:31
Makhmur,10-May,3:26,5:02,12:07,15:52,19:05,20:32
Makhmur,11-May,3:25,5:01,12:07,15:52,19:06,20:34
Makhmur,12-May,3:24,5:00,12:07,15:52,19:07,20:35
Makhmur,13-May,3:23,4:59,12:07,15:53,19:07,20:36
Makhmur,14-May,3:21,4:58,12:07,15:53,19:08,20:37
Makhmur,15-May,3:20,4:57,12:07,15:53,19:09,20:38
Makhmur,16-May,3:19,4:57,12:07,15:53,19:10,20:39
Makhmur,17-May,3:18,4:56,12:07,15:53,19:11,20:40
Makhmur,18-May,3:17,4:55,12:07,15:53,19:12,20:42
Makhmur,19-May,3:16,4:54,12:07,15:53,19:12,20:43
Makhmur,20-May,3:15,4:54,12:07,15:54,19:13,20:44
Makhmur,21-May,3:14,4:53,12:07,15:54,19:14,20:45
Makhmur,22-May,3:13,4:52,12:07,15:54,19:15,20:46
Makhmur,23-May,3:12,4:52,12:07,15:54,19:15,20:47
Makhmur,24-May,3:11,4:51,12:08,15:54,19:16,20:48
Makhmur,25-May,3:10,4:51,12:08,15:54,19:17,20:49
Makhmur,26-May,3:09,4:50,12:08,15:55,19:18,20:50
Makhmur,27-May,3:08,4:50,12:08,15:55,19:18,20:51
Makhmur,28-May,3:08,4:49,12:08,15:55,19:19,20:52
Makhmur,29-May,3:07,4:49,12:08,15:55,19:20,20:53
Makhmur,30-May,3:06,4:48,12:08,15:55,19:20,20:54
Makhmur,31-May,3:05,4:48,12:08,15:56,19:21,20:55
Makhmur,1-Jun,3:05,4:48,12:09,15:56,19:22,20:56
Makhmur,2-Jun,3:04,4:47,12:09,15:56,19:22,20:57
Makhmur,3-Jun,3:04,4:47,12:09,15:56,19:23,20:57
Makhmur,4-Jun,3:03,4:47,12:09,15:56,19:23,20:58
Makhmur,5-Jun,3:03,4:47,12:09,15:57,19:24,20:59
Makhmur,6-Jun,3:02,4:46,12:09,15:57,19:25,21:00
Makhmur,7-Jun,3:02,4:46,12:10,15:57,19:25,21:00
Makhmur,8-Jun,3:02,4:46,12:10,15:57,19:26,21:01
Makhmur,9-Jun,3:01,4:46,12:10,15:57,19:26,21:02
Makhmur,10-Jun,3:01,4:46,12:10,15:58,19:27,21:02
Makhmur,11-Jun,3:01,4:46,12:10,15:58,19:27,21:03
Makhmur,12-Jun,3:01,4:46,12:11,15:58,19:27,21:04
Makhmur,13-Jun,3:00,4:46,12:11,15:58,19:28,21:04
Makhmur,14-Jun,3:00,4:46,12:11,15:58,19:28,21:05
Makhmur,15-Jun,3:00,4:46,12:11,15:59,19:29,21:05
Makhmur,16-Jun,3:00,4:46,12:11,15:59,19:29,21:05
Makhmur,17-Jun,3:00,4:46,12:12,15:59,19:29,21:06
Makhmur,18-Jun,3:00,4:46,12:12,15:59,19:30,21:06
Makhmur,19-Jun,3:00,4:46,12:12,16:00,19:30,21:06
Makhmur,20-Jun,3:01,4:46,12:12,16:00,19:30,21:07
Makhmur,21-Jun,3:01,4:47,12:12,16:00,19:30,21:07
Makhmur,22-Jun,3:01,4:47,12:13,16:00,19:30,21:07
Makhmur,23-Jun,3:01,4:47,12:13,16:00,19:31,21:07
Makhmur,24-Jun,3:02,4:47,12:13,16:01,19:31,21:07
Makhmur,25-Jun,3:02,4:48,12:13,16:01,19:31,21:07
Makhmur,26-Jun,3:02,4:48,12:14,16:01,19:31,21:07
Makhmur,27-Jun,3:03,4:48,12:14,16:01,19:31,21:07
Makhmur,28-Jun,3:03,4:49,12:14,16:01,19:31,21:07
Makhmur,29-Jun,3:04,4:49,12:14,16:02,19:31,21:07
Makhmur,30-Jun,3:04,4:50,12:14,16:02,19:31,21:07
Makhmur,1-Jul,3:05,4:50,12:15,16:02,19:31,21:07
Makhmur,2-Jul,3:05,4:50,12:15,16:02,19:31,21:07
Makhmur,3-Jul,3:06,4:51,12:15,16:02,19:31,21:06
Makhmur,4-Jul,3:07,4:51,12:15,16:02,19:31,21:06
Makhmur,5-Jul,3:07,4:52,12:15,16:03,19:30,21:06
Makhmur,6-Jul,3:08,4:52,12:15,16:03,19:30,21:05
Makhmur,7-Jul,3:09,4:53,12:16,16:03,19:30,21:05
Makhmur,8-Jul,3:10,4:54,12:16,16:03,19:30,21:04
Makhmur,9-Jul,3:11,4:54,12:16,16:03,19:29,21:04
Makhmur,10-Jul,3:11,4:55,12:16,16:03,19:29,21:03
Makhmur,11-Jul,3:12,4:55,12:16,16:03,19:29,21:03
Makhmur,12-Jul,3:13,4:56,12:16,16:03,19:28,21:02
Makhmur,13-Jul,3:14,4:57,12:16,16:03,19:28,21:01
Makhmur,14-Jul,3:15,4:57,12:17,16:03,19:28,21:01
Makhmur,15-Jul,3:16,4:58,12:17,16:04,19:27,21:00
Makhmur,16-Jul,3:17,4:59,12:17,16:04,19:27,20:59
Makhmur,17-Jul,3:18,4:59,12:17,16:04,19:26,20:58
Makhmur,18-Jul,3:19,5:00,12:17,16:04,19:26,20:57
Makhmur,19-Jul,3:20,5:01,12:17,16:04,19:25,20:56
Makhmur,20-Jul,3:21,5:01,12:17,16:04,19:24,20:56
Makhmur,21-Jul,3:22,5:02,12:17,16:03,19:24,20:55
Makhmur,22-Jul,3:23,5:03,12:17,16:03,19:23,20:54
Makhmur,23-Jul,3:24,5:04,12:17,16:03,19:22,20:53
Makhmur,24-Jul,3:25,5:04,12:17,16:03,19:22,20:52
Makhmur,25-Jul,3:27,5:05,12:17,16:03,19:21,20:51
Makhmur,26-Jul,3:28,5:06,12:17,16:03,19:20,20:49
Makhmur,27-Jul,3:29,5:07,12:17,16:03,19:19,20:48
Makhmur,28-Jul,3:30,5:07,12:17,16:03,19:19,20:47
Makhmur,29-Jul,3:31,5:08,12:17,16:03,19:18,20:46
Makhmur,30-Jul,3:32,5:09,12:17,16:02,19:17,20:45
Makhmur,31-Jul,3:33,5:10,12:17,16:02,19:16,20:44
Makhmur,1-Aug,3:34,5:10,12:17,16:02,19:15,20:42
Makhmur,2-Aug,3:36,5:11,12:17,16:02,19:14,20:41
Makhmur,3-Aug,3:37,5:12,12:17,16:02,19:13,20:40
Makhmur,4-Aug,3:38,5:13,12:17,16:01,19:12,20:39
Makhmur,5-Aug,3:39,5:14,12:17,16:01,19:11,20:37
Makhmur,6-Aug,3:40,5:14,12:17,16:01,19:10,20:36
Makhmur,7-Aug,3:41,5:15,12:16,16:00,19:09,20:35
Makhmur,8-Aug,3:43,5:16,12:16,16:00,19:08,20:33
Makhmur,9-Aug,3:44,5:17,12:16,16:00,19:07,20:32
Makhmur,10-Aug,3:45,5:18,12:16,15:59,19:06,20:30
Makhmur,11-Aug,3:46,5:18,12:16,15:59,19:05,20:29
Makhmur,12-Aug,3:47,5:19,12:16,15:58,19:04,20:27
Makhmur,13-Aug,3:48,5:20,12:16,15:58,19:03,20:26
Makhmur,14-Aug,3:49,5:21,12:15,15:58,19:01,20:25
Makhmur,15-Aug,3:50,5:22,12:15,15:57,19:00,20:23
Makhmur,16-Aug,3:52,5:22,12:15,15:57,18:59,20:22
Makhmur,17-Aug,3:53,5:23,12:15,15:56,18:58,20:20
Makhmur,18-Aug,3:54,5:24,12:14,15:56,18:57,20:19
Makhmur,19-Aug,3:55,5:25,12:14,15:55,18:55,20:17
Makhmur,20-Aug,3:56,5:25,12:14,15:55,18:54,20:15
Makhmur,21-Aug,3:57,5:26,12:14,15:54,18:53,20:14
Makhmur,22-Aug,3:58,5:27,12:14,15:53,18:51,20:12
Makhmur,23-Aug,3:59,5:28,12:13,15:53,18:50,20:11
Makhmur,24-Aug,4:00,5:29,12:13,15:52,18:49,20:09
Makhmur,25-Aug,4:01,5:29,12:13,15:52,18:48,20:08
Makhmur,26-Aug,4:02,5:30,12:12,15:51,18:46,20:06
Makhmur,27-Aug,4:03,5:31,12:12,15:50,18:45,20:04
Makhmur,28-Aug,4:04,5:32,12:12,15:50,18:43,20:03
Makhmur,29-Aug,4:05,5:32,12:12,15:49,18:42,20:01
Makhmur,30-Aug,4:06,5:33,12:11,15:48,18:41,20:00
Makhmur,31-Aug,4:08,5:34,12:11,15:47,18:39,19:58
Makhmur,1-Sep,4:09,5:35,12:11,15:47,18:38,19:56
Makhmur,2-Sep,4:10,5:36,12:10,15:46,18:37,19:55
Makhmur,3-Sep,4:11,5:36,12:10,15:45,18:35,19:53
Makhmur,4-Sep,4:11,5:37,12:10,15:44,18:34,19:52
Makhmur,5-Sep,4:12,5:38,12:09,15:44,18:32,19:50
Makhmur,6-Sep,4:13,5:39,12:09,15:43,18:31,19:48
Makhmur,7-Sep,4:14,5:39,12:09,15:42,18:29,19:47
Makhmur,8-Sep,4:15,5:40,12:08,15:41,18:28,19:45
Makhmur,9-Sep,4:16,5:41,12:08,15:40,18:26,19:44
Makhmur,10-Sep,4:17,5:42,12:08,15:39,18:25,19:42
Makhmur,11-Sep,4:18,5:42,12:07,15:39,18:24,19:40
Makhmur,12-Sep,4:19,5:43,12:07,15:38,18:22,19:39
Makhmur,13-Sep,4:20,5:44,12:07,15:37,18:21,19:37
Makhmur,14-Sep,4:21,5:45,12:06,15:36,18:19,19:35
Makhmur,15-Sep,4:22,5:45,12:06,15:35,18:18,19:34
Makhmur,16-Sep,4:23,5:46,12:05,15:34,18:16,19:32
Makhmur,17-Sep,4:24,5:47,12:05,15:33,18:15,19:31
Makhmur,18-Sep,4:24,5:48,12:05,15:32,18:13,19:29
Makhmur,19-Sep,4:25,5:48,12:04,15:31,18:12,19:28
Makhmur,20-Sep,4:26,5:49,12:04,15:30,18:10,19:26
Makhmur,21-Sep,4:27,5:50,12:04,15:29,18:09,19:24
Makhmur,22-Sep,4:28,5:51,12:03,15:28,18:07,19:23
Makhmur,23-Sep,4:29,5:52,12:03,15:27,18:06,19:21
Makhmur,24-Sep,4:30,5:52,12:03,15:26,18:04,19:20
Makhmur,25-Sep,4:31,5:53,12:02,15:26,18:03,19:18
Makhmur,26-Sep,4:31,5:54,12:02,15:25,18:01,19:17
Makhmur,27-Sep,4:32,5:55,12:02,15:24,18:00,19:15
Makhmur,28-Sep,4:33,5:55,12:01,15:23,17:59,19:14
Makhmur,29-Sep,4:34,5:56,12:01,15:22,17:57,19:12
Makhmur,30-Sep,4:35,5:57,12:01,15:21,17:56,19:11
Makhmur,1-Oct,4:36,5:58,12:00,15:20,17:54,19:09
Makhmur,2-Oct,4:36,5:59,12:00,15:19,17:53,19:08
Makhmur,3-Oct,4:37,5:59,12:00,15:18,17:51,19:06
Makhmur,4-Oct,4:38,6:00,11:59,15:17,17:50,19:05
Makhmur,5-Oct,4:39,6:01,11:59,15:16,17:49,19:03
Makhmur,6-Oct,4:40,6:02,11:59,15:15,17:47,19:02
Makhmur,7-Oct,4:41,6:03,11:58,15:14,17:46,19:01
Makhmur,8-Oct,4:41,6:03,11:58,15:13,17:44,18:59
Makhmur,9-Oct,4:42,6:04,11:58,15:12,17:43,18:58
Makhmur,10-Oct,4:43,6:05,11:58,15:11,17:42,18:57
Makhmur,11-Oct,4:44,6:06,11:57,15:10,17:40,18:55
Makhmur,12-Oct,4:45,6:07,11:57,15:09,17:39,18:54
Makhmur,13-Oct,4:46,6:08,11:57,15:08,17:38,18:53
Makhmur,14-Oct,4:46,6:09,11:57,15:07,17:36,18:51
Makhmur,15-Oct,4:47,6:09,11:56,15:06,17:35,18:50
Makhmur,16-Oct,4:48,6:10,11:56,15:05,17:34,18:49
Makhmur,17-Oct,4:49,6:11,11:56,15:04,17:32,18:48
Makhmur,18-Oct,4:50,6:12,11:56,15:03,17:31,18:46
Makhmur,19-Oct,4:50,6:13,11:56,15:02,17:30,18:45
Makhmur,20-Oct,4:51,6:14,11:55,15:01,17:29,18:44
Makhmur,21-Oct,4:52,6:15,11:55,15:00,17:27,18:43
Makhmur,22-Oct,4:53,6:16,11:55,14:59,17:26,18:42
Makhmur,23-Oct,4:54,6:16,11:55,14:58,17:25,18:41
Makhmur,24-Oct,4:55,6:17,11:55,14:57,17:24,18:40
Makhmur,25-Oct,4:55,6:18,11:55,14:56,17:23,18:39
Makhmur,26-Oct,4:56,6:19,11:55,14:55,17:22,18:37
Makhmur,27-Oct,4:57,6:20,11:55,14:55,17:20,18:36
Makhmur,28-Oct,4:58,6:21,11:54,14:54,17:19,18:35
Makhmur,29-Oct,4:59,6:22,11:54,14:53,17:18,18:34
Makhmur,30-Oct,5:00,6:23,11:54,14:52,17:17,18:34
Makhmur,31-Oct,5:00,6:24,11:54,14:51,17:16,18:33
Makhmur,1-Nov,5:01,6:25,11:54,14:50,17:15,18:32
Makhmur,2-Nov,5:02,6:26,11:54,14:50,17:14,18:31
Makhmur,3-Nov,5:03,6:27,11:54,14:49,17:13,18:30
Makhmur,4-Nov,5:04,6:28,11:54,14:48,17:12,18:29
Makhmur,5-Nov,5:05,6:29,11:54,14:47,17:11,18:28
Makhmur,6-Nov,5:06,6:30,11:54,14:47,17:10,18:28
Makhmur,7-Nov,5:06,6:31,11:54,14:46,17:10,18:27
Makhmur,8-Nov,5:07,6:32,11:54,14:45,17:09,18:26
Makhmur,9-Nov,5:08,6:33,11:54,14:45,17:08,18:25
Makhmur,10-Nov,5:09,6:34,11:55,14:44,17:07,18:25
Makhmur,11-Nov,5:10,6:35,11:55,14:43,17:06,18:24
Makhmur,12-Nov,5:11,6:36,11:55,14:43,17:06,18:24
Makhmur,13-Nov,5:12,6:37,11:55,14:42,17:05,18:23
Makhmur,14-Nov,5:12,6:38,11:55,14:42,17:04,18:22
Makhmur,15-Nov,5:13,6:39,11:55,14:41,17:04,18:22
Makhmur,16-Nov,5:14,6:40,11:55,14:41,17:03,18:21
Makhmur,17-Nov,5:15,6:41,11:56,14:40,17:02,18:21
Makhmur,18-Nov,5:16,6:42,11:56,14:40,17:02,18:20
Makhmur,19-Nov,5:17,6:43,11:56,14:40,17:01,18:20
Makhmur,20-Nov,5:18,6:44,11:56,14:39,17:01,18:20
Makhmur,21-Nov,5:18,6:44,11:57,14:39,17:00,18:19
Makhmur,22-Nov,5:19,6:45,11:57,14:38,17:00,18:19
Makhmur,23-Nov,5:20,6:46,11:57,14:38,16:59,18:19
Makhmur,24-Nov,5:21,6:47,11:57,14:38,16:59,18:18
Makhmur,25-Nov,5:22,6:48,11:58,14:38,16:59,18:18
Makhmur,26-Nov,5:23,6:49,11:58,14:37,16:58,18:18
Makhmur,27-Nov,5:23,6:50,11:58,14:37,16:58,18:18
Makhmur,28-Nov,5:24,6:51,11:59,14:37,16:58,18:18
Makhmur,29-Nov,5:25,6:52,11:59,14:37,16:58,18:18
Makhmur,30-Nov,5:26,6:53,11:59,14:37,16:57,18:18
Makhmur,1-Dec,5:27,6:54,12:00,14:37,16:57,18:17
Makhmur,2-Dec,5:27,6:55,12:00,14:37,16:57,18:17
Makhmur,3-Dec,5:28,6:56,12:00,14:37,16:57,18:17
Makhmur,4-Dec,5:29,6:57,12:01,14:37,16:57,18:18
Makhmur,5-Dec,5:30,6:57,12:01,14:37,16:57,18:18
Makhmur,6-Dec,5:30,6:58,12:02,14:37,16:57,18:18
Makhmur,7-Dec,5:31,6:59,12:02,14:37,16:57,18:18
Makhmur,8-Dec,5:32,7:00,12:03,14:37,16:57,18:18
Makhmur,9-Dec,5:33,7:01,12:03,14:37,16:57,18:18
Makhmur,10-Dec,5:33,7:01,12:03,14:37,16:57,18:18
Makhmur,11-Dec,5:34,7:02,12:04,14:38,16:58,18:19
Makhmur,12-Dec,5:35,7:03,12:04,14:38,16:58,18:19
Makhmur,13-Dec,5:35,7:04,12:05,14:38,16:58,18:19
Makhmur,14-Dec,5:36,7:04,12:05,14:38,16:58,18:19
Makhmur,15-Dec,5:37,7:05,12:06,14:39,16:59,18:20
Makhmur,16-Dec,5:37,7:06,12:06,14:39,16:59,18:20
Makhmur,17-Dec,5:38,7:06,12:07,14:39,16:59,18:21
Makhmur,18-Dec,5:38,7:07,12:07,14:40,17:00,18:21
Makhmur,19-Dec,5:39,7:07,12:08,14:40,17:00,18:21
Makhmur,20-Dec,5:40,7:08,12:08,14:41,17:00,18:22
Makhmur,21-Dec,5:40,7:09,12:09,14:41,17:01,18:22
Makhmur,22-Dec,5:41,7:09,12:09,14:42,17:01,18:23
Makhmur,23-Dec,5:41,7:10,12:10,14:42,17:02,18:23
Makhmur,24-Dec,5:41,7:10,12:10,14:43,17:03,18:24
Makhmur,25-Dec,5:42,7:10,12:11,14:43,17:03,18:24
Makhmur,26-Dec,5:42,7:11,12:11,14:44,17:04,18:25
Makhmur,27-Dec,5:43,7:11,12:12,14:45,17:04,18:26
Makhmur,28-Dec,5:43,7:11,12:12,14:45,17:05,18:26
Makhmur,29-Dec,5:43,7:12,12:13,14:46,17:06,18:27
Makhmur,30-Dec,5:44,7:12,12:13,14:47,17:06,18:28
Makhmur,31-Dec,5:44,7:12,12:14,14:47,17:07,18:28
Tuz Khurma,1-Jan,5:39,7:06,12:10,14:46,17:06,18:26
Tuz Khurma,2-Jan,5:39,7:07,12:11,14:47,17:07,18:27
Tuz Khurma,3-Jan,5:39,7:07,12:11,14:48,17:08,18:28
Tuz Khurma,4-Jan,5:40,7:07,12:12,14:49,17:08,18:29
Tuz Khurma,5-Jan,5:40,7:07,12:12,14:49,17:09,18:29
Tuz Khurma,6-Jan,5:40,7:07,12:12,14:50,17:10,18:30
Tuz Khurma,7-Jan,5:40,7:07,12:13,14:51,17:11,18:31
Tuz Khurma,8-Jan,5:40,7:07,12:13,14:52,17:12,18:32
Tuz Khurma,9-Jan,5:40,7:07,12:14,14:53,17:13,18:32
Tuz Khurma,10-Jan,5:40,7:07,12:14,14:53,17:14,18:33
Tuz Khurma,11-Jan,5:40,7:07,12:14,14:54,17:14,18:34
Tuz Khurma,12-Jan,5:40,7:07,12:15,14:55,17:15,18:35
Tuz Khurma,13-Jan,5:40,7:06,12:15,14:56,17:16,18:36
Tuz Khurma,14-Jan,5:40,7:06,12:16,14:57,17:17,18:36
Tuz Khurma,15-Jan,5:40,7:06,12:16,14:58,17:18,18:37
Tuz Khurma,16-Jan,5:40,7:06,12:16,14:58,17:19,18:38
Tuz Khurma,17-Jan,5:40,7:05,12:17,14:59,17:20,18:39
Tuz Khurma,18-Jan,5:39,7:05,12:17,15:00,17:21,18:40
Tuz Khurma,19-Jan,5:39,7:05,12:17,15:01,17:22,18:41
Tuz Khurma,20-Jan,5:39,7:04,12:18,15:02,17:23,18:42
Tuz Khurma,21-Jan,5:39,7:04,12:18,15:03,17:24,18:42
Tuz Khurma,22-Jan,5:38,7:04,12:18,15:04,17:25,18:43
Tuz Khurma,23-Jan,5:38,7:03,12:18,15:05,17:26,18:44
Tuz Khurma,24-Jan,5:38,7:03,12:19,15:05,17:27,18:45
Tuz Khurma,25-Jan,5:37,7:02,12:19,15:06,17:28,18:46
Tuz Khurma,26-Jan,5:37,7:01,12:19,15:07,17:29,18:47
Tuz Khurma,27-Jan,5:36,7:01,12:19,15:08,17:30,18:48
Tuz Khurma,28-Jan,5:36,7:00,12:19,15:09,17:31,18:49
Tuz Khurma,29-Jan,5:35,7:00,12:20,15:10,17:32,18:49
Tuz Khurma,30-Jan,5:35,6:59,12:20,15:11,17:33,18:50
Tuz Khurma,31-Jan,5:34,6:58,12:20,15:11,17:34,18:51
Tuz Khurma,1-Feb,5:34,6:57,12:20,15:12,17:35,18:52
Tuz Khurma,2-Feb,5:33,6:57,12:20,15:13,17:36,18:53
Tuz Khurma,3-Feb,5:32,6:56,12:20,15:14,17:37,18:54
Tuz Khurma,4-Feb,5:32,6:55,12:20,15:15,17:38,18:55
Tuz Khurma,5-Feb,5:31,6:54,12:21,15:16,17:39,18:56
Tuz Khurma,6-Feb,5:30,6:53,12:21,15:16,17:40,18:57
Tuz Khurma,7-Feb,5:29,6:53,12:21,15:17,17:41,18:57
Tuz Khurma,8-Feb,5:29,6:52,12:21,15:18,17:42,18:58
Tuz Khurma,9-Feb,5:28,6:51,12:21,15:19,17:43,18:59
Tuz Khurma,10-Feb,5:27,6:50,12:21,15:19,17:44,19:00
Tuz Khurma,11-Feb,5:26,6:49,12:21,15:20,17:45,19:01
Tuz Khurma,12-Feb,5:25,6:48,12:21,15:21,17:46,19:02
Tuz Khurma,13-Feb,5:24,6:47,12:21,15:22,17:47,19:03
Tuz Khurma,14-Feb,5:23,6:46,12:21,15:22,17:48,19:03
Tuz Khurma,15-Feb,5:23,6:45,12:21,15:23,17:49,19:04
Tuz Khurma,16-Feb,5:22,6:44,12:21,15:24,17:50,19:05
Tuz Khurma,17-Feb,5:21,6:43,12:20,15:24,17:51,19:06
Tuz Khurma,18-Feb,5:20,6:42,12:20,15:25,17:52,19:07
Tuz Khurma,19-Feb,5:18,6:40,12:20,15:26,17:53,19:08
Tuz Khurma,20-Feb,5:17,6:39,12:20,15:26,17:54,19:09
Tuz Khurma,21-Feb,5:16,6:38,12:20,15:27,17:55,19:10
Tuz Khurma,22-Feb,5:15,6:37,12:20,15:28,17:55,19:10
Tuz Khurma,23-Feb,5:14,6:36,12:20,15:28,17:56,19:11
Tuz Khurma,24-Feb,5:13,6:35,12:20,15:29,17:57,19:12
Tuz Khurma,25-Feb,5:12,6:33,12:20,15:29,17:58,19:13
Tuz Khurma,26-Feb,5:11,6:32,12:19,15:30,17:59,19:14
Tuz Khurma,27-Feb,5:09,6:31,12:19,15:31,18:00,19:15
Tuz Khurma,28-Feb,5:08,6:30,12:19,15:31,18:01,19:15
Tuz Khurma,1-Mar,5:07,6:28,12:19,15:32,18:02,19:16
Tuz Khurma,2-Mar,5:06,6:27,12:19,15:32,18:03,19:17
Tuz Khurma,3-Mar,5:05,6:26,12:18,15:33,18:03,19:18
Tuz Khurma,4-Mar,5:03,6:25,12:18,15:33,18:04,19:19
Tuz Khurma,5-Mar,5:02,6:23,12:18,15:34,18:05,19:20
Tuz Khurma,6-Mar,5:01,6:22,12:18,15:34,18:06,19:21
Tuz Khurma,7-Mar,4:59,6:21,12:18,15:35,18:07,19:21
Tuz Khurma,8-Mar,4:58,6:19,12:17,15:35,18:08,19:22
Tuz Khurma,9-Mar,4:57,6:18,12:17,15:35,18:09,19:23
Tuz Khurma,10-Mar,4:55,6:17,12:17,15:36,18:09,19:24
Tuz Khurma,11-Mar,4:54,6:15,12:16,15:36,18:10,19:25
Tuz Khurma,12-Mar,4:52,6:14,12:16,15:37,18:11,19:26
Tuz Khurma,13-Mar,4:51,6:13,12:16,15:37,18:12,19:27
Tuz Khurma,14-Mar,4:50,6:11,12:16,15:37,18:13,19:27
Tuz Khurma,15-Mar,4:48,6:10,12:15,15:38,18:14,19:28
Tuz Khurma,16-Mar,4:47,6:08,12:15,15:38,18:14,19:29
Tuz Khurma,17-Mar,4:45,6:07,12:15,15:38,18:15,19:30
Tuz Khurma,18-Mar,4:44,6:06,12:15,15:39,18:16,19:31
Tuz Khurma,19-Mar,4:42,6:04,12:14,15:39,18:17,19:32
Tuz Khurma,20-Mar,4:41,6:03,12:14,15:39,18:18,19:33
Tuz Khurma,21-Mar,4:39,6:01,12:14,15:40,18:18,19:34
Tuz Khurma,22-Mar,4:38,6:00,12:13,15:40,18:19,19:35
Tuz Khurma,23-Mar,4:36,5:59,12:13,15:40,18:20,19:35
Tuz Khurma,24-Mar,4:35,5:57,12:13,15:40,18:21,19:36
Tuz Khurma,25-Mar,4:33,5:56,12:12,15:41,18:22,19:37
Tuz Khurma,26-Mar,4:32,5:54,12:12,15:41,18:22,19:38
Tuz Khurma,27-Mar,4:30,5:53,12:12,15:41,18:23,19:39
Tuz Khurma,28-Mar,4:29,5:52,12:12,15:41,18:24,19:40
Tuz Khurma,29-Mar,4:27,5:50,12:11,15:42,18:25,19:41
Tuz Khurma,30-Mar,4:26,5:49,12:11,15:42,18:26,19:42
Tuz Khurma,31-Mar,4:24,5:47,12:11,15:42,18:26,19:43
Tuz Khurma,1-Apr,4:23,5:46,12:10,15:42,18:27,19:44
Tuz Khurma,2-Apr,4:21,5:45,12:10,15:42,18:28,19:45
Tuz Khurma,3-Apr,4:20,5:43,12:10,15:43,18:29,19:46
Tuz Khurma,4-Apr,4:18,5:42,12:09,15:43,18:30,19:47
Tuz Khurma,5-Apr,4:16,5:41,12:09,15:43,18:30,19:48
Tuz Khurma,6-Apr,4:15,5:39,12:09,15:43,18:31,19:48
Tuz Khurma,7-Apr,4:13,5:38,12:09,15:43,18:32,19:49
Tuz Khurma,8-Apr,4:12,5:36,12:08,15:43,18:33,19:50
Tuz Khurma,9-Apr,4:10,5:35,12:08,15:43,18:34,19:51
Tuz Khurma,10-Apr,4:09,5:34,12:08,15:44,18:34,19:52
Tuz Khurma,11-Apr,4:07,5:32,12:08,15:44,18:35,19:53
Tuz Khurma,12-Apr,4:06,5:31,12:07,15:44,18:36,19:54
Tuz Khurma,13-Apr,4:04,5:30,12:07,15:44,18:37,19:55
Tuz Khurma,14-Apr,4:03,5:29,12:07,15:44,18:38,19:57
Tuz Khurma,15-Apr,4:01,5:27,12:07,15:44,18:38,19:58
Tuz Khurma,16-Apr,3:59,5:26,12:06,15:44,18:39,19:59
Tuz Khurma,17-Apr,3:58,5:25,12:06,15:44,18:40,20:00
Tuz Khurma,18-Apr,3:56,5:23,12:06,15:45,18:41,20:01
Tuz Khurma,19-Apr,3:55,5:22,12:06,15:45,18:42,20:02
Tuz Khurma,20-Apr,3:53,5:21,12:05,15:45,18:42,20:03
Tuz Khurma,21-Apr,3:52,5:20,12:05,15:45,18:43,20:04
Tuz Khurma,22-Apr,3:50,5:19,12:05,15:45,18:44,20:05
Tuz Khurma,23-Apr,3:49,5:17,12:05,15:45,18:45,20:06
Tuz Khurma,24-Apr,3:47,5:16,12:05,15:45,18:46,20:07
Tuz Khurma,25-Apr,3:46,5:15,12:04,15:45,18:46,20:08
Tuz Khurma,26-Apr,3:44,5:14,12:04,15:45,18:47,20:09
Tuz Khurma,27-Apr,3:43,5:13,12:04,15:45,18:48,20:10
Tuz Khurma,28-Apr,3:42,5:12,12:04,15:45,18:49,20:12
Tuz Khurma,29-Apr,3:40,5:11,12:04,15:46,18:50,20:13
Tuz Khurma,30-Apr,3:39,5:09,12:04,15:46,18:51,20:14
Tuz Khurma,1-May,3:37,5:08,12:04,15:46,18:51,20:15
Tuz Khurma,2-May,3:36,5:07,12:03,15:46,18:52,20:16
Tuz Khurma,3-May,3:35,5:06,12:03,15:46,18:53,20:17
Tuz Khurma,4-May,3:33,5:05,12:03,15:46,18:54,20:18
Tuz Khurma,5-May,3:32,5:04,12:03,15:46,18:55,20:19
Tuz Khurma,6-May,3:31,5:03,12:03,15:46,18:55,20:20
Tuz Khurma,7-May,3:29,5:02,12:03,15:46,18:56,20:22
Tuz Khurma,8-May,3:28,5:01,12:03,15:46,18:57,20:23
Tuz Khurma,9-May,3:27,5:01,12:03,15:46,18:58,20:24
Tuz Khurma,10-May,3:26,5:00,12:03,15:47,18:59,20:25
Tuz Khurma,11-May,3:24,4:59,12:03,15:47,18:59,20:26
Tuz Khurma,12-May,3:23,4:58,12:03,15:47,19:00,20:27
Tuz Khurma,13-May,3:22,4:57,12:03,15:47,19:01,20:28
Tuz Khurma,14-May,3:21,4:56,12:03,15:47,19:02,20:29
Tuz Khurma,15-May,3:20,4:56,12:03,15:47,19:03,20:30
Tuz Khurma,16-May,3:19,4:55,12:03,15:47,19:03,20:32
Tuz Khurma,17-May,3:18,4:54,12:03,15:47,19:04,20:33
Tuz Khurma,18-May,3:17,4:53,12:03,15:47,19:05,20:34
Tuz Khurma,19-May,3:16,4:53,12:03,15:48,19:06,20:35
Tuz Khurma,20-May,3:15,4:52,12:03,15:48,19:06,20:36
Tuz Khurma,21-May,3:14,4:51,12:03,15:48,19:07,20:37
Tuz Khurma,22-May,3:13,4:51,12:03,15:48,19:08,20:38
Tuz Khurma,23-May,3:12,4:50,12:03,15:48,19:09,20:39
Tuz Khurma,24-May,3:11,4:50,12:03,15:48,19:09,20:40
Tuz Khurma,25-May,3:10,4:49,12:03,15:48,19:10,20:41
Tuz Khurma,26-May,3:09,4:49,12:04,15:49,19:11,20:42
Tuz Khurma,27-May,3:09,4:48,12:04,15:49,19:11,20:43
Tuz Khurma,28-May,3:08,4:48,12:04,15:49,19:12,20:44
Tuz Khurma,29-May,3:07,4:47,12:04,15:49,19:13,20:45
Tuz Khurma,30-May,3:06,4:47,12:04,15:49,19:13,20:46
Tuz Khurma,31-May,3:06,4:47,12:04,15:50,19:14,20:46
Tuz Khurma,1-Jun,3:05,4:46,12:04,15:50,19:15,20:47
Tuz Khurma,2-Jun,3:05,4:46,12:05,15:50,19:15,20:48
Tuz Khurma,3-Jun,3:04,4:46,12:05,15:50,19:16,20:49
Tuz Khurma,4-Jun,3:04,4:46,12:05,15:50,19:16,20:50
Tuz Khurma,5-Jun,3:03,4:45,12:05,15:50,19:17,20:50
Tuz Khurma,6-Jun,3:03,4:45,12:05,15:51,19:18,20:51
Tuz Khurma,7-Jun,3:02,4:45,12:05,15:51,19:18,20:52
Tuz Khurma,8-Jun,3:02,4:45,12:06,15:51,19:19,20:53
Tuz Khurma,9-Jun,3:02,4:45,12:06,15:51,19:19,20:53
Tuz Khurma,10-Jun,3:02,4:45,12:06,15:51,19:20,20:54
Tuz Khurma,11-Jun,3:01,4:45,12:06,15:52,19:20,20:54
Tuz Khurma,12-Jun,3:01,4:45,12:06,15:52,19:20,20:55
Tuz Khurma,13-Jun,3:01,4:45,12:07,15:52,19:21,20:55
Tuz Khurma,14-Jun,3:01,4:45,12:07,15:52,19:21,20:56
Tuz Khurma,15-Jun,3:01,4:45,12:07,15:53,19:22,20:56
Tuz Khurma,16-Jun,3:01,4:45,12:07,15:53,19:22,20:57
Tuz Khurma,17-Jun,3:01,4:45,12:07,15:53,19:22,20:57
Tuz Khurma,18-Jun,3:01,4:45,12:08,15:53,19:23,20:57
Tuz Khurma,19-Jun,3:01,4:45,12:08,15:53,19:23,20:58
Tuz Khurma,20-Jun,3:01,4:45,12:08,15:54,19:23,20:58
Tuz Khurma,21-Jun,3:01,4:45,12:08,15:54,19:23,20:58
Tuz Khurma,22-Jun,3:02,4:46,12:09,15:54,19:23,20:58
Tuz Khurma,23-Jun,3:02,4:46,12:09,15:54,19:24,20:58
Tuz Khurma,24-Jun,3:02,4:46,12:09,15:54,19:24,20:59
Tuz Khurma,25-Jun,3:03,4:47,12:09,15:55,19:24,20:59
Tuz Khurma,26-Jun,3:03,4:47,12:09,15:55,19:24,20:59
Tuz Khurma,27-Jun,3:03,4:47,12:10,15:55,19:24,20:59
Tuz Khurma,28-Jun,3:04,4:48,12:10,15:55,19:24,20:59
Tuz Khurma,29-Jun,3:04,4:48,12:10,15:55,19:24,20:58
Tuz Khurma,30-Jun,3:05,4:48,12:10,15:56,19:24,20:58
Tuz Khurma,1-Jul,3:05,4:49,12:10,15:56,19:24,20:58
Tuz Khurma,2-Jul,3:06,4:49,12:11,15:56,19:24,20:58
Tuz Khurma,3-Jul,3:07,4:50,12:11,15:56,19:24,20:58
Tuz Khurma,4-Jul,3:07,4:50,12:11,15:56,19:24,20:57
Tuz Khurma,5-Jul,3:08,4:51,12:11,15:57,19:23,20:57
Tuz Khurma,6-Jul,3:09,4:51,12:11,15:57,19:23,20:57
Tuz Khurma,7-Jul,3:09,4:52,12:11,15:57,19:23,20:56
Tuz Khurma,8-Jul,3:10,4:52,12:12,15:57,19:23,20:56
Tuz Khurma,9-Jul,3:11,4:53,12:12,15:57,19:23,20:55
Tuz Khurma,10-Jul,3:12,4:53,12:12,15:57,19:22,20:55
Tuz Khurma,11-Jul,3:13,4:54,12:12,15:57,19:22,20:54
Tuz Khurma,12-Jul,3:13,4:55,12:12,15:57,19:22,20:54
Tuz Khurma,13-Jul,3:14,4:55,12:12,15:57,19:21,20:53
Tuz Khurma,14-Jul,3:15,4:56,12:12,15:58,19:21,20:52
Tuz Khurma,15-Jul,3:16,4:56,12:13,15:58,19:20,20:52
Tuz Khurma,16-Jul,3:17,4:57,12:13,15:58,19:20,20:51
Tuz Khurma,17-Jul,3:18,4:58,12:13,15:58,19:19,20:50
Tuz Khurma,18-Jul,3:19,4:58,12:13,15:58,19:19,20:49
Tuz Khurma,19-Jul,3:20,4:59,12:13,15:58,19:18,20:48
Tuz Khurma,20-Jul,3:21,5:00,12:13,15:58,19:18,20:48
Tuz Khurma,21-Jul,3:22,5:00,12:13,15:58,19:17,20:47
Tuz Khurma,22-Jul,3:23,5:01,12:13,15:58,19:16,20:46
Tuz Khurma,23-Jul,3:24,5:02,12:13,15:58,19:16,20:45
Tuz Khurma,24-Jul,3:25,5:03,12:13,15:57,19:15,20:44
Tuz Khurma,25-Jul,3:26,5:03,12:13,15:57,19:14,20:43
Tuz Khurma,26-Jul,3:27,5:04,12:13,15:57,19:14,20:42
Tuz Khurma,27-Jul,3:28,5:05,12:13,15:57,19:13,20:41
Tuz Khurma,28-Jul,3:29,5:06,12:13,15:57,19:12,20:40
Tuz Khurma,29-Jul,3:31,5:06,12:13,15:57,19:11,20:38
Tuz Khurma,30-Jul,3:32,5:07,12:13,15:57,19:10,20:37
Tuz Khurma,31-Jul,3:33,5:08,12:13,15:57,19:10,20:36
Tuz Khurma,1-Aug,3:34,5:09,12:13,15:56,19:09,20:35
Tuz Khurma,2-Aug,3:35,5:09,12:13,15:56,19:08,20:34
Tuz Khurma,3-Aug,3:36,5:10,12:13,15:56,19:07,20:32
Tuz Khurma,4-Aug,3:37,5:11,12:13,15:56,19:06,20:31
Tuz Khurma,5-Aug,3:38,5:12,12:13,15:55,19:05,20:30
Tuz Khurma,6-Aug,3:39,5:12,12:12,15:55,19:04,20:29
Tuz Khurma,7-Aug,3:40,5:13,12:12,15:55,19:03,20:27
Tuz Khurma,8-Aug,3:42,5:14,12:12,15:55,19:02,20:26
Tuz Khurma,9-Aug,3:43,5:15,12:12,15:54,19:01,20:25
Tuz Khurma,10-Aug,3:44,5:15,12:12,15:54,19:00,20:23
Tuz Khurma,11-Aug,3:45,5:16,12:12,15:54,18:59,20:22
Tuz Khurma,12-Aug,3:46,5:17,12:12,15:53,18:58,20:21
Tuz Khurma,13-Aug,3:47,5:18,12:11,15:53,18:57,20:19
Tuz Khurma,14-Aug,3:48,5:18,12:11,15:52,18:55,20:18
Tuz Khurma,15-Aug,3:49,5:19,12:11,15:52,18:54,20:16
Tuz Khurma,16-Aug,3:50,5:20,12:11,15:51,18:53,20:15
Tuz Khurma,17-Aug,3:51,5:21,12:11,15:51,18:52,20:13
Tuz Khurma,18-Aug,3:52,5:21,12:10,15:51,18:51,20:12
Tuz Khurma,19-Aug,3:53,5:22,12:10,15:50,18:50,20:10
Tuz Khurma,20-Aug,3:54,5:23,12:10,15:50,18:48,20:09
Tuz Khurma,21-Aug,3:55,5:24,12:10,15:49,18:47,20:07
Tuz Khurma,22-Aug,3:56,5:24,12:09,15:48,18:46,20:06
Tuz Khurma,23-Aug,3:58,5:25,12:09,15:48,18:45,20:04
Tuz Khurma,24-Aug,3:59,5:26,12:09,15:47,18:43,20:03
Tuz Khurma,25-Aug,4:00,5:27,12:09,15:47,18:42,20:01
Tuz Khurma,26-Aug,4:01,5:27,12:08,15:46,18:41,20:00
Tuz Khurma,27-Aug,4:02,5:28,12:08,15:45,18:39,19:58
Tuz Khurma,28-Aug,4:03,5:29,12:08,15:45,18:38,19:57
Tuz Khurma,29-Aug,4:03,5:30,12:07,15:44,18:37,19:55
Tuz Khurma,30-Aug,4:04,5:30,12:07,15:43,18:35,19:54
Tuz Khurma,31-Aug,4:05,5:31,12:07,15:43,18:34,19:52
Tuz Khurma,1-Sep,4:06,5:32,12:06,15:42,18:33,19:50
Tuz Khurma,2-Sep,4:07,5:33,12:06,15:41,18:31,19:49
Tuz Khurma,3-Sep,4:08,5:33,12:06,15:41,18:30,19:47
Tuz Khurma,4-Sep,4:09,5:34,12:06,15:40,18:28,19:46
Tuz Khurma,5-Sep,4:10,5:35,12:05,15:39,18:27,19:44
Tuz Khurma,6-Sep,4:11,5:35,12:05,15:38,18:26,19:43
Tuz Khurma,7-Sep,4:12,5:36,12:05,15:38,18:24,19:41
Tuz Khurma,8-Sep,4:13,5:37,12:04,15:37,18:23,19:39
Tuz Khurma,9-Sep,4:14,5:38,12:04,15:36,18:21,19:38
Tuz Khurma,10-Sep,4:15,5:38,12:03,15:35,18:20,19:36
Tuz Khurma,11-Sep,4:16,5:39,12:03,15:34,18:19,19:35
Tuz Khurma,12-Sep,4:16,5:40,12:03,15:33,18:17,19:33
Tuz Khurma,13-Sep,4:17,5:40,12:02,15:33,18:16,19:32
Tuz Khurma,14-Sep,4:18,5:41,12:02,15:32,18:14,19:30
Tuz Khurma,15-Sep,4:19,5:42,12:02,15:31,18:13,19:29
Tuz Khurma,16-Sep,4:20,5:43,12:01,15:30,18:11,19:27
Tuz Khurma,17-Sep,4:21,5:43,12:01,15:29,18:10,19:25
Tuz Khurma,18-Sep,4:22,5:44,12:01,15:28,18:09,19:24
Tuz Khurma,19-Sep,4:22,5:45,12:00,15:27,18:07,19:22
Tuz Khurma,20-Sep,4:23,5:46,12:00,15:26,18:06,19:21
Tuz Khurma,21-Sep,4:24,5:46,12:00,15:25,18:04,19:19
Tuz Khurma,22-Sep,4:25,5:47,11:59,15:24,18:03,19:18
Tuz Khurma,23-Sep,4:26,5:48,11:59,15:24,18:01,19:16
Tuz Khurma,24-Sep,4:27,5:49,11:59,15:23,18:00,19:15
Tuz Khurma,25-Sep,4:27,5:49,11:58,15:22,17:59,19:13
Tuz Khurma,26-Sep,4:28,5:50,11:58,15:21,17:57,19:12
Tuz Khurma,27-Sep,4:29,5:51,11:57,15:20,17:56,19:10
Tuz Khurma,28-Sep,4:30,5:51,11:57,15:19,17:54,19:09
Tuz Khurma,29-Sep,4:31,5:52,11:57,15:18,17:53,19:07
Tuz Khurma,30-Sep,4:31,5:53,11:56,15:17,17:51,19:06
Tuz Khurma,1-Oct,4:32,5:54,11:56,15:16,17:50,19:05
Tuz Khurma,2-Oct,4:33,5:54,11:56,15:15,17:49,19:03
Tuz Khurma,3-Oct,4:34,5:55,11:56,15:14,17:47,19:02
Tuz Khurma,4-Oct,4:35,5:56,11:55,15:13,17:46,19:00
Tuz Khurma,5-Oct,4:35,5:57,11:55,15:12,17:44,18:59
Tuz Khurma,6-Oct,4:36,5:58,11:55,15:11,17:43,18:58
Tuz Khurma,7-Oct,4:37,5:58,11:54,15:10,17:42,18:56
Tuz Khurma,8-Oct,4:38,5:59,11:54,15:09,17:40,18:55
Tuz Khurma,9-Oct,4:39,6:00,11:54,15:08,17:39,18:54
Tuz Khurma,10-Oct,4:39,6:01,11:53,15:07,17:38,18:52
Tuz Khurma,11-Oct,4:40,6:02,11:53,15:06,17:36,18:51
Tuz Khurma,12-Oct,4:41,6:02,11:53,15:05,17:35,18:50
Tuz Khurma,13-Oct,4:42,6:03,11:53,15:04,17:34,18:48
Tuz Khurma,14-Oct,4:42,6:04,11:53,15:03,17:33,18:47
Tuz Khurma,15-Oct,4:43,6:05,11:52,15:02,17:31,18:46
Tuz Khurma,16-Oct,4:44,6:06,11:52,15:01,17:30,18:45
Tuz Khurma,17-Oct,4:45,6:06,11:52,15:00,17:29,18:43
Tuz Khurma,18-Oct,4:46,6:07,11:52,15:00,17:28,18:42
Tuz Khurma,19-Oct,4:46,6:08,11:51,14:59,17:26,18:41
Tuz Khurma,20-Oct,4:47,6:09,11:51,14:58,17:25,18:40
Tuz Khurma,21-Oct,4:48,6:10,11:51,14:57,17:24,18:39
Tuz Khurma,22-Oct,4:49,6:11,11:51,14:56,17:23,18:38
Tuz Khurma,23-Oct,4:50,6:12,11:51,14:55,17:22,18:37
Tuz Khurma,24-Oct,4:50,6:13,11:51,14:54,17:20,18:36
Tuz Khurma,25-Oct,4:51,6:13,11:51,14:53,17:19,18:35
Tuz Khurma,26-Oct,4:52,6:14,11:50,14:53,17:18,18:34
Tuz Khurma,27-Oct,4:53,6:15,11:50,14:52,17:17,18:33
Tuz Khurma,28-Oct,4:54,6:16,11:50,14:51,17:16,18:32
Tuz Khurma,29-Oct,4:54,6:17,11:50,14:50,17:15,18:31
Tuz Khurma,30-Oct,4:55,6:18,11:50,14:49,17:14,18:30
Tuz Khurma,31-Oct,4:56,6:19,11:50,14:48,17:13,18:29
Tuz Khurma,1-Nov,4:57,6:20,11:50,14:48,17:12,18:28
Tuz Khurma,2-Nov,4:58,6:21,11:50,14:47,17:11,18:27
Tuz Khurma,3-Nov,4:58,6:22,11:50,14:46,17:10,18:26
Tuz Khurma,4-Nov,4:59,6:23,11:50,14:46,17:09,18:26
Tuz Khurma,5-Nov,5:00,6:23,11:50,14:45,17:08,18:25
Tuz Khurma,6-Nov,5:01,6:24,11:50,14:44,17:07,18:24
Tuz Khurma,7-Nov,5:02,6:25,11:50,14:44,17:07,18:23
Tuz Khurma,8-Nov,5:03,6:26,11:50,14:43,17:06,18:23
Tuz Khurma,9-Nov,5:03,6:27,11:50,14:42,17:05,18:22
Tuz Khurma,10-Nov,5:04,6:28,11:50,14:42,17:04,18:21
Tuz Khurma,11-Nov,5:05,6:29,11:51,14:41,17:04,18:21
Tuz Khurma,12-Nov,5:06,6:30,11:51,14:41,17:03,18:20
Tuz Khurma,13-Nov,5:07,6:31,11:51,14:40,17:02,18:20
Tuz Khurma,14-Nov,5:08,6:32,11:51,14:39,17:01,18:19
Tuz Khurma,15-Nov,5:08,6:33,11:51,14:39,17:01,18:19
Tuz Khurma,16-Nov,5:09,6:34,11:51,14:39,17:00,18:18
Tuz Khurma,17-Nov,5:10,6:35,11:51,14:38,17:00,18:18
Tuz Khurma,18-Nov,5:11,6:36,11:52,14:38,16:59,18:17
Tuz Khurma,19-Nov,5:12,6:37,11:52,14:37,16:59,18:17
Tuz Khurma,20-Nov,5:12,6:38,11:52,14:37,16:58,18:17
Tuz Khurma,21-Nov,5:13,6:39,11:52,14:37,16:58,18:16
Tuz Khurma,22-Nov,5:14,6:40,11:53,14:36,16:57,18:16
Tuz Khurma,23-Nov,5:15,6:41,11:53,14:36,16:57,18:16
Tuz Khurma,24-Nov,5:16,6:42,11:53,14:36,16:57,18:15
Tuz Khurma,25-Nov,5:17,6:43,11:54,14:36,16:56,18:15
Tuz Khurma,26-Nov,5:17,6:44,11:54,14:35,16:56,18:15
Tuz Khurma,27-Nov,5:18,6:44,11:54,14:35,16:56,18:15
Tuz Khurma,28-Nov,5:19,6:45,11:54,14:35,16:55,18:15
Tuz Khurma,29-Nov,5:20,6:46,11:55,14:35,16:55,18:15
Tuz Khurma,30-Nov,5:21,6:47,11:55,14:35,16:55,18:15
Tuz Khurma,1-Dec,5:21,6:48,11:56,14:35,16:55,18:15
Tuz Khurma,2-Dec,5:22,6:49,11:56,14:35,16:55,18:15
Tuz Khurma,3-Dec,5:23,6:50,11:56,14:35,16:55,18:15
Tuz Khurma,4-Dec,5:24,6:51,11:57,14:35,16:55,18:15
Tuz Khurma,5-Dec,5:24,6:51,11:57,14:35,16:55,18:15
Tuz Khurma,6-Dec,5:25,6:52,11:58,14:35,16:55,18:15
Tuz Khurma,7-Dec,5:26,6:53,11:58,14:35,16:55,18:15
Tuz Khurma,8-Dec,5:27,6:54,11:58,14:35,16:55,18:15
Tuz Khurma,9-Dec,5:27,6:55,11:59,14:35,16:55,18:15
Tuz Khurma,10-Dec,5:28,6:55,11:59,14:35,16:55,18:16
Tuz Khurma,11-Dec,5:29,6:56,12:00,14:36,16:55,18:16
Tuz Khurma,12-Dec,5:29,6:57,12:00,14:36,16:56,18:16
Tuz Khurma,13-Dec,5:30,6:58,12:01,14:36,16:56,18:16
Tuz Khurma,14-Dec,5:31,6:58,12:01,14:37,16:56,18:17
Tuz Khurma,15-Dec,5:31,6:59,12:02,14:37,16:56,18:17
Tuz Khurma,16-Dec,5:32,7:00,12:02,14:37,16:57,18:17
Tuz Khurma,17-Dec,5:32,7:00,12:03,14:38,16:57,18:18
Tuz Khurma,18-Dec,5:33,7:01,12:03,14:38,16:57,18:18
Tuz Khurma,19-Dec,5:34,7:01,12:04,14:38,16:58,18:19
Tuz Khurma,20-Dec,5:34,7:02,12:04,14:39,16:58,18:19
Tuz Khurma,21-Dec,5:35,7:02,12:05,14:39,16:59,18:20
Tuz Khurma,22-Dec,5:35,7:03,12:05,14:40,16:59,18:20
Tuz Khurma,23-Dec,5:36,7:03,12:06,14:40,17:00,18:21
Tuz Khurma,24-Dec,5:36,7:04,12:06,14:41,17:00,18:21
Tuz Khurma,25-Dec,5:36,7:04,12:07,14:42,17:01,18:22
Tuz Khurma,26-Dec,5:37,7:05,12:07,14:42,17:02,18:22
Tuz Khurma,27-Dec,5:37,7:05,12:08,14:43,17:02,18:23
Tuz Khurma,28-Dec,5:38,7:05,12:08,14:43,17:03,18:24
Tuz Khurma,29-Dec,5:38,7:06,12:09,14:44,17:04,18:24
Tuz Khurma,30-Dec,5:38,7:06,12:09,14:45,17:04,18:25
Tuz Khurma,31-Dec,5:39,7:06,12:10,14:45,17:05,18:26
Kifri,1-Jan,5:43,7:15,12:09,14:43,17:02,18:21
Kifri,2-Jan,5:43,7:15,12:09,14:44,17:03,18:22
Kifri,3-Jan,5:43,7:15,12:10,14:45,17:04,18:23
Kifri,4-Jan,5:43,7:15,12:10,14:46,17:04,18:23
Kifri,5-Jan,5:43,7:15,12:11,14:47,17:05,18:24
Kifri,6-Jan,5:43,7:15,12:11,14:47,17:06,18:25
Kifri,7-Jan,5:43,7:15,12:12,14:48,17:07,18:26
Kifri,8-Jan,5:44,7:15,12:12,14:49,17:08,18:27
Kifri,9-Jan,5:44,7:15,12:12,14:50,17:09,18:28
Kifri,10-Jan,5:44,7:15,12:13,14:51,17:10,18:29
Kifri,11-Jan,5:44,7:15,12:13,14:52,17:11,18:30
Kifri,12-Jan,5:45,7:15,12:14,14:52,17:12,18:31
Kifri,13-Jan,5:45,7:15,12:14,14:53,17:12,18:32
Kifri,14-Jan,5:45,7:15,12:14,14:54,17:13,18:33
Kifri,15-Jan,5:45,7:14,12:15,14:55,17:14,18:34
Kifri,16-Jan,5:46,7:14,12:15,14:56,17:15,18:35
Kifri,17-Jan,5:46,7:14,12:15,14:57,17:16,18:36
Kifri,18-Jan,5:46,7:13,12:16,14:58,17:17,18:37
Kifri,19-Jan,5:47,7:13,12:16,14:59,17:18,18:38
Kifri,20-Jan,5:47,7:13,12:16,15:00,17:19,18:39
Kifri,21-Jan,5:46,7:12,12:17,15:00,17:20,18:40
Kifri,22-Jan,5:46,7:12,12:17,15:01,17:21,18:41
Kifri,23-Jan,5:45,7:11,12:17,15:02,17:22,18:42
Kifri,24-Jan,5:45,7:11,12:18,15:03,17:23,18:43
Kifri,25-Jan,5:44,7:10,12:18,15:04,17:24,18:44
Kifri,26-Jan,5:43,7:10,12:18,15:05,17:25,18:45
Kifri,27-Jan,5:42,7:09,12:18,15:06,17:26,18:46
Kifri,28-Jan,5:42,7:08,12:18,15:07,17:27,18:46
Kifri,29-Jan,5:41,7:08,12:19,15:08,17:29,18:47
Kifri,30-Jan,5:41,7:07,12:19,15:08,17:30,18:48
Kifri,31-Jan,5:40,7:06,12:19,15:09,17:31,18:49
Kifri,1-Feb,5:39,7:05,12:19,15:10,17:32,18:49
Kifri,2-Feb,5:38,7:05,12:19,15:11,17:33,18:50
Kifri,3-Feb,5:38,7:04,12:19,15:12,17:34,18:51
Kifri,4-Feb,5:37,7:03,12:19,15:13,17:35,18:52
Kifri,5-Feb,5:36,7:02,12:19,15:13,17:36,18:53
Kifri,6-Feb,5:35,7:01,12:19,15:14,17:37,18:54
Kifri,7-Feb,5:34,7:00,12:19,15:15,17:38,18:54
Kifri,8-Feb,5:33,6:59,12:19,15:16,17:39,18:55
Kifri,9-Feb,5:32,6:58,12:19,15:17,17:40,18:56
Kifri,10-Feb,5:32,6:57,12:19,15:18,17:41,18:57
Kifri,11-Feb,5:31,6:56,12:19,15:18,17:42,18:58
Kifri,12-Feb,5:30,6:55,12:19,15:19,17:43,18:59
Kifri,13-Feb,5:29,6:54,12:19,15:20,17:44,19:00
Kifri,14-Feb,5:28,6:53,12:19,15:21,17:45,19:01
Kifri,15-Feb,5:27,6:52,12:19,15:21,17:46,19:02
Kifri,16-Feb,5:26,6:51,12:19,15:22,17:47,19:03
Kifri,17-Feb,5:25,6:50,12:19,15:23,17:48,19:04
Kifri,18-Feb,5:23,6:49,12:19,15:23,17:49,19:05
Kifri,19-Feb,5:22,6:48,12:19,15:24,17:50,19:06
Kifri,20-Feb,5:20,6:47,12:19,15:25,17:51,19:07
Kifri,21-Feb,5:19,6:46,12:19,15:26,17:52,19:08
Kifri,22-Feb,5:18,6:44,12:19,15:26,17:53,19:08
Kifri,23-Feb,5:16,6:43,12:19,15:27,17:54,19:09
Kifri,24-Feb,5:15,6:42,12:19,15:27,17:55,19:10
Kifri,25-Feb,5:13,6:41,12:18,15:28,17:56,19:11
Kifri,26-Feb,5:12,6:39,12:18,15:29,17:57,19:12
Kifri,27-Feb,5:11,6:38,12:18,15:29,17:58,19:13
Kifri,28-Feb,5:10,6:37,12:18,15:30,17:59,19:14
Kifri,1-Mar,5:09,6:36,12:18,15:30,17:59,19:14
Kifri,2-Mar,5:08,6:35,12:18,15:31,18:00,19:15
Kifri,3-Mar,5:06,6:33,12:17,15:31,18:01,19:16
Kifri,4-Mar,5:05,6:32,12:17,15:32,18:02,19:16
Kifri,5-Mar,5:04,6:30,12:17,15:32,18:02,19:17
Kifri,6-Mar,5:02,6:29,12:17,15:33,18:03,19:18
Kifri,7-Mar,5:01,6:28,12:17,15:33,18:04,19:19
Kifri,8-Mar,5:00,6:26,12:16,15:34,18:05,19:19
Kifri,9-Mar,4:58,6:25,12:16,15:34,18:06,19:20
Kifri,10-Mar,4:57,6:24,12:16,15:35,18:07,19:21
Kifri,11-Mar,4:56,6:22,12:15,15:35,18:08,19:22
Kifri,12-Mar,4:55,6:21,12:15,15:36,18:09,19:22
Kifri,13-Mar,4:54,6:19,12:15,15:36,18:10,19:23
Kifri,14-Mar,4:53,6:18,12:15,15:37,18:11,19:24
Kifri,15-Mar,4:51,6:17,12:14,15:37,18:12,19:25
Kifri,16-Mar,4:50,6:15,12:14,15:37,18:12,19:26
Kifri,17-Mar,4:48,6:14,12:14,15:38,18:13,19:26
Kifri,18-Mar,4:47,6:12,12:14,15:38,18:14,19:27
Kifri,19-Mar,4:46,6:11,12:13,15:38,18:15,19:28
Kifri,20-Mar,4:44,6:10,12:13,15:39,18:16,19:29
Kifri,21-Mar,4:42,6:08,12:13,15:39,18:17,19:30
Kifri,22-Mar,4:41,6:07,12:12,15:39,18:17,19:31
Kifri,23-Mar,4:40,6:05,12:12,15:40,18:18,19:31
Kifri,24-Mar,4:38,6:04,12:12,15:40,18:19,19:32
Kifri,25-Mar,4:37,6:02,12:12,15:40,18:20,19:33
Kifri,26-Mar,4:36,6:01,12:11,15:40,18:21,19:34
Kifri,27-Mar,4:35,6:00,12:11,15:41,18:21,19:34
Kifri,28-Mar,4:34,5:58,12:11,15:41,18:22,19:35
Kifri,29-Mar,4:32,5:57,12:10,15:41,18:23,19:36
Kifri,30-Mar,4:30,5:56,12:10,15:41,18:24,19:37
Kifri,31-Mar,4:29,5:54,12:10,15:42,18:25,19:37
Kifri,1-Apr,4:28,5:53,12:09,15:42,18:25,19:38
Kifri,2-Apr,4:27,5:51,12:09,15:42,18:26,19:39
Kifri,3-Apr,4:25,5:50,12:09,15:42,18:27,19:39
Kifri,4-Apr,4:24,5:49,12:09,15:42,18:28,19:40
Kifri,5-Apr,4:22,5:47,12:08,15:43,18:29,19:41
Kifri,6-Apr,4:21,5:46,12:08,15:43,18:30,19:42
Kifri,7-Apr,4:20,5:45,12:08,15:43,18:30,19:43
Kifri,8-Apr,4:18,5:43,12:07,15:43,18:31,19:44
Kifri,9-Apr,4:17,5:42,12:07,15:43,18:32,19:44
Kifri,10-Apr,4:15,5:40,12:07,15:43,18:33,19:45
Kifri,11-Apr,4:14,5:39,12:07,15:44,18:34,19:46
Kifri,12-Apr,4:12,5:37,12:06,15:44,18:34,19:47
Kifri,13-Apr,4:11,5:36,12:06,15:44,18:35,19:48
Kifri,14-Apr,4:09,5:34,12:06,15:44,18:36,19:48
Kifri,15-Apr,4:08,5:33,12:06,15:44,18:37,19:49
Kifri,16-Apr,4:07,5:32,12:05,15:44,18:38,19:50
Kifri,17-Apr,4:06,5:31,12:05,15:45,18:39,19:51
Kifri,18-Apr,4:05,5:29,12:05,15:45,18:39,19:52
Kifri,19-Apr,4:03,5:28,12:05,15:45,18:40,19:53
Kifri,20-Apr,4:02,5:27,12:05,15:45,18:41,19:53
Kifri,21-Apr,4:00,4:26,12:04,15:45,18:42,19:54
Kifri,22-Apr,3:59,5:25,12:04,15:45,18:43,19:55
Kifri,23-Apr,3:57,5:23,12:04,15:45,18:44,19:56
Kifri,24-Apr,3:56,5:22,12:04,15:45,18:44,19:57
Kifri,25-Apr,3:54,5:21,12:04,15:46,18:45,19:58
Kifri,26-Apr,3:52,5:20,12:03,15:46,18:46,19:58
Kifri,27-Apr,3:51,5:19,12:03,15:46,18:47,19:59
Kifri,28-Apr,3:50,5:17,12:03,15:46,18:48,20:00
Kifri,29-Apr,3:48,5:16,12:03,15:46,18:49,20:01
Kifri,30-Apr,3:47,5:15,12:03,15:46,18:50,20:01
Kifri,1-May,3:46,5:14,12:03,15:46,18:50,20:02
Kifri,2-May,3:45,5:13,12:03,15:46,18:51,20:03
Kifri,3-May,3:44,5:12,12:02,15:46,18:52,20:04
Kifri,4-May,3:43,5:11,12:02,15:46,18:53,20:05
Kifri,5-May,3:42,5:10,12:02,15:47,18:54,20:06
Kifri,6-May,3:41,5:09,12:02,15:47,18:55,20:07
Kifri,7-May,3:40,5:08,12:02,15:47,18:55,20:07
Kifri,8-May,3:39,5:07,12:02,15:47,18:56,20:08
Kifri,9-May,3:38,5:06,12:02,15:47,18:57,20:09
Kifri,10-May,3:38,5:05,12:02,15:47,18:58,20:10
Kifri,11-May,3:37,5:04,12:02,15:47,18:59,20:11
Kifri,12-May,3:36,5:03,12:02,15:47,19:00,20:12
Kifri,13-May,3:35,5:02,12:02,15:48,19:00,20:13
Kifri,14-May,3:34,5:02,12:02,15:48,19:01,20:14
Kifri,15-May,3:33,5:01,12:02,15:48,19:02,20:15
Kifri,16-May,3:32,5:00,12:02,15:48,19:02,20:16
Kifri,17-May,3:31,4:59,12:02,15:48,19:03,20:17
Kifri,18-May,3:30,4:59,12:02,15:48,19:04,20:18
Kifri,19-May,3:29,4:58,12:02,15:48,19:05,20:19
Kifri,20-May,3:28,4:57,12:02,15:49,19:06,20:19
Kifri,21-May,3:27,4:57,12:02,15:49,19:07,20:21
Kifri,22-May,3:27,4:56,12:02,15:49,19:07,20:22
Kifri,23-May,3:26,4:55,12:02,15:49,19:06,20:23
Kifri,24-May,3:25,4:55,12:02,15:49,19:09,20:24
Kifri,25-May,3:24,4:54,12:02,15:49,19:10,20:25
Kifri,26-May,3:23,4:54,12:02,15:49,19:10,20:26
Kifri,27-May,3:23,4:53,12:02,15:50,19:11,20:27
Kifri,28-May,3:22,4:53,12:03,15:50,19:12,20:28
Kifri,29-May,3:22,4:52,12:03,15:50,19:12,20:29
Kifri,30-May,3:21,4:52,12:03,15:50,19:13,20:30
Kifri,31-May,3:21,4:51,12:03,15:50,19:14,20:31
Kifri,1-Jun,3:21,4:51,12:03,15:51,19:14,20:32
Kifri,2-Jun,3:20,4:51,12:03,15:51,19:15,20:33
Kifri,3-Jun,3:20,4:51,12:04,15:51,19:16,20:33
Kifri,4-Jun,3:20,4:50,12:04,15:51,19:16,20:34
Kifri,5-Jun,3:20,4:50,12:04,15:51,19:17,20:35
Kifri,6-Jun,3:19,4:50,12:04,15:52,19:17,20:36
Kifri,7-Jun,3:19,4:50,12:04,15:52,19:18,20:36
Kifri,8-Jun,3:19,4:50,12:04,15:52,19:18,20:37
Kifri,9-Jun,3:19,4:49,12:05,15:52,19:19,20:38
Kifri,10-Jun,3:19,4:49,12:05,15:52,19:19,20:39
Kifri,11-Jun,3:18,4:49,12:05,15:53,19:20,20:40
Kifri,12-Jun,3:18,4:49,12:05,15:53,19:20,20:40
Kifri,13-Jun,3:18,4:49,12:05,15:53,19:21,20:41
Kifri,14-Jun,3:18,4:49,12:06,15:53,19:21,20:41
Kifri,15-Jun,3:18,4:49,12:06,15:53,19:22,20:41
Kifri,16-Jun,3:18,4:49,12:06,15:54,19:22,20:41
Kifri,17-Jun,3:18,4:49,12:06,15:54,19:22,20:42
Kifri,18-Jun,3:18,4:49,12:06,15:54,19:22,20:42
Kifri,19-Jun,3:18,4:50,12:07,15:54,19:23,20:42
Kifri,20-Jun,3:18,4:50,12:07,15:55,19:23,20:42
Kifri,21-Jun,3:19,4:50,12:07,15:55,19:23,20:42
Kifri,22-Jun,3:19,4:50,12:07,15:55,19:23,20:43
Kifri,23-Jun,3:19,4:50,12:07,15:55,19:24,20:43
Kifri,24-Jun,3:20,4:51,12:08,15:55,19:24,20:43
Kifri,25-Jun,3:20,4:51,12:08,15:56,19:24,20:43
Kifri,26-Jun,3:21,4:51,12:08,15:56,19:24,20:43
Kifri,27-Jun,3:21,4:52,12:08,15:56,19:24,20:43
Kifri,28-Jun,3:21,4:52,12:09,15:56,19:24,20:43
Kifri,29-Jun,3:22,4:52,12:09,15:57,19:24,20:43
Kifri,30-Jun,3:22,4:53,12:09,15:57,19:24,20:43
Kifri,1-Jul,3:22,4:53,12:09,15:57,19:23,20:43
Kifri,2-Jul,3:23,4:54,12:09,15:57,19:23,20:43
Kifri,3-Jul,3:23,4:54,12:09,15:57,19:23,20:42
Kifri,4-Jul,3:24,4:55,12:10,15:57,19:23,20:42
Kifri,5-Jul,3:24,4:55,12:10,15:57,19:23,20:42
Kifri,6-Jul,3:25,4:56,12:10,15:58,19:22,20:42
Kifri,7-Jul,3:25,4:56,12:10,15:58,19:22,20:41
Kifri,8-Jul,3:26,4:57,12:10,15:58,19:22,20:41
Kifri,9-Jul,3:26,4:57,12:10,15:58,19:22,20:41
Kifri,10-Jul,3:27,4:58,12:10,15:58,19:21,20:40
Kifri,11-Jul,3:28,4:58,12:11,15:58,19:21,20:40
Kifri,12-Jul,3:28,4:59,12:11,15:58,19:22,20:40
Kifri,13-Jul,3:29,5:00,12:11,15:58,19:21,20:39
Kifri,14-Jul,3:29,5:00,12:11,15:58,19:21,20:39
Kifri,15-Jul,3:30,5:01,12:11,15:59,19:20,20:38
Kifri,16-Jul,3:31,5:02,12:11,15:59,19:20,20:38
Kifri,17-Jul,3:32,5:02,12:11,15:59,19:19,20:37
Kifri,18-Jul,3:33,5:03,12:11,15:59,19:19,20:36
Kifri,19-Jul,3:34,5:04,12:12,15:59,19:18,20:35
Kifri,20-Jul,3:34,5:04,12:12,15:59,19:18,20:34
Kifri,21-Jul,3:35,5:05,12:12,15:58,19:17,20:34
Kifri,22-Jul,3:36,5:06,12:12,15:58,19:16,20:34
Kifri,23-Jul,3:37,5:07,12:12,15:58,19:16,20:33
Kifri,24-Jul,3:38,5:07,12:12,15:58,19:15,20:33
Kifri,25-Jul,3:39,5:08,12:12,15:58,19:14,20:32
Kifri,26-Jul,3:40,5:09,12:12,15:58,19:14,20:32
Kifri,27-Jul,3:41,5:10,12:12,15:58,19:13,20:31
Kifri,28-Jul,3:42,5:10,12:12,15:58,19:12,20:31
Kifri,29-Jul,3:43,5:11,12:12,15:58,19:11,20:30
Kifri,30-Jul,3:44,5:12,12:12,15:57,19:10,20:29
Kifri,31-Jul,3:45,5:13,12:11,15:57,19:09,20:28
Kifri,1-Aug,3:46,5:13,12:11,15:57,19:08,20:27
Kifri,2-Aug,3:47,5:14,12:11,15:57,19:07,20:26
Kifri,3-Aug,3:47,5:15,12:11,15:57,19:06,20:25
Kifri,4-Aug,3:48,5:16,12:11,15:56,19:05,20:24
Kifri,5-Aug,3:48,5:17,12:11,15:56,19:04,20:23
Kifri,6-Aug,3:49,5:17,12:11,15:55,19:03,20:22
Kifri,7-Aug,3:50,5:18,12:11,15:55,19:02,20:21
Kifri,8-Aug,3:51,5:19,12:11,15:55,19:01,20:20
Kifri,9-Aug,3:52,5:19,12:11,15:55,19:00,20:19
Kifri,10-Aug,3:53,5:20,12:10,15:54,18:59,20:18
Kifri,11-Aug,3:54,5:21,12:10,15:54,18:58,20:17
Kifri,12-Aug,3:55,5:22,12:10,15:54,18:57,20:16
Kifri,13-Aug,3:56,5:23,12:10,15:53,18:56,20:15
Kifri,14-Aug,3:57,5:23,12:10,15:53,18:55,20:14
Kifri,15-Aug,3:58,5:24,12:10,15:52,18:54,20:13
Kifri,16-Aug,3:59,5:25,12:09,15:52,18:52,20:12
Kifri,17-Aug,3:59,5:26,12:09,15:51,18:50,20:11
Kifri,18-Aug,4:00,5:26,12:09,15:51,18:50,20:10
Kifri,19-Aug,4:01,5:27,12:09,15:50,18:49,20:09
Kifri,20-Aug,4:02,5:28,12:08,15:50,18:48,20:08
Kifri,21-Aug,4:02,5:29,12:08,15:49,18:46,20:07
Kifri,22-Aug,4:03,5:30,12:08,15:49,18:45,20:06
Kifri,23-Aug,4:04,5:30,12:08,15:48,18:44,20:05
Kifri,24-Aug,4:05,5:31,12:07,15:48,18:42,20:03
Kifri,25-Aug,4:06,5:32,12:07,15:47,18:41,20:02
Kifri,26-Aug,4:07,5:33,12:07,15:46,18:40,20:00
Kifri,27-Aug,4:08,5:33,12:07,15:46,18:38,19:58
Kifri,28-Aug,4:09,5:34,12:06,15:45,18:37,19:57
Kifri,29-Aug,4:10,5:35,12:06,15:44,18:36,19:56
Kifri,30-Aug,4:10,5:36,12:06,15:44,18:34,19:54
Kifri,31-Aug,4:11,5:36,12:05,15:43,18:33,19:52
Kifri,1-Sep,4:12,5:37,12:05,15:42,18:32,19:50
Kifri,2-Sep,4:12,5:38,12:05,15:41,18:30,19:48
Kifri,3-Sep,4:13,5:39,12:04,15:41,14:29,19:46
Kifri,4-Sep,4:14,5:40,12:04,15:40,18:27,19:44
Kifri,5-Sep,4:15,5:40,12:04,15:39,18:26,19:42
Kifri,6-Sep,4:15,5:41,12:03,15:38,18:25,19:40
Kifri,7-Sep,4:16,5:42,12:03,15:38,18:23,19:39
Kifri,8-Sep,4:17,5:43,12:03,15:37,18:22,19:37
Kifri,9-Sep,4:18,5:43,12:02,15:36,18:20,19:35
Kifri,10-Sep,4:19,5:44,12:02,15:35,18:19,19:33
Kifri,11-Sep,4:20,5:45,12:02,15:34,18:17,19:32
Kifri,12-Sep,4:21,5:46,12:01,15:33,18:16,19:31
Kifri,13-Sep,4:22,5:46,12:01,15:32,18:15,19:29
Kifri,14-Sep,4:22,5:47,12:01,15:32,18:13,19:27
Kifri,15-Sep,4:23,5:48,12:00,15:31,18:12,19:28
Kifri,16-Sep,4:24,5:49,12:00,15:30,18:10,19:26
Kifri,17-Sep,4:25,5:49,12:00,15:29,18:09,19:24
Kifri,18-Sep,4:25,5:50,11:59,15:28,18:07,19:22
Kifri,19-Sep,4:26,5:51,11:59,15:27,18:06,19:20
Kifri,20-Sep,4:27,5:52,11:59,15:26,18:04,19:19
Kifri,21-Sep,4:28,5:52,11:58,15:25,18:03,19:17
Kifri,22-Sep,4:28,5:53,11:58,15:24,18:02,19:15
Kifri,23-Sep,4:29,5:54,11:58,15:23,18:00,19:13
Kifri,24-Sep,4:30,5:55,11:57,15:22,17:59,19:12
Kifri,25-Sep,4:31,5:55,11:57,15:21,17:57,19:11
Kifri,26-Sep,4:31,5:56,11:57,15:20,17:56,19:10
Kifri,27-Sep,4:32,5:57,11:56,15:19,17:54,19:09
Kifri,28-Sep,4:33,5:58,11:56,15:18,17:53,19:08
Kifri,29-Sep,4:34,5:59,11:56,15:17,17:52,19:06
Kifri,30-Sep,4:34,5:59,11:55,15:16,17:50,19:05
Kifri,1-Oct,4:35,6:00,11:55,15:15,17:49,19:04
Kifri,2-Oct,4:36,6:01,11:55,15:14,17:47,19:03
Kifri,3-Oct,4:36,6:02,11:54,15:13,17:46,19:02
Kifri,4-Oct,4:37,6:02,11:54,15:12,17:44,19:00
Kifri,5-Oct,4:38,6:03,11:54,15:11,17:43,18:58
Kifri,6-Oct,4:39,6:04,11:53,15:10,17:42,18:56
Kifri,7-Oct,4:40,6:05,11:53,15:09,17:40,18:54
Kifri,8-Oct,4:41,6:06,11:53,15:08,17:39,18:52
Kifri,9-Oct,4:42,6:06,11:52,15:07,17:37,18:51
Kifri,10-Oct,4:43,6:07,11:52,15:06,17:36,18:49
Kifri,11-Oct,4:44,6:08,11:52,15:05,17:35,18:47
Kifri,12-Oct,4:45,6:09,11:52,15:04,17:33,18:45
Kifri,13-Oct,4:45,6:10,11:51,15:03,17:32,18:43
Kifri,14-Oct,4:46,6:11,11:51,15:02,17:31,18:42
Kifri,15-Oct,4:46,6:11,11:51,15:01,17:29,18:40
Kifri,16-Oct,4:47,6:12,11:51,15:00,17:28,18:38
Kifri,17-Oct,4:48,6:13,11:50,14:59,17:27,18:36
Kifri,18-Oct,4:49,6:14,11:50,14:58,17:26,18:34
Kifri,19-Oct,4:50,6:15,11:50,14:57,17:24,18:33
Kifri,20-Oct,4:51,6:16,11:50,14:57,17:23,18:32
Kifri,21-Oct,4:52,6:16,11:50,14:56,17:22,18:31
Kifri,22-Oct,4:52,6:17,11:50,14:55,17:21,18:30
Kifri,23-Oct,4:53,6:18,11:48,14:54,17:19,18:29
Kifri,24-Oct,4:54,6:19,11:49,14:53,17:18,18:28
Kifri,25-Oct,4:54,6:20,11:49,14:52,17:17,18:28
Kifri,26-Oct,4:55,6:21,11:49,14:51,17:16,18:27
Kifri,27-Oct,4:56,6:22,11:49,14:50,17:15,18:26
Kifri,28-Oct,4:57,6:23,11:49,14:49,17:14,18:25
Kifri,29-Oct,4:58,6:24,11:49,14:49,17:12,18:25
Kifri,30-Oct,4:59,6:25,11:49,14:48,17:11,18:24
Kifri,31-Oct,5:00,6:26,11:49,14:47,17:10,18:23
Kifri,1-Nov,5:01,6:27,11:49,14:46,17:09,18:22
Kifri,2-Nov,5:02,6:28,11:49,14:46,17:08,18:22
Kifri,3-Nov,5:03,6:29,11:49,14:45,17:07,18:21
Kifri,4-Nov,5:04,6:29,11:49,14:44,17:07,18:21
Kifri,5-Nov,5:05,6:30,11:49,14:43,17:06,18:20
Kifri,6-Nov,5:06,6:31,11:49,14:43,17:05,18:19
Kifri,7-Nov,5:07,6:32,11:49,14:42,17:04,18:18
Kifri,8-Nov,5:08,6:33,11:49,14:41,17:03,18:18
Kifri,9-Nov,5:09,6:34,11:49,14:41,17:02,18:17
Kifri,10-Nov,5:10,6:35,11:49,14:40,17:01,18:16
Kifri,11-Nov,5:11,6:36,11:49,14:39,17:00,18:16
Kifri,12-Nov,5:12,6:37,11:49,14:39,17:00,18:15
Kifri,13-Nov,5:13,6:38,11:49,14:38,16:59,18:14
Kifri,14-Nov,5:14,6:39,11:49,14:38,16:58,18:14
Kifri,15-Nov,5:15,6:40,11:50,14:37,16:58,18:13
Kifri,16-Nov,5:16,6:41,11:50,14:37,16:57,18:12
Kifri,17-Nov,5:17,6:42,11:50,14:36,16:56,18:11
Kifri,18-Nov,5:18,6:43,11:50,14:36,16:56,18:11
Kifri,19-Nov,5:19,6:44,11:50,14:35,16:55,18:10
Kifri,20-Nov,5:20,6:45,11:51,14:35,16:55,18:10
Kifri,21-Nov,5:21,6:46,11:51,14:35,16:54,18:10
Kifri,22-Nov,5:22,6:47,11:51,14:34,16:54,18:09
Kifri,23-Nov,5:22,6:48,11:51,14:34,16:53,18:09
Kifri,24-Nov,5:23,6:49,11:52,14:34,16:53,18:09
Kifri,25-Nov,5:24,6:50,11:52,14:34,16:53,18:09
Kifri,26-Nov,5:25,6:51,11:52,14:33,16:52,18:10
Kifri,27-Nov,5:25,6:52,11:53,14:33,16:52,18:10
Kifri,28-Nov,5:26,6:53,11:53,14:33,16:52,18:10
Kifri,29-Nov,5:26,6:54,11:53,14:33,16:51,17:10
Kifri,30-Nov,5:27,6:55,11:54,14:33,16:51,18:11
Kifri,1-Dec,5:27,6:56,11:54,14:33,16:51,18:11
Kifri,2-Dec,5:28,6:57,11:54,14:32,16:51,18:11
Kifri,3-Dec,5:28,6:58,11:55,14:32,16:51,18:11
Kifri,4-Dec,5:29,6:59,11:55,14:32,16:51,18:11
Kifri,5-Dec,5:30,6:59,11:55,14:32,16:51,18:11
Kifri,6-Dec,5:30,7:00,11:56,14:33,16:51,18:11
Kifri,7-Dec,5:31,7:01,11:56,14:33,16:51,18:12
Kifri,8-Dec,5:32,7:02,11:57,14:33,16:51,18:12
Kifri,9-Dec,5:33,7:03,11:57,14:33,16:51,18:12
Kifri,10-Dec,5:34,7:03,11:58,14:33,16:51,18:12
Kifri,11-Dec,5:34,7:04,11:58,14:33,16:51,18:12
Kifri,12-Dec,5:35,7:05,11:59,14:34,16:52,18:12
Kifri,13-Dec,5:36,7:06,11:59,14:34,16:52,18:12
Kifri,14-Dec,5:37,7:06,12:00,14:34,16:52,18:12
Kifri,15-Dec,5:38,7:07,12:00,14:35,16:52,18:13
Kifri,16-Dec,5:39,7:08,12:01,14:35,16:53,18:13
Kifri,17-Dec,5:40,7:08,12:01,14:36,16:53,18:13
Kifri,18-Dec,5:41,7:09,12:02,14:36,16:53,18:13
Kifri,19-Dec,5:41,7:10,12:02,14:37,16:54,18:13
Kifri,20-Dec,5:42,7:10,12:03,14:37,16:54,18:13
Kifri,21-Dec,5:42,7:11,12:03,14:37,16:55,18:13
Kifri,22-Dec,5:42,7:11,12:04,14:38,16:55,18:14
Kifri,23-Dec,5:42,7:12,12:04,14:38,16:56,18:14
Kifri,24-Dec,5:42,7:12,12:05,14:39,16:56,18:15
Kifri,25-Dec,5:42,7:13,12:05,14:39,16:57,18:15
Kifri,26-Dec,5:42,7:13,12:06,14:40,16:57,18:16
Kifri,27-Dec,5:42,7:13,12:06,14:40,16:58,18:17
Kifri,28-Dec,5:43,7:14,12:07,14:41,16:59,18:18
Kifri,29-Dec,5:43,7:14,12:07,14:42,17:00,18:19
Kifri,30-Dec,5:43,7:14,12:08,14:42,17:00,18:20
Kifri,31-Dec,5:43,7:15,12:08,14:43,17:01,18:21
Halabja,1-Jan,5:36,7:13,12:05,14:39,17:00,18:17
Halabja,2-Jan,5:36,7:13,12:05,14:40,17:01,18:18
Halabja,3-Jan,5:36,7:13,12:06,14:41,17:02,18:19
Halabja,4-Jan,5:36,7:13,12:06,14:42,17:02,18:19
Halabja,5-Jan,5:36,7:13,12:07,14:43,17:03,18:20
Halabja,6-Jan,5:36,7:13,12:07,14:43,17:04,18:21
Halabja,7-Jan,5:36,7:13,12:08,14:44,17:05,18:22
Halabja,8-Jan,5:37,7:13,12:08,14:45,17:06,18:23
Halabja,9-Jan,5:37,7:13,12:08,14:46,17:07,18:24
Halabja,10-Jan,5:37,7:13,12:09,14:47,17:08,18:25
Halabja,11-Jan,5:37,7:13,12:09,14:48,17:09,18:26
Halabja,12-Jan,5:38,7:13,12:10,14:48,17:10,18:27
Halabja,13-Jan,5:38,7:13,12:10,14:49,17:10,18:28
Halabja,14-Jan,5:38,7:13,12:10,14:50,17:11,18:29
Halabja,15-Jan,5:38,7:12,12:10,14:51,17:12,18:30
Halabja,16-Jan,5:39,7:12,12:11,14:52,17:13,18:31
Halabja,17-Jan,5:39,7:12,12:11,14:53,17:14,18:32
Halabja,18-Jan,5:39,7:11,12:12,14:54,17:15,18:33
Halabja,19-Jan,5:40,7:11,12:12,14:55,17:16,18:34
Halabja,20-Jan,5:40,7:11,12:12,14:56,17:17,18:35
Halabja,21-Jan,5:39,7:10,12:13,14:56,17:18,18:36
Halabja,22-Jan,5:39,7:10,12:13,14:57,17:19,18:37
Halabja,23-Jan,5:38,7:09,12:13,14:58,17:20,18:38
Halabja,24-Jan,5:38,7:09,12:14,14:59,17:21,18:39
Halabja,25-Jan,5:37,7:08,12:14,15:00,17:22,18:40
Halabja,26-Jan,5:36,7:08,12:14,15:01,17:23,18:41
Halabja,27-Jan,5:35,7:07,12:14,15:02,17:24,18:42
Halabja,28-Jan,5:35,7:06,12:14,15:03,17:25,18:42
Halabja,29-Jan,5:34,7:06,12:15,15:04,17:27,18:43
Halabja,30-Jan,5:34,7:05,12:15,15:04,17:28,18:44
Halabja,31-Jan,5:33,7:04,12:15,15:05,17:29,18:45
Halabja,1-Feb,5:32,7:03,12:15,15:06,17:30,18:45
Halabja,2-Feb,5:31,7:03,12:15,15:07,17:31,18:46
Halabja,3-Feb,5:31,7:02,12:15,15:08,17:32,18:47
Halabja,4-Feb,5:30,7:01,12:15,15:09,17:33,18:48
Halabja,5-Feb,5:29,7:00,12:15,15:09,17:34,18:49
Halabja,6-Feb,5:28,6:59,12:15,15:10,17:35,18:50
Halabja,7-Feb,5:27,6:58,12:15,15:11,17:36,18:50
Halabja,8-Feb,5:26,6:57,12:15,15:12,17:37,18:51
Halabja,9-Feb,5:25,6:56,12:15,15:13,17:38,18:52
Halabja,10-Feb,5:25,6:55,12:15,15:14,17:39,18:53
Halabja,11-Feb,5:24,6:54,12:15,15:14,17:40,18:54
Halabja,12-Feb,5:23,6:53,12:15,15:15,17:41,18:55
Halabja,13-Feb,5:22,6:52,12:15,15:16,17:42,18:56
Halabja,14-Feb,5:21,6:51,12:15,15:17,17:43,18:57
Halabja,15-Feb,5:20,6:50,12:15,15:17,17:44,18:58
Halabja,16-Feb,5:19,6:49,12:15,15:18,17:45,18:59
Halabja,17-Feb,5:18,6:48,12:15,15:19,17:46,19:00
Halabja,18-Feb,5:16,6:47,12:15,15:19,17:47,19:01
Halabja,19-Feb,5:15,6:46,12:15,15:20,17:48,19:02
Halabja,20-Feb,5:13,6:45,12:15,15:21,17:49,19:03
Halabja,21-Feb,5:12,6:44,12:15,15:22,17:50,19:04
Halabja,22-Feb,5:11,6:42,12:15,15:22,17:51,19:04
Halabja,23-Feb,5:09,6:41,12:15,15:23,17:52,19:05
Halabja,24-Feb,5:08,6:40,12:15,15:23,17:53,19:06
Halabja,25-Feb,5:06,6:39,12:14,15:24,17:54,19:07
Halabja,26-Feb,5:05,6:37,12:14,15:25,17:55,19:08
Halabja,27-Feb,5:04,6:36,12:14,15:25,17:56,19:09
Halabja,28-Feb,5:03,6:35,12:14,15:26,17:57,19:10
Halabja,1-Mar,5:02,6:34,12:14,15:26,17:57,19:10
Halabja,2-Mar,5:01,6:33,12:14,15:27,17:58,19:11
Halabja,3-Mar,4:59,6:31,12:13,15:27,17:59,19:12
Halabja,4-Mar,4:58,6:30,12:13,15:28,18:00,19:12
Halabja,5-Mar,4:57,6:28,12:13,15:28,18:00,19:13
Halabja,6-Mar,4:55,6:27,12:13,15:29,18:01,19:14
Halabja,7-Mar,4:54,6:26,12:13,15:29,18:02,19:15
Halabja,8-Mar,4:53,6:24,12:12,15:30,18:03,19:15
Halabja,9-Mar,4:51,6:23,12:12,15:30,18:04,19:16
Halabja,10-Mar,4:50,6:22,12:12,15:31,18:05,19:17
Halabja,11-Mar,4:49,6:20,12:11,15:31,18:06,19:18
Halabja,12-Mar,4:48,6:19,12:11,15:32,18:07,19:18
Halabja,13-Mar,4:47,6:17,12:11,15:32,18:08,19:19
Halabja,14-Mar,4:46,6:16,12:11,15:33,18:09,19:20
Halabja,15-Mar,4:44,6:15,12:10,15:33,18:10,19:21
Halabja,16-Mar,4:43,6:13,12:10,15:33,18:10,19:22
Halabja,17-Mar,4:41,6:12,12:10,15:34,18:11,19:22
Halabja,18-Mar,4:40,6:10,12:10,15:34,18:12,19:23
Halabja,19-Mar,4:39,6:09,12:09,15:34,18:13,19:24
Halabja,20-Mar,4:37,6:08,12:09,15:35,18:14,19:25
Halabja,21-Mar,4:35,6:06,12:09,15:35,18:15,19:26
Halabja,22-Mar,4:34,6:05,12:08,15:35,18:15,19:27
Halabja,23-Mar,4:33,6:03,12:08,15:36,18:16,19:27
Halabja,24-Mar,4:31,6:02,12:08,15:36,18:17,19:28
Halabja,25-Mar,4:30,6:00,12:08,15:36,18:18,19:29
Halabja,26-Mar,4:29,5:59,12:07,15:36,18:19,19:30
Halabja,27-Mar,4:28,5:58,12:07,15:37,18:19,19:30
Halabja,28-Mar,4:27,5:56,12:07,15:37,18:20,19:31
Halabja,29-Mar,4:25,5:55,12:06,15:37,18:21,19:32
Halabja,30-Mar,4:23,5:54,12:06,15:37,18:22,19:33
Halabja,31-Mar,4:22,5:52,12:06,15:38,18:23,19:33
Halabja,1-Apr,4:21,5:51,12:05,15:38,18:23,19:34
Halabja,2-Apr,4:20,5:49,12:05,15:38,18:24,19:35
Halabja,3-Apr,4:18,5:48,12:05,15:38,18:25,19:35
Halabja,4-Apr,4:17,5:47,12:05,15:38,18:26,19:36
Halabja,5-Apr,4:15,5:45,12:04,15:39,18:27,19:37
Halabja,6-Apr,4:14,5:44,12:04,15:39,18:28,19:38
Halabja,7-Apr,4:13,5:43,12:04,15:39,18:28,19:39
Halabja,8-Apr,4:11,5:41,12:03,15:39,18:29,19:40
Halabja,9-Apr,4:10,5:40,12:03,15:39,18:30,19:40
Halabja,10-Apr,4:08,5:38,12:03,15:39,18:31,19:41
Halabja,11-Apr,4:07,5:37,12:03,15:40,18:32,19:42
Halabja,12-Apr,4:05,5:35,12:02,15:40,18:32,19:43
Halabja,13-Apr,4:04,5:34,12:02,15:40,18:33,19:44
Halabja,14-Apr,4:02,5:32,12:02,15:40,18:34,19:44
Halabja,15-Apr,4:01,5:31,12:02,15:40,18:35,19:45
Halabja,16-Apr,4:00,5:30,12:01,15:40,18:36,19:46
Halabja,17-Apr,3:59,5:29,12:01,15:41,18:37,19:47
Halabja,18-Apr,3:58,5:27,12:01,15:41,18:37,19:48
Halabja,19-Apr,3:56,5:26,12:01,15:41,18:38,19:49
Halabja,20-Apr,3:55,5:25,12:01,15:41,18:39,19:49
Halabja,21-Apr,3:53,4:24,12:00,15:41,18:40,19:50
Halabja,22-Apr,3:53,5:23,12:00,15:41,18:41,19:51
Halabja,23-Apr,3:50,5:21,12:00,15:41,18:42,19:52
Halabja,24-Apr,3:49,5:20,12:00,15:41,18:42,19:53
Halabja,25-Apr,3:48,5:19,12:00,15:42,18:43,19:54
Halabja,26-Apr,3:45,5:18,11:59,15:42,18:44,19:54
Halabja,27-Apr,3:44,5:17,11:59,15:42,18:45,19:55
Halabja,28-Apr,3:43,5:15,11:59,15:42,18:46,19:56
Halabja,29-Apr,3:41,5:14,11:59,15:42,18:47,19:57
Halabja,30-Apr,3:40,5:13,11:59,15:42,18:48,19:57
Halabja,1-May,3:39,5:12,11:59,15:42,18:48,19:58
Halabja,2-May,3:38,5:11,11:59,15:42,18:49,19:59
Halabja,3-May,3:37,5:10,11:58,15:42,18:50,20:00
Halabja,4-May,3:36,5:09,11:58,15:42,18:51,20:01
Halabja,5-May,3:35,5:08,11:58,15:43,18:52,20:02
Halabja,6-May,3:34,5:07,11:58,15:43,18:53,20:03
Halabja,7-May,3:33,5:06,11:58,15:43,18:53,20:03
Halabja,8-May,3:32,5:05,11:58,15:43,18:54,20:04
Halabja,9-May,3:31,5:04,11:58,15:43,18:55,20:05
Halabja,10-May,3:31,5:03,11:58,15:43,18:56,20:06
Halabja,11-May,3:30,5:02,11:58,15:43,18:57,20:07
Halabja,12-May,3:29,5:01,11:58,15:43,18:58,20:08
Halabja,13-May,3:28,5:00,11:58,15:44,18:58,20:09
Halabja,14-May,3:27,5:00,11:58,15:44,18:59,20:10
Halabja,15-May,3:26,4:59,11:58,15:44,19:00,20:11
Halabja,16-May,3:25,4:58,11:58,15:44,19:00,20:12
Halabja,17-May,3:24,4:57,11:58,15:44,19:01,20:13
Halabja,18-May,3:23,4:57,11:58,15:44,19:02,20:14
Halabja,19-May,3:22,4:56,11:58,15:44,19:03,20:15
Halabja,20-May,3:21,4:55,11:58,15:45,19:04,20:15
Halabja,21-May,3:20,4:55,11:58,15:45,19:05,20:17
Halabja,22-May,3:20,4:54,11:58,15:45,19:05,20:18
Halabja,23-May,3:19,4:53,11:58,15:45,19:04,20:19
Halabja,24-May,3:18,4:53,11:58,15:45,19:07,20:20
Halabja,25-May,3:17,4:52,11:58,15:45,19:08,20:21
Halabja,26-May,3:16,4:52,11:58,15:45,19:08,20:22
Halabja,27-May,3:16,4:51,11:58,15:46,19:09,20:23
Halabja,28-May,3:15,4:51,11:59,15:46,19:10,20:24
Halabja,29-May,3:15,4:50,11:59,15:46,19:10,20:25
Halabja,30-May,3:14,4:50,11:59,15:46,19:11,20:26
Halabja,31-May,3:14,4:49,11:59,15:46,19:12,20:27
Halabja,1-Jun,3:14,4:49,11:59,15:47,19:12,20:28
Halabja,2-Jun,3:13,4:49,11:59,15:47,19:13,20:29
Halabja,3-Jun,3:13,4:49,12:00,15:47,19:14,20:29
Halabja,4-Jun,3:13,4:48,12:00,15:47,19:14,20:30
Halabja,5-Jun,3:13,4:48,12:00,15:47,19:15,20:31
Halabja,6-Jun,3:12,4:48,12:00,15:48,19:15,20:32
Halabja,7-Jun,3:12,4:48,12:00,15:48,19:16,20:32
Halabja,8-Jun,3:12,4:48,12:00,15:48,19:16,20:33
Halabja,9-Jun,3:12,4:47,12:01,15:48,19:17,20:34
Halabja,10-Jun,3:12,4:47,12:01,15:48,19:17,20:35
Halabja,11-Jun,3:11,4:47,12:01,15:49,19:18,20:36
Halabja,12-Jun,3:11,4:47,12:01,15:49,19:18,20:36
Halabja,13-Jun,3:11,4:47,12:01,15:49,19:19,20:37
Halabja,14-Jun,3:11,4:47,12:02,15:49,19:19,20:37
Halabja,15-Jun,3:11,4:47,12:02,15:49,19:20,20:37
Halabja,16-Jun,3:11,4:47,12:02,15:50,19:20,20:37
Halabja,17-Jun,3:11,4:47,12:02,15:50,19:20,20:38
Halabja,18-Jun,3:11,4:47,12:02,15:50,19:20,20:38
Halabja,19-Jun,3:11,4:48,12:03,15:50,19:21,20:38
Halabja,20-Jun,3:11,4:48,12:03,15:51,19:21,20:38
Halabja,21-Jun,3:12,4:48,12:03,15:51,19:21,20:38
Halabja,22-Jun,3:12,4:48,12:03,15:51,19:21,20:39
Halabja,23-Jun,3:12,4:48,12:03,15:51,19:22,20:39
Halabja,24-Jun,3:13,4:49,12:04,15:51,19:22,20:39
Halabja,25-Jun,3:13,4:49,12:04,15:52,19:22,20:39
Halabja,26-Jun,3:14,4:49,12:04,15:52,19:22,20:39
Halabja,27-Jun,3:14,4:50,12:04,15:52,19:22,20:39
Halabja,28-Jun,3:14,4:50,12:05,15:52,19:22,20:39
Halabja,29-Jun,3:15,4:50,12:05,15:53,19:22,20:39
Halabja,30-Jun,3:15,4:51,12:05,15:53,19:22,20:39
Halabja,1-Jul,3:15,4:51,12:05,15:53,19:21,20:39
Halabja,2-Jul,3:16,4:52,12:05,15:53,19:21,20:39
Halabja,3-Jul,3:16,4:52,12:05,15:53,19:21,20:38
Halabja,4-Jul,3:17,4:53,12:06,15:53,19:21,20:38
Halabja,5-Jul,3:17,4:53,12:06,15:53,19:21,20:38
Halabja,6-Jul,3:18,4:54,12:06,15:54,19:20,20:38
Halabja,7-Jul,3:18,4:54,12:06,15:54,19:20,20:37
Halabja,8-Jul,3:19,4:55,12:06,15:54,19:20,20:37
Halabja,9-Jul,3:19,4:55,12:06,15:54,19:20,20:37
Halabja,10-Jul,3:20,4:56,12:06,15:54,19:19,20:36
Halabja,11-Jul,3:21,4:56,12:07,15:54,19:19,20:36
Halabja,12-Jul,3:21,4:57,12:07,15:54,19:20,20:36
Halabja,13-Jul,3:22,4:58,12:07,15:54,19:19,20:35
Halabja,14-Jul,3:22,4:58,12:07,15:54,19:19,20:35
Halabja,15-Jul,3:23,4:59,12:07,15:55,19:18,20:34
Halabja,16-Jul,3:24,5:00,12:07,15:55,19:18,20:34
Halabja,17-Jul,3:25,5:00,12:07,15:55,19:17,20:33
Halabja,18-Jul,3:26,5:01,12:07,15:55,19:17,20:32
Halabja,19-Jul,3:27,5:02,12:08,15:55,19:16,20:31
Halabja,20-Jul,3:27,5:02,12:08,15:55,19:16,20:30
Halabja,21-Jul,3:28,5:03,12:08,15:54,19:15,20:30
Halabja,22-Jul,3:29,5:04,12:08,15:54,19:14,20:30
Halabja,23-Jul,3:30,5:05,12:08,15:54,19:14,20:29
Halabja,24-Jul,3:31,5:05,12:08,15:54,19:13,20:29
Halabja,25-Jul,3:32,5:06,12:08,15:54,19:12,20:28
Halabja,26-Jul,3:33,5:07,12:08,15:54,19:12,20:28
Halabja,27-Jul,3:34,5:08,12:08,15:54,19:11,20:27
Halabja,28-Jul,3:35,5:08,12:08,15:54,19:10,20:27
Halabja,29-Jul,3:36,5:09,12:08,15:54,19:09,20:26
Halabja,30-Jul,3:37,5:10,12:08,15:53,19:08,20:25
Halabja,31-Jul,3:38,5:11,12:07,15:53,19:07,20:24
Halabja,1-Aug,3:39,5:11,12:07,15:53,19:06,20:23
Halabja,2-Aug,3:40,5:12,12:07,15:53,19:05,20:22
Halabja,3-Aug,3:40,5:13,12:07,15:53,19:04,20:21
Halabja,4-Aug,3:41,5:14,12:07,15:52,19:03,20:20
Halabja,5-Aug,3:41,5:15,12:07,15:52,19:02,20:19
Halabja,6-Aug,3:42,5:15,12:07,15:51,19:01,20:18
Halabja,7-Aug,3:43,5:16,12:07,15:51,19:00,20:17
Halabja,8-Aug,3:44,5:17,12:07,15:51,18:59,20:16
Halabja,9-Aug,3:45,5:17,12:07,15:51,18:58,20:15
Halabja,10-Aug,3:46,5:18,12:06,15:50,18:57,20:14
Halabja,11-Aug,3:47,5:19,12:06,15:50,18:56,20:13
Halabja,12-Aug,3:48,5:20,12:06,15:50,18:55,20:12
Halabja,13-Aug,3:49,5:21,12:06,15:49,18:54,20:11
Halabja,14-Aug,3:50,5:21,12:06,15:49,18:53,20:10
Halabja,15-Aug,3:51,5:22,12:06,15:48,18:52,20:09
Halabja,16-Aug,3:52,5:23,12:05,15:48,18:50,20:08
Halabja,17-Aug,3:52,5:24,12:05,15:47,18:48,20:07
Halabja,18-Aug,3:53,5:24,12:05,15:47,18:48,20:06
Halabja,19-Aug,3:54,5:25,12:05,15:46,18:47,20:05
Halabja,20-Aug,3:55,5:26,12:04,15:46,18:46,20:04
Halabja,21-Aug,3:55,5:27,12:04,15:45,18:44,20:03
Halabja,22-Aug,3:56,5:28,12:04,15:45,18:43,20:02
Halabja,23-Aug,3:57,5:28,12:04,15:44,18:42,20:01
Halabja,24-Aug,3:58,5:29,12:03,15:44,18:40,20:00
Halabja,25-Aug,3:59,5:30,12:03,15:43,18:39,19:59
Halabja,26-Aug,4:00,5:31,12:03,15:42,18:38,19:56
Halabja,27-Aug,4:01,5:31,12:03,15:42,18:36,19:54
Halabja,28-Aug,4:02,5:32,12:02,15:41,18:35,19:53
Halabja,29-Aug,4:03,5:33,12:02,15:40,18:34,19:52
Halabja,30-Aug,4:03,5:34,12:02,15:40,18:32,19:50
Halabja,31-Aug,4:04,5:34,12:01,15:39,18:31,19:48
Halabja,1-Sep,4:05,5:35,12:01,15:38,18:30,19:46
Halabja,2-Sep,4:05,5:36,12:01,15:37,18:28,19:44
Halabja,3-Sep,4:06,5:37,12:00,15:37,14:27,19:42
Halabja,4-Sep,4:07,5:38,12:00,15:36,18:25,19:40
Halabja,5-Sep,4:08,5:38,12:00,15:35,18:24,19:38
Halabja,6-Sep,4:08,5:39,11:59,15:34,18:23,19:36
Halabja,7-Sep,4:09,5:40,11:59,15:34,18:21,19:35
Halabja,8-Sep,4:10,5:41,11:59,15:33,18:20,19:33
Halabja,9-Sep,4:11,5:41,11:58,15:32,18:18,19:31
Halabja,10-Sep,4:12,5:42,11:58,15:31,18:17,19:29
Halabja,11-Sep,4:13,5:43,11:58,15:30,18:15,19:28
Halabja,12-Sep,4:14,5:44,11:57,15:29,18:14,19:27
Halabja,13-Sep,4:15,5:44,11:57,15:28,18:13,19:25
Halabja,14-Sep,4:15,5:45,11:57,15:28,18:11,19:23
Halabja,15-Sep,4:16,5:46,11:56,15:27,18:10,19:22
Halabja,16-Sep,4:17,5:47,11:56,15:26,18:08,19:22
Halabja,17-Sep,4:18,5:47,11:56,15:25,18:07,19:20
Halabja,18-Sep,4:18,5:48,11:55,15:24,18:05,19:18
Halabja,19-Sep,4:19,5:49,11:55,15:23,18:04,19:16
Halabja,20-Sep,4:20,5:50,11:55,15:22,18:02,19:15
Halabja,21-Sep,4:21,5:50,11:54,15:21,18:01,19:13
Halabja,22-Sep,4:21,5:51,11:54,15:20,18:00,19:11
Halabja,23-Sep,4:22,5:52,11:54,15:19,17:58,19:09
Halabja,24-Sep,4:23,5:53,11:53,15:18,17:57,19:08
Halabja,25-Sep,4:24,5:53,11:53,15:17,17:55,19:07
Halabja,26-Sep,4:24,5:54,11:53,15:16,17:54,19:06
Halabja,27-Sep,4:25,5:55,11:52,15:15,17:52,19:05
Halabja,28-Sep,4:26,5:56,11:52,15:14,17:51,19:04
Halabja,29-Sep,4:27,5:57,11:52,15:13,17:50,19:02
Halabja,30-Sep,4:27,5:57,11:51,15:12,17:48,19:01
Halabja,1-Oct,4:28,5:58,11:51,15:11,17:47,19:00
Halabja,2-Oct,4:29,5:59,11:51,15:10,17:45,18:59
Halabja,3-Oct,4:29,6:00,11:50,15:09,17:44,18:58
Halabja,4-Oct,4:30,6:00,11:50,15:08,17:42,18:56
Halabja,5-Oct,4:31,6:01,11:50,15:07,17:41,18:54
Halabja,6-Oct,4:32,6:02,11:49,15:06,17:40,18:52
Halabja,7-Oct,4:33,6:03,11:49,15:05,17:38,18:50
Halabja,8-Oct,4:34,6:04,11:49,15:04,17:37,18:48
Halabja,9-Oct,4:35,6:04,11:48,15:03,17:35,18:47
Halabja,10-Oct,4:36,6:05,11:48,15:02,17:34,18:45
Halabja,11-Oct,4:37,6:06,11:48,15:01,17:33,18:43
Halabja,12-Oct,4:38,6:07,11:48,15:00,17:31,18:41
Halabja,13-Oct,4:38,6:08,11:47,14:58,17:30,18:39
Halabja,14-Oct,4:39,6:09,11:47,14:57,17:29,18:38
Halabja,15-Oct,4:39,6:09,11:47,14:57,17:27,18:36
Halabja,16-Oct,4:40,6:10,11:47,14:56,17:26,18:34
Halabja,17-Oct,4:41,6:11,11:46,14:55,17:25,18:32
Halabja,18-Oct,4:42,6:12,11:46,14:54,17:24,18:30
Halabja,19-Oct,4:43,6:13,11:46,14:53,17:22,18:29
Halabja,20-Oct,4:44,6:14,11:46,14:53,17:21,18:28
Halabja,21-Oct,4:45,6:14,11:46,14:52,17:20,18:27
Halabja,22-Oct,4:45,6:15,11:46,14:51,17:19,18:26
Halabja,23-Oct,4:46,6:16,11:46,14:50,17:17,18:25
Halabja,24-Oct,4:47,6:17,11:45,14:49,17:16,18:24
Halabja,25-Oct,4:47,6:18,11:45,14:48,17:15,18:24
Halabja,26-Oct,4:48,6:19,11:45,14:47,17:14,18:23
Halabja,27-Oct,4:49,6:20,11:45,14:46,17:13,18:22
Halabja,28-Oct,4:50,6:21,11:45,14:45,17:12,18:21
Halabja,29-Oct,4:51,6:22,11:45,14:45,17:10,18:21
Halabja,30-Oct,4:52,6:23,11:45,14:44,17:09,18:20
Halabja,31-Oct,4:53,6:24,11:45,14:43,17:08,18:19
Halabja,1-Nov,4:54,6:25,11:45,14:42,17:07,18:18
Halabja,2-Nov,4:55,6:26,11:45,14:42,17:06,18:18
Halabja,3-Nov,4:56,6:27,11:45,14:41,17:05,18:17
Halabja,4-Nov,4:57,6:27,11:45,14:40,17:05,18:17
Halabja,5-Nov,4:58,6:28,11:45,14:39,17:04,18:16
Halabja,6-Nov,4:59,6:29,11:45,14:39,17:03,18:15
Halabja,7-Nov,5:00,6:30,11:45,14:38,17:02,18:14
Halabja,8-Nov,5:01,6:31,11:45,14:37,17:01,18:14
Halabja,9-Nov,5:02,6:32,11:45,14:37,17:00,18:13
Halabja,10-Nov,5:03,6:33,11:45,14:36,16:59,18:12
Halabja,11-Nov,5:04,6:34,11:45,14:35,16:58,18:12
Halabja,12-Nov,5:05,6:35,11:45,14:35,16:58,18:11
Halabja,13-Nov,5:06,6:36,11:45,14:34,16:57,18:10
Halabja,14-Nov,5:07,6:37,11:45,14:34,16:56,18:10
Halabja,15-Nov,5:08,6:38,11:46,14:33,16:56,18:09
Halabja,16-Nov,5:09,6:39,11:46,14:33,16:55,18:08
Halabja,17-Nov,5:10,6:40,11:46,14:32,16:54,18:07
Halabja,18-Nov,5:11,6:41,11:46,14:32,16:54,18:07
Halabja,19-Nov,5:12,6:42,11:46,14:31,16:53,18:06
Halabja,20-Nov,5:13,6:43,11:47,14:31,16:53,18:06
Halabja,21-Nov,5:14,6:44,11:47,14:31,16:52,18:06
Halabja,22-Nov,5:15,6:45,11:47,14:30,16:52,18:05
Halabja,23-Nov,5:16,6:46,11:47,14:30,16:51,18:05
Halabja,24-Nov,5:16,6:47,11:48,14:30,16:51,18:05
Halabja,25-Nov,5:17,6:48,11:48,14:30,16:51,18:05
Halabja,26-Nov,5:18,6:49,11:48,14:29,16:50,18:06
Halabja,27-Nov,5:18,6:50,11:49,14:29,16:50,18:06
Halabja,28-Nov,5:19,6:51,11:49,14:29,16:50,18:06
Halabja,29-Nov,5:19,6:52,11:49,14:29,16:49,18:06
Halabja,30-Nov,5:20,6:53,11:50,14:29,16:49,18:07
Halabja,1-Dec,5:20,6:54,11:50,14:29,16:49,18:07
Halabja,2-Dec,5:21,6:55,11:50,14:28,16:49,18:07
Halabja,3-Dec,5:21,6:56,11:51,14:28,16:49,18:07
Halabja,4-Dec,5:22,6:57,11:51,14:28,16:49,18:07
Halabja,5-Dec,5:23,6:57,11:51,14:28,16:49,18:07
Halabja,6-Dec,5:23,6:58,11:52,14:29,16:49,18:07
Halabja,7-Dec,5:24,6:59,11:52,14:29,16:49,18:08
Halabja,8-Dec,5:25,7:00,11:53,14:29,16:49,18:08
Halabja,9-Dec,5:26,7:01,11:53,14:29,16:49,18:08
Halabja,10-Dec,5:27,7:01,11:54,14:29,16:49,18:08
Halabja,11-Dec,5:27,7:02,11:54,14:29,16:49,18:08
Halabja,12-Dec,5:28,7:03,11:55,14:30,16:50,18:08
Halabja,13-Dec,5:29,7:04,11:55,14:30,16:50,18:08
Halabja,14-Dec,5:30,7:04,11:56,14:30,16:50,18:08
Halabja,15-Dec,5:31,7:05,11:56,14:31,16:50,18:09
Halabja,16-Dec,5:32,7:06,11:57,14:31,16:51,18:09
Halabja,17-Dec,5:33,7:06,11:57,14:32,16:51,18:09
Halabja,18-Dec,5:34,7:07,11:58,14:32,16:51,18:09
Halabja,19-Dec,5:34,7:08,11:58,14:33,16:52,18:09
Halabja,20-Dec,5:35,7:08,11:59,14:33,16:52,18:09
Halabja,21-Dec,5:35,7:09,11:59,14:33,16:53,18:09
Halabja,22-Dec,5:35,7:09,12:00,14:34,16:53,18:10
Halabja,23-Dec,5:35,7:10,12:00,14:34,16:54,18:10
Halabja,24-Dec,5:35,7:10,12:01,14:35,16:54,18:11
Halabja,25-Dec,5:35,7:11,12:01,14:35,16:55,18:11
Halabja,26-Dec,5:35,7:11,12:02,14:36,16:55,18:12
Halabja,27-Dec,5:35,7:11,12:02,14:36,16:56,18:13
Halabja,28-Dec,5:36,7:12,12:03,14:37,16:57,18:14
Halabja,29-Dec,5:36,7:12,12:03,14:38,16:58,18:15
Halabja,30-Dec,5:36,7:12,12:04,14:38,16:58,18:16
Halabja,31-Dec,5:36,7:13,12:04,14:39,16:59,18:17
Kirkuk,1-Jan,5:41,7:08,12:11,14:46,17:06,18:26
Kirkuk,2-Jan,5:41,7:08,12:12,14:47,17:07,18:27
Kirkuk,3-Jan,5:41,7:08,12:12,14:47,17:08,18:28
Kirkuk,4-Jan,5:41,7:08,12:12,14:48,17:09,18:29
Kirkuk,5-Jan,5:41,7:08,12:13,14:49,17:10,18:29
Kirkuk,6-Jan,5:42,7:08,12:13,14:50,17:10,18:30
Kirkuk,7-Jan,5:42,7:08,12:14,14:50,17:11,18:31
Kirkuk,8-Jan,5:42,7:08,12:14,14:51,17:12,18:32
Kirkuk,9-Jan,5:42,7:08,12:15,14:52,17:13,18:33
Kirkuk,10-Jan,5:42,7:08,12:15,14:53,17:14,18:33
Kirkuk,11-Jan,5:42,7:08,12:15,14:54,17:15,18:34
Kirkuk,12-Jan,5:42,7:08,12:16,14:55,17:16,18:35
Kirkuk,13-Jan,5:42,7:08,12:16,14:55,17:17,18:36
Kirkuk,14-Jan,5:42,7:08,12:17,14:56,17:18,18:37
Kirkuk,15-Jan,5:42,7:07,12:17,14:57,17:19,18:37
Kirkuk,16-Jan,5:41,7:07,12:17,14:58,17:20,18:38
Kirkuk,17-Jan,5:41,7:07,12:18,14:59,17:21,18:39
Kirkuk,18-Jan,5:41,7:06,12:18,15:00,17:22,18:40
Kirkuk,19-Jan,5:41,7:06,12:18,15:01,17:23,18:41
Kirkuk,20-Jan,5:40,7:06,12:18,15:02,17:24,18:42
Kirkuk,21-Jan,5:40,7:05,12:19,15:02,17:25,18:43
Kirkuk,22-Jan,5:40,7:05,12:19,15:03,17:26,18:44
Kirkuk,23-Jan,5:39,7:04,12:19,15:04,17:27,18:44
Kirkuk,24-Jan,5:39,7:04,12:20,15:05,17:28,18:45
Kirkuk,25-Jan,5:39,7:03,12:20,15:06,17:29,18:46
Kirkuk,26-Jan,5:38,7:03,12:20,15:07,17:30,18:47
Kirkuk,27-Jan,5:38,7:02,12:20,15:08,17:31,18:48
Kirkuk,28-Jan,5:37,7:01,12:20,15:09,17:32,18:49
Kirkuk,29-Jan,5:37,7:01,12:21,15:10,17:33,18:50
Kirkuk,30-Jan,5:36,7:00,12:21,15:10,17:34,18:51
Kirkuk,31-Jan,5:36,6:59,12:21,15:11,17:35,18:52
Kirkuk,1-Feb,5:35,6:59,12:21,15:12,17:36,18:53
Kirkuk,2-Feb,5:34,6:58,12:21,15:13,17:37,18:53
Kirkuk,3-Feb,5:34,6:57,12:21,15:14,17:38,18:54
Kirkuk,4-Feb,5:33,6:56,12:21,15:15,17:39,18:55
Kirkuk,5-Feb,5:32,6:55,12:21,15:15,17:40,18:56
Kirkuk,6-Feb,5:31,6:54,12:21,15:16,17:41,18:57
Kirkuk,7-Feb,5:31,6:54,12:22,15:17,17:42,18:58
Kirkuk,8-Feb,5:30,6:53,12:22,15:18,17:43,18:59
Kirkuk,9-Feb,5:29,6:52,12:22,15:19,17:44,19:00
Kirkuk,10-Feb,5:28,6:51,12:22,15:19,17:45,19:01
Kirkuk,11-Feb,5:27,6:50,12:22,15:20,17:46,19:02
Kirkuk,12-Feb,5:26,6:49,12:22,15:21,17:47,19:02
Kirkuk,13-Feb,5:26,6:48,12:22,15:22,17:48,19:03
Kirkuk,14-Feb,5:25,6:47,12:22,15:22,17:49,19:04
Kirkuk,15-Feb,5:24,6:46,12:22,15:23,17:50,19:05
Kirkuk,16-Feb,5:23,6:44,12:21,15:24,17:51,19:06
Kirkuk,17-Feb,5:22,6:43,12:21,15:25,17:52,19:07
Kirkuk,18-Feb,5:21,6:42,12:21,15:25,17:53,19:08
Kirkuk,19-Feb,5:19,6:41,12:21,15:26,17:54,19:09
Kirkuk,20-Feb,5:18,6:40,12:21,15:27,17:55,19:10
Kirkuk,21-Feb,5:17,6:39,12:21,15:27,17:56,19:10
Kirkuk,22-Feb,5:16,6:38,12:21,15:28,17:57,19:11
Kirkuk,23-Feb,5:15,6:36,12:21,15:29,17:58,19:12
Kirkuk,24-Feb,5:14,6:35,12:21,15:29,17:59,19:13
Kirkuk,25-Feb,5:13,6:34,12:20,15:30,17:59,19:14
Kirkuk,26-Feb,5:11,6:33,12:20,15:30,18:00,19:15
Kirkuk,27-Feb,5:10,6:31,12:20,15:31,18:01,19:16
Kirkuk,28-Feb,5:09,6:30,12:20,15:32,18:02,19:17
Kirkuk,1-Mar,5:08,6:29,12:20,15:32,18:03,19:17
Kirkuk,2-Mar,5:06,6:28,12:20,15:33,18:04,19:18
Kirkuk,3-Mar,5:05,6:26,12:19,15:33,18:05,19:19
Kirkuk,4-Mar,5:04,6:25,12:19,15:34,18:06,19:20
Kirkuk,5-Mar,5:03,6:24,12:19,15:34,18:07,19:21
Kirkuk,6-Mar,5:01,6:22,12:19,15:35,18:08,19:22
Kirkuk,7-Mar,5:00,6:21,12:18,15:35,18:08,19:23
Kirkuk,8-Mar,4:59,6:20,12:18,15:36,18:09,19:24
Kirkuk,9-Mar,4:57,6:18,12:18,15:36,18:10,19:24
Kirkuk,10-Mar,4:56,6:17,12:18,15:36,18:11,19:25
Kirkuk,11-Mar,4:54,6:15,12:17,15:37,18:12,19:26
Kirkuk,12-Mar,4:53,6:14,12:17,15:37,18:13,19:27
Kirkuk,13-Mar,4:52,6:13,12:17,15:38,18:14,19:28
Kirkuk,14-Mar,4:50,6:11,12:17,15:38,18:14,19:29
Kirkuk,15-Mar,4:49,6:10,12:16,15:38,18:15,19:30
Kirkuk,16-Mar,4:47,6:08,12:16,15:39,18:16,19:31
Kirkuk,17-Mar,4:46,6:07,12:16,15:39,18:17,19:32
Kirkuk,18-Mar,4:44,6:06,12:15,15:40,18:18,19:32
Kirkuk,19-Mar,4:43,6:04,12:15,15:40,18:19,19:33
Kirkuk,20-Mar,4:41,6:03,12:15,15:40,18:20,19:34
Kirkuk,21-Mar,4:40,6:01,12:15,15:40,18:20,19:35
Kirkuk,22-Mar,4:38,6:00,12:14,15:41,18:21,19:36
Kirkuk,23-Mar,4:37,5:59,12:14,15:41,18:22,19:37
Kirkuk,24-Mar,4:35,5:57,12:14,15:41,18:23,19:38
Kirkuk,25-Mar,4:34,5:56,12:13,15:42,18:24,19:39
Kirkuk,26-Mar,4:32,5:54,12:13,15:42,18:24,19:40
Kirkuk,27-Mar,4:30,5:53,12:13,15:42,18:25,19:41
Kirkuk,28-Mar,4:29,5:51,12:12,15:42,18:26,19:42
Kirkuk,29-Mar,4:27,5:50,12:12,15:43,18:27,19:43
Kirkuk,30-Mar,4:26,5:49,12:12,15:43,18:28,19:44
Kirkuk,31-Mar,4:24,5:47,12:12,15:43,18:29,19:45
Kirkuk,1-Apr,4:23,5:46,12:11,15:43,18:29,19:46
Kirkuk,2-Apr,4:21,5:44,12:11,15:44,18:30,19:47
Kirkuk,3-Apr,4:19,5:43,12:11,15:44,18:31,19:48
Kirkuk,4-Apr,4:18,5:42,12:10,15:44,18:32,19:49
Kirkuk,5-Apr,4:16,5:40,12:10,15:44,18:33,19:50
Kirkuk,6-Apr,4:15,5:39,12:10,15:44,18:33,19:51
Kirkuk,7-Apr,4:13,5:37,12:10,15:44,18:34,19:52
Kirkuk,8-Apr,4:12,5:36,12:09,15:45,18:35,19:53
Kirkuk,9-Apr,4:10,5:35,12:09,15:45,18:36,19:54
Kirkuk,10-Apr,4:08,5:33,12:09,15:45,18:37,19:55
Kirkuk,11-Apr,4:07,5:32,12:08,15:45,18:38,19:56
Kirkuk,12-Apr,4:05,5:31,12:08,15:45,18:38,19:57
Kirkuk,13-Apr,4:04,5:29,12:08,15:45,18:39,19:58
Kirkuk,14-Apr,4:02,5:28,12:08,15:45,18:40,19:59
Kirkuk,15-Apr,4:00,5:27,12:07,15:46,18:41,20:00
Kirkuk,16-Apr,3:59,5:25,12:07,15:46,18:42,20:01
Kirkuk,17-Apr,3:57,5:24,12:07,15:46,18:43,20:02
Kirkuk,18-Apr,3:56,5:23,12:07,15:46,18:43,20:03
Kirkuk,19-Apr,3:54,5:21,12:07,15:46,18:44,20:04
Kirkuk,20-Apr,3:53,5:20,12:06,15:46,18:45,20:05
Kirkuk,21-Apr,3:51,5:19,12:06,15:46,18:46,20:06
Kirkuk,22-Apr,3:50,5:18,12:06,15:46,18:47,20:07
Kirkuk,23-Apr,3:48,5:17,12:06,15:47,18:48,20:09
Kirkuk,24-Apr,3:47,5:15,12:06,15:47,18:48,20:10
Kirkuk,25-Apr,3:45,5:14,12:05,15:47,18:49,20:11
Kirkuk,26-Apr,3:44,5:13,12:05,15:47,18:50,20:12
Kirkuk,27-Apr,3:42,5:12,12:05,15:47,18:51,20:13
Kirkuk,28-Apr,3:41,5:11,12:05,15:47,18:52,20:14
Kirkuk,29-Apr,3:39,5:10,12:05,15:47,18:53,20:15
Kirkuk,30-Apr,3:38,5:08,12:05,15:47,18:53,20:17
Kirkuk,1-May,3:36,5:07,12:05,15:47,18:54,20:18
Kirkuk,2-May,3:35,5:06,12:04,15:48,18:55,20:19
Kirkuk,3-May,3:34,5:05,12:04,15:48,18:56,20:20
Kirkuk,4-May,3:32,5:04,12:04,15:48,18:57,20:21
Kirkuk,5-May,3:31,5:03,12:04,15:48,18:58,20:22
Kirkuk,6-May,3:29,5:02,12:04,15:48,18:58,20:23
Kirkuk,7-May,3:28,5:01,12:04,15:48,18:59,20:25
Kirkuk,8-May,3:27,5:00,12:04,15:48,19:00,20:26
Kirkuk,9-May,3:26,4:59,12:04,15:48,19:01,20:27
Kirkuk,10-May,3:24,4:58,12:04,15:48,19:02,20:28
Kirkuk,11-May,3:23,4:58,12:04,15:49,19:03,20:29
Kirkuk,12-May,3:22,4:57,12:04,15:49,19:03,20:30
Kirkuk,13-May,3:21,4:56,12:04,15:49,19:04,20:31
Kirkuk,14-May,3:19,4:55,12:04,15:49,19:05,20:33
Kirkuk,15-May,3:18,4:54,12:04,15:49,19:06,20:34
Kirkuk,16-May,3:17,4:53,12:04,15:49,19:07,20:35
Kirkuk,17-May,3:16,4:53,12:04,15:49,19:07,20:36
Kirkuk,18-May,3:15,4:52,12:04,15:50,19:08,20:37
Kirkuk,19-May,3:14,4:51,12:04,15:50,19:09,20:38
Kirkuk,20-May,3:13,4:51,12:04,15:50,19:10,20:39
Kirkuk,21-May,3:12,4:50,12:04,15:50,19:11,20:40
Kirkuk,22-May,3:11,4:49,12:04,15:50,19:11,20:41
Kirkuk,23-May,3:10,4:49,12:04,15:50,19:12,20:42
Kirkuk,24-May,3:09,4:48,12:04,15:50,19:13,20:43
Kirkuk,25-May,3:08,4:48,12:04,15:51,19:13,20:44
Kirkuk,26-May,3:07,4:47,12:05,15:51,19:14,20:45
Kirkuk,27-May,3:07,4:47,12:05,15:51,19:15,20:46
Kirkuk,28-May,3:06,4:46,12:05,15:51,19:16,20:47
Kirkuk,29-May,3:05,4:46,12:05,15:51,19:16,20:48
Kirkuk,30-May,3:04,4:45,12:05,15:51,19:17,20:49
Kirkuk,31-May,3:04,4:45,12:05,15:52,19:18,20:50
Kirkuk,1-Jun,3:03,4:45,12:05,15:52,19:18,20:51
Kirkuk,2-Jun,3:03,4:44,12:05,15:52,19:19,20:52
Kirkuk,3-Jun,3:02,4:44,12:06,15:52,19:19,20:53
Kirkuk,4-Jun,3:02,4:44,12:06,15:52,19:20,20:53
Kirkuk,5-Jun,3:01,4:44,12:06,15:53,19:21,20:54
Kirkuk,6-Jun,3:01,4:43,12:06,15:53,19:21,20:55
Kirkuk,7-Jun,3:00,4:43,12:06,15:53,19:22,20:56
Kirkuk,8-Jun,3:00,4:43,12:07,15:53,19:22,20:56
Kirkuk,9-Jun,3:00,4:43,12:07,15:54,19:23,20:57
Kirkuk,10-Jun,2:59,4:43,12:07,15:54,19:23,20:58
Kirkuk,11-Jun,2:59,4:43,12:07,15:54,19:24,20:58
Kirkuk,12-Jun,2:59,4:43,12:07,15:54,19:24,20:59
Kirkuk,13-Jun,2:59,4:43,12:08,15:54,19:24,20:59
Kirkuk,14-Jun,2:59,4:43,12:08,15:55,19:25,21:00
Kirkuk,15-Jun,2:59,4:43,12:08,15:55,19:25,21:00
Kirkuk,16-Jun,2:59,4:43,12:08,15:55,19:26,21:01
Kirkuk,17-Jun,2:59,4:43,12:08,15:55,19:26,21:01
Kirkuk,18-Jun,2:59,4:43,12:09,15:55,19:26,21:01
Kirkuk,19-Jun,2:59,4:43,12:09,15:56,19:26,21:02
Kirkuk,20-Jun,2:59,4:43,12:09,15:56,19:27,21:02
Kirkuk,21-Jun,2:59,4:44,12:09,15:56,19:27,21:02
Kirkuk,22-Jun,2:59,4:44,12:09,15:56,19:27,21:02
Kirkuk,23-Jun,3:00,4:44,12:10,15:57,19:27,21:02
Kirkuk,24-Jun,3:00,4:44,12:10,15:57,19:27,21:02
Kirkuk,25-Jun,3:00,4:45,12:10,15:57,19:27,21:03
Kirkuk,26-Jun,3:01,4:45,12:10,15:57,19:28,21:03
Kirkuk,27-Jun,3:01,4:45,12:11,15:57,19:28,21:03
Kirkuk,28-Jun,3:02,4:46,12:11,15:58,19:28,21:02
Kirkuk,29-Jun,3:02,4:46,12:11,15:58,19:28,21:02
Kirkuk,30-Jun,3:03,4:47,12:11,15:58,19:28,21:02
Kirkuk,1-Jul,3:03,4:47,12:11,15:58,19:28,21:02
Kirkuk,2-Jul,3:04,4:47,12:12,15:58,19:27,21:02
Kirkuk,3-Jul,3:04,4:48,12:12,15:58,19:27,21:01
Kirkuk,4-Jul,3:05,4:48,12:12,15:59,19:27,21:01
Kirkuk,5-Jul,3:06,4:49,12:12,15:59,19:27,21:01
Kirkuk,6-Jul,3:07,4:49,12:12,15:59,19:27,21:00
Kirkuk,7-Jul,3:07,4:50,12:12,15:59,19:27,21:00
Kirkuk,8-Jul,3:08,4:51,12:13,15:59,19:26,21:00
Kirkuk,9-Jul,3:09,4:51,12:13,15:59,19:26,20:59
Kirkuk,10-Jul,3:10,4:52,12:13,15:59,19:26,20:58
Kirkuk,11-Jul,3:11,4:52,12:13,15:59,19:25,20:58
Kirkuk,12-Jul,3:12,4:53,12:13,16:00,19:25,20:57
Kirkuk,13-Jul,3:12,4:54,12:13,16:00,19:25,20:57
Kirkuk,14-Jul,3:13,4:54,12:13,16:00,19:24,20:56
Kirkuk,15-Jul,3:14,4:55,12:13,16:00,19:24,20:55
Kirkuk,16-Jul,3:15,4:56,12:14,16:00,19:23,20:54
Kirkuk,17-Jul,3:16,4:56,12:14,16:00,19:23,20:54
Kirkuk,18-Jul,3:17,4:57,12:14,16:00,19:22,20:53
Kirkuk,19-Jul,3:18,4:58,12:14,16:00,19:22,20:52
Kirkuk,20-Jul,3:19,4:58,12:14,16:00,19:21,20:51
Kirkuk,21-Jul,3:20,4:59,12:14,16:00,19:20,20:50
Kirkuk,22-Jul,3:21,5:00,12:14,16:00,19:20,20:49
Kirkuk,23-Jul,3:22,5:00,12:14,16:00,19:19,20:48
Kirkuk,24-Jul,3:24,5:01,12:14,15:59,19:18,20:47
Kirkuk,25-Jul,3:25,5:02,12:14,15:59,19:18,20:46
Kirkuk,26-Jul,3:26,5:03,12:14,15:59,19:17,20:45
Kirkuk,27-Jul,3:27,5:03,12:14,15:59,19:16,20:44
Kirkuk,28-Jul,3:28,5:04,12:14,15:59,19:15,20:43
Kirkuk,29-Jul,3:29,5:05,12:14,15:59,19:14,20:42
Kirkuk,30-Jul,3:30,5:06,12:14,15:59,19:14,20:40
Kirkuk,31-Jul,3:31,5:06,12:14,15:59,19:13,20:39
Kirkuk,1-Aug,3:32,5:07,12:14,15:58,19:12,20:38
Kirkuk,2-Aug,3:34,5:08,12:14,15:58,19:11,20:37
Kirkuk,3-Aug,3:35,5:09,12:14,15:58,19:10,20:36
Kirkuk,4-Aug,3:36,5:10,12:14,15:58,19:09,20:34
Kirkuk,5-Aug,3:37,5:10,12:13,15:57,19:08,20:33
Kirkuk,6-Aug,3:38,5:11,12:13,15:57,19:07,20:32
Kirkuk,7-Aug,3:39,5:12,12:13,15:57,19:06,20:30
Kirkuk,8-Aug,3:40,5:13,12:13,15:56,19:05,20:29
Kirkuk,9-Aug,3:42,5:14,12:13,15:56,19:04,20:28
Kirkuk,10-Aug,3:43,5:14,12:13,15:56,19:03,20:26
Kirkuk,11-Aug,3:44,5:15,12:13,15:55,19:02,20:25
Kirkuk,12-Aug,3:45,5:16,12:12,15:55,19:01,20:23
Kirkuk,13-Aug,3:46,5:17,12:12,15:54,18:59,20:22
Kirkuk,14-Aug,3:47,5:17,12:12,15:54,18:58,20:20
Kirkuk,15-Aug,3:48,5:18,12:12,15:54,18:57,20:19
Kirkuk,16-Aug,3:49,5:19,12:12,15:53,18:56,20:17
Kirkuk,17-Aug,3:50,5:20,12:11,15:53,18:55,20:16
Kirkuk,18-Aug,3:51,5:21,12:11,15:52,18:53,20:14
Kirkuk,19-Aug,3:53,5:21,12:11,15:52,18:52,20:13
Kirkuk,20-Aug,3:54,5:22,12:11,15:51,18:51,20:11
Kirkuk,21-Aug,3:55,5:23,12:11,15:50,18:50,20:10
Kirkuk,22-Aug,3:56,5:24,12:10,15:50,18:48,20:08
Kirkuk,23-Aug,3:57,5:24,12:10,15:49,18:47,20:07
Kirkuk,24-Aug,3:58,5:25,12:10,15:49,18:46,20:05
Kirkuk,25-Aug,3:59,5:26,12:10,15:48,18:44,20:04
Kirkuk,26-Aug,4:00,5:27,12:09,15:47,18:43,20:02
Kirkuk,27-Aug,4:01,5:27,12:09,15:47,18:42,20:01
Kirkuk,28-Aug,4:02,5:28,12:09,15:46,18:40,19:59
Kirkuk,29-Aug,4:03,5:29,12:08,15:45,18:39,19:57
Kirkuk,30-Aug,4:04,5:30,12:08,15:45,18:38,19:56
Kirkuk,31-Aug,4:05,5:31,12:08,15:44,18:36,19:54
Kirkuk,1-Sep,4:06,5:31,12:07,15:43,18:35,19:53
Kirkuk,2-Sep,4:07,5:32,12:07,15:43,18:34,19:51
Kirkuk,3-Sep,4:08,5:33,12:07,15:42,18:32,19:49
Kirkuk,4-Sep,4:09,5:34,12:06,15:41,18:31,19:48
Kirkuk,5-Sep,4:10,5:34,12:06,15:40,18:29,19:46
Kirkuk,6-Sep,4:11,5:35,12:06,15:39,18:28,19:45
Kirkuk,7-Sep,4:12,5:36,12:05,15:39,18:26,19:43
Kirkuk,8-Sep,4:13,5:37,12:05,15:38,18:25,19:41
Kirkuk,9-Sep,4:14,5:37,12:05,15:37,18:24,19:40
Kirkuk,10-Sep,4:15,5:38,12:04,15:36,18:22,19:38
Kirkuk,11-Sep,4:15,5:39,12:04,15:35,18:21,19:37
Kirkuk,12-Sep,4:16,5:40,12:04,15:34,18:19,19:35
Kirkuk,13-Sep,4:17,5:40,12:03,15:34,18:18,19:33
Kirkuk,14-Sep,4:18,5:41,12:03,15:33,18:16,19:32
Kirkuk,15-Sep,4:19,5:42,12:03,15:32,18:15,19:30
Kirkuk,16-Sep,4:20,5:43,12:02,15:31,18:13,19:29
Kirkuk,17-Sep,4:21,5:43,12:02,15:30,18:12,19:27
Kirkuk,18-Sep,4:22,5:44,12:02,15:29,18:11,19:26
Kirkuk,19-Sep,4:23,5:45,12:01,15:28,18:09,19:24
Kirkuk,20-Sep,4:23,5:46,12:01,15:27,18:08,19:22
Kirkuk,21-Sep,4:24,5:46,12:00,15:26,18:06,19:21
Kirkuk,22-Sep,4:25,5:47,12:00,15:25,18:05,19:19
Kirkuk,23-Sep,4:26,5:48,12:00,15:24,18:03,19:18
Kirkuk,24-Sep,4:27,5:49,11:59,15:23,18:02,19:16
Kirkuk,25-Sep,4:28,5:49,11:59,15:22,18:00,19:15
Kirkuk,26-Sep,4:29,5:50,11:59,15:21,17:59,19:13
Kirkuk,27-Sep,4:29,5:51,11:58,15:20,17:57,19:12
Kirkuk,28-Sep,4:30,5:52,11:58,15:19,17:56,19:10
Kirkuk,29-Sep,4:31,5:52,11:58,15:18,17:55,19:09
Kirkuk,30-Sep,4:32,5:53,11:57,15:17,17:53,19:07
Kirkuk,1-Oct,4:33,5:54,11:57,15:16,17:52,19:06
Kirkuk,2-Oct,4:33,5:55,11:57,15:15,17:50,19:04
Kirkuk,3-Oct,4:34,5:56,11:56,15:15,17:49,19:03
Kirkuk,4-Oct,4:35,5:56,11:56,15:14,17:47,19:02
Kirkuk,5-Oct,4:36,5:57,11:56,15:13,17:46,19:00
Kirkuk,6-Oct,4:37,5:58,11:56,15:12,17:45,18:59
Kirkuk,7-Oct,4:38,5:59,11:55,15:11,17:43,18:57
Kirkuk,8-Oct,4:38,6:00,11:55,15:10,17:42,18:56
Kirkuk,9-Oct,4:39,6:00,11:55,15:09,17:41,18:55
Kirkuk,10-Oct,4:40,6:01,11:54,15:08,17:39,18:53
Kirkuk,11-Oct,4:41,6:02,11:54,15:07,17:38,18:52
Kirkuk,12-Oct,4:42,6:03,11:54,15:06,17:36,18:51
Kirkuk,13-Oct,4:42,6:04,11:54,15:05,17:35,18:49
Kirkuk,14-Oct,4:43,6:04,11:53,15:04,17:34,18:48
Kirkuk,15-Oct,4:44,6:05,11:53,15:03,17:33,18:47
Kirkuk,16-Oct,4:45,6:06,11:53,15:02,17:31,18:46
Kirkuk,17-Oct,4:46,6:07,11:53,15:01,17:30,18:44
Kirkuk,18-Oct,4:46,6:08,11:53,15:00,17:29,18:43
Kirkuk,19-Oct,4:47,6:09,11:52,14:59,17:28,18:42
Kirkuk,20-Oct,4:48,6:10,11:52,14:58,17:26,18:41
Kirkuk,21-Oct,4:49,6:11,11:52,14:57,17:25,18:40
Kirkuk,22-Oct,4:50,6:11,11:52,14:56,17:24,18:39
Kirkuk,23-Oct,4:51,6:12,11:52,14:55,17:23,18:38
Kirkuk,24-Oct,4:51,6:13,11:52,14:54,17:22,18:36
Kirkuk,25-Oct,4:52,6:14,11:52,14:53,17:20,18:35
Kirkuk,26-Oct,4:53,6:15,11:51,14:53,17:19,18:34
Kirkuk,27-Oct,4:54,6:16,11:51,14:52,17:18,18:33
Kirkuk,28-Oct,4:55,6:17,11:51,14:51,17:17,18:32
Kirkuk,29-Oct,4:55,6:18,11:51,14:50,17:16,18:31
Kirkuk,30-Oct,4:56,6:19,11:51,14:49,17:15,18:30
Kirkuk,31-Oct,4:57,6:20,11:51,14:48,17:14,18:30
Kirkuk,1-Nov,4:58,6:21,11:51,14:48,17:13,18:29
Kirkuk,2-Nov,4:59,6:22,11:51,14:47,17:12,18:28
Kirkuk,3-Nov,5:00,6:23,11:51,14:46,17:11,18:27
Kirkuk,4-Nov,5:00,6:23,11:51,14:45,17:10,18:26
Kirkuk,5-Nov,5:01,6:24,11:51,14:45,17:09,18:25
Kirkuk,6-Nov,5:02,6:25,11:51,14:44,17:08,18:25
Kirkuk,7-Nov,5:03,6:26,11:51,14:43,17:07,18:24
Kirkuk,8-Nov,5:04,6:27,11:51,14:43,17:07,18:23
Kirkuk,9-Nov,5:05,6:28,11:51,14:42,17:06,18:22
Kirkuk,10-Nov,5:06,6:29,11:51,14:41,17:05,18:22
Kirkuk,11-Nov,5:06,6:30,11:51,14:41,17:04,18:21
Kirkuk,12-Nov,5:07,6:31,11:52,14:40,17:04,18:21
Kirkuk,13-Nov,5:08,6:32,11:52,14:40,17:03,18:20
Kirkuk,14-Nov,5:09,6:33,11:52,14:39,17:02,18:19
Kirkuk,15-Nov,5:10,6:34,11:52,14:39,17:02,18:19
Kirkuk,16-Nov,5:11,6:35,11:52,14:38,17:01,18:18
Kirkuk,17-Nov,5:11,6:36,11:52,14:38,17:00,18:18
Kirkuk,18-Nov,5:12,6:37,11:53,14:37,17:00,18:18
Kirkuk,19-Nov,5:13,6:38,11:53,14:37,16:59,18:17
Kirkuk,20-Nov,5:14,6:39,11:53,14:37,16:59,18:17
Kirkuk,21-Nov,5:15,6:40,11:53,14:36,16:58,18:16
Kirkuk,22-Nov,5:16,6:41,11:54,14:36,16:58,18:16
Kirkuk,23-Nov,5:17,6:42,11:54,14:36,16:57,18:16
Kirkuk,24-Nov,5:17,6:43,11:54,14:35,16:57,18:16
Kirkuk,25-Nov,5:18,6:44,11:54,14:35,16:57,18:15
Kirkuk,26-Nov,5:19,6:45,11:55,14:35,16:56,18:15
Kirkuk,27-Nov,5:20,6:46,11:55,14:35,16:56,18:15
Kirkuk,28-Nov,5:21,6:47,11:55,14:35,16:56,18:15
Kirkuk,29-Nov,5:21,6:48,11:56,14:34,16:56,18:15
Kirkuk,30-Nov,5:22,6:48,11:56,14:34,16:56,18:15
Kirkuk,1-Dec,5:23,6:49,11:56,14:34,16:55,18:15
Kirkuk,2-Dec,5:24,6:50,11:57,14:34,16:55,18:15
Kirkuk,3-Dec,5:25,6:51,11:57,14:34,16:55,18:15
Kirkuk,4-Dec,5:25,6:52,11:58,14:34,16:55,18:15
Kirkuk,5-Dec,5:26,6:53,11:58,14:34,16:55,18:15
Kirkuk,6-Dec,5:27,6:54,11:58,14:34,16:55,18:15
Kirkuk,7-Dec,5:28,6:55,11:59,14:34,16:55,18:15
Kirkuk,8-Dec,5:28,6:55,11:59,14:35,16:55,18:15
Kirkuk,9-Dec,5:29,6:56,12:00,14:35,16:55,18:15
Kirkuk,10-Dec,5:30,6:57,12:00,14:35,16:56,18:16
Kirkuk,11-Dec,5:30,6:58,12:01,14:35,16:56,18:16
Kirkuk,12-Dec,5:31,6:58,12:01,14:35,16:56,18:16
Kirkuk,13-Dec,5:32,6:59,12:02,14:36,16:56,18:16
Kirkuk,14-Dec,5:32,7:00,12:02,14:36,16:56,18:17
Kirkuk,15-Dec,5:33,7:00,12:03,14:36,16:57,18:17
Kirkuk,16-Dec,5:34,7:01,12:03,14:37,16:57,18:17
Kirkuk,17-Dec,5:34,7:02,12:04,14:37,16:57,18:18
Kirkuk,18-Dec,5:35,7:02,12:04,14:37,16:58,18:18
Kirkuk,19-Dec,5:35,7:03,12:05,14:38,16:58,18:19
Kirkuk,20-Dec,5:36,7:03,12:05,14:38,16:59,18:19
Kirkuk,21-Dec,5:36,7:04,12:06,14:39,16:59,18:20
Kirkuk,22-Dec,5:37,7:04,12:06,14:39,17:00,18:20
Kirkuk,23-Dec,5:37,7:05,12:07,14:40,17:00,18:21
Kirkuk,24-Dec,5:38,7:05,12:07,14:40,17:01,18:21
Kirkuk,25-Dec,5:38,7:06,12:08,14:41,17:01,18:22
Kirkuk,26-Dec,5:39,7:06,12:08,14:42,17:02,18:22
Kirkuk,27-Dec,5:39,7:06,12:09,14:42,17:03,18:23
Kirkuk,28-Dec,5:39,7:07,12:09,14:43,17:03,18:24
Kirkuk,29-Dec,5:40,7:07,12:10,14:44,17:04,18:24
Kirkuk,30-Dec,5:40,7:07,12:10,14:44,17:05,18:25
Kirkuk,31-Dec,5:40,7:08,12:10,14:45,17:05,18:26
Qasre,1-Jan,5:51,7:15,12:10,14:43,17:04,18:19
Qasre,2-Jan,5:51,7:15,12:10,14:44,17:05,18:20
Qasre,3-Jan,5:50,7:15,12:10,14:44,17:06,18:21
Qasre,4-Jan,5:50,7:15,12:11,14:44,17:06,18:21
Qasre,5-Jan,5:50,7:14,12:11,14:45,17:07,18:22
Qasre,6-Jan,5:49,7:14,12:11,14:45,17:08,18:23
Qasre,7-Jan,5:49,7:13,12:13,14:45,17:09,18:24
Qasre,8-Jan,5:49,7:13,12:13,14:45,17:10,18:25
Qasre,9-Jan,5:48,7:13,12:13,14:46,17:11,18:26
Qasre,10-Jan,5:48,7:13,12:15,14:46,17:12,18:27
Qasre,11-Jan,5:47,7:13,12:15,14:46,17:13,18:28
Qasre,12-Jan,5:47,7:12,12:15,14:48,17:14,18:29
Qasre,13-Jan,5:46,7:12,12:15,14:48,17:15,18:30
Qasre,14-Jan,5:46,7:12,12:15,14:50,17:16,18:31
Qasre,15-Jan,5:45,7:11,12:15,14:50,17:17,18:32
Qasre,16-Jan,5:45,7:11,12:15,14:51,17:17,18:32
Qasre,17-Jan,5:44,7:11,12:17,14:51,17:18,18:33
Qasre,18-Jan,5:43,7:11,12:17,14:53,17:19,18:34
Qasre,19-Jan,5:42,7:10,12:17,14:53,17:20,18:35
Qasre,20-Jan,5:41,7:10,12:17,14:54,17:21,18:36
Qasre,21-Jan,5:40,7:09,12:17,14:55,17:22,18:37
Qasre,22-Jan,5:40,7:09,12:17,14:57,17:23,18:38
Qasre,23-Jan,5:39,7:08,12:17,14:58,17:24,18:39
Qasre,24-Jan,5:39,7:08,12:18,14:59,17:25,18:40
Qasre,25-Jan,5:38,7:07,12:18,15:00,17:27,18:42
Qasre,26-Jan,5:38,7:06,12:18,15:02,17:28,18:43
Qasre,27-Jan,5:37,7:05,12:18,15:03,17:29,18:44
Qasre,28-Jan,5:37,7:04,12:18,15:04,17:30,18:45
Qasre,29-Jan,5:36,7:04,12:18,15:04,17:31,18:46
Qasre,30-Jan,5:36,7:03,12:18,15:05,17:32,18:47
Qasre,31-Jan,5:35,7:02,12:18,15:06,17:33,18:48
Qasre,1-Feb,5:34,7:00,12:18,15:07,17:34,18:49
Qasre,2-Feb,5:34,7:00,12:18,15:08,17:35,18:50
Qasre,3-Feb,5:33,6:59,12:18,15:09,17:36,18:51
Qasre,4-Feb,5:32,6:58,12:18,15:10,17:37,18:52
Qasre,5-Feb,5:31,6:57,12:19,15:11,17:38,18:53
Qasre,6-Feb,5:30,6:56,12:19,15:12,17:39,18:54
Qasre,7-Feb,5:30,6:56,12:19,15:13,17:40,18:55
Qasre,8-Feb,5:29,6:55,12:19,15:14,17:41,18:56
Qasre,9-Feb,5:28,6:54,12:20,15:15,17:42,18:57
Qasre,10-Feb,5:27,6:53,12:20,15:15,17:43,18:58
Qasre,11-Feb,5:26,6:52,12:20,15:16,17:44,18:59
Qasre,12-Feb,5:27,6:51,12:21,15:17,17:45,19:00
Qasre,13-Feb,5:26,6:50,12:21,15:18,17:46,19:01
Qasre,14-Feb,5:25,6:50,12:21,15:19,17:47,19:02
Qasre,15-Feb,5:24,6:49,12:21,15:20,17:48,19:03
Qasre,16-Feb,5:23,6:48,12:20,15:21,17:49,19:04
Qasre,17-Feb,5:22,6:47,12:20,15:22,17:50,19:05
Qasre,18-Feb,5:21,6:46,12:20,15:22,17:51,19:06
Qasre,19-Feb,5:20,6:45,12:20,15:23,17:52,19:07
Qasre,20-Feb,5:19,6:44,12:20,15:23,17:53,19:08
Qasre,21-Feb,5:18,6:43,12:20,15:24,17:54,19:09
Qasre,22-Feb,5:17,6:42,12:20,15:25,17:55,19:10
Qasre,23-Feb,5:16,6:41,12:20,15:25,17:56,19:11
Qasre,24-Feb,5:15,6:39,12:20,15:26,17:57,19:12
Qasre,25-Feb,5:14,6:38,12:19,15:26,17:58,19:13
Qasre,26-Feb,5:13,6:37,12:19,15:27,17:59,19:14
Qasre,27-Feb,5:12,6:36,12:19,15:27,18:00,19:15
Qasre,28-Feb,5:12,6:35,12:19,15:28,18:01,19:16
Qasre,1-Mar,5:11,6:35,12:18,15:29,18:02,19:17
Qasre,2-Mar,5:09,6:33,12:18,15:29,18:03,19:18
Qasre,3-Mar,5:08,6:32,12:18,15:30,18:03,19:18
Qasre,4-Mar,5:06,6:31,12:18,15:30,18:04,19:19
Qasre,5-Mar,5:04,6:30,12:18,15:31,18:04,19:19
Qasre,6-Mar,5:02,6:29,12:18,15:31,18:05,19:20
Qasre,7-Mar,5:00,6:28,12:18,15:32,18:06,19:21
Qasre,8-Mar,4:58,6:26,12:18,15:32,18:08,19:23
Qasre,9-Mar,4:57,6:24,12:17,15:33,18:09,19:24
Qasre,10-Mar,4:55,6:22,12:17,15:33,18:10,19:25
Qasre,11-Mar,4:54,6:20,12:17,15:34,18:11,19:26
Qasre,12-Mar,4:53,6:18,12:17,15:34,18:12,19:27
Qasre,13-Mar,4:51,6:16,12:17,15:35,18:13,19:28
Qasre,14-Mar,4:50,6:14,12:17,15:35,18:14,19:29
Qasre,15-Mar,4:49,6:15,12:17,15:36,18:15,19:30
Qasre,16-Mar,4:48,6:14,12:16,15:36,18:16,19:31
Qasre,17-Mar,4:47,6:12,12:16,15:37,18:16,19:31
Qasre,18-Mar,4:46,6:11,12:16,15:37,18:17,19:32
Qasre,19-Mar,4:44,6:10,12:16,15:38,18:18,19:33
Qasre,20-Mar,4:42,6:08,12:16,15:38,18:19,19:34
Qasre,21-Mar,4:41,6:06,12:16,15:38,18:20,19:35
Qasre,22-Mar,4:40,6:04,12:16,15:39,18:21,19:36
Qasre,23-Mar,4:38,6:03,12:16,15:39,18:22,19:37
Qasre,24-Mar,4:37,6:02,12:16,15:39,18:23,19:38
Qasre,25-Mar,4:36,6:01,12:16,15:40,18:25,19:40
Qasre,26-Mar,4:35,6:00,12:16,15:40,18:26,19:41
Qasre,27-Mar,4:34,5:58,12:16,15:40,18:27,19:42
Qasre,28-Mar,4:32,5:58,12:15,15:41,18:27,19:42
Qasre,29-Mar,4:30,5:05,12:15,15:41,18:28,19:43
Qasre,30-Mar,4:28,5:57,12:15,15:41,18:29,19:44
Qasre,31-Mar,4:26,5:56,12:15,15:41,18:29,19:44
Qasre,1-Apr,4:20,5:52,12:09,15:41,18:31,19:48
Qasre,2-Apr,4:19,5:50,12:09,15:41,18:32,19:49
Qasre,3-Apr,4:17,5:49,12:09,15:41,18:32,19:50
Qasre,4-Apr,4:15,5:47,12:09,15:41,18:33,19:51
Qasre,5-Apr,4:14,5:46,12:08,15:42,18:34,19:52
Qasre,6-Apr,4:12,5:44,12:08,15:42,18:35,19:53
Qasre,7-Apr,4:10,5:43,12:08,15:42,18:36,19:54
Qasre,8-Apr,4:08,5:42,12:07,15:42,18:36,19:55
Qasre,9-Apr,4:07,5:40,12:07,15:43,18:37,19:56
Qasre,10-Apr,4:05,5:39,12:07,15:43,18:38,19:57
Qasre,11-Apr,4:03,5:37,12:07,15:43,18:39,19:58
Qasre,12-Apr,4:02,5:36,12:05,15:43,18:39,19:59
Qasre,13-Apr,4:00,5:34,12:05,15:43,18:40,20:00
Qasre,14-Apr,3:58,5:33,12:05,15:43,18:41,20:01
Qasre,15-Apr,3:57,5:31,12:05,15:44,18:42,20:02
Qasre,16-Apr,3:55,5:30,12:05,15:44,18:43,20:03
Qasre,17-Apr,3:54,5:29,12:04,15:44,18:44,20:04
Qasre,18-Apr,3:52,5:27,12:04,15:44,18:45,20:05
Qasre,19-Apr,3:50,5:26,12:04,15:44,18:45,20:06
Qasre,20-Apr,3:48,5:24,12:04,15:45,18:46,20:07
Qasre,21-Apr,3:46,5:22,12:04,15:45,18:47,20:07
Qasre,22-Apr,3:46,5:15,12:04,15:46,18:47,20:10
Qasre,23-Apr,3:45,5:13,12:04,15:46,18:48,20:11
Qasre,24-Apr,3:43,5:12,12:04,15:46,18:49,20:12
Qasre,25-Apr,3:42,5:11,12:04,15:46,18:50,20:13
Qasre,26-Apr,3:40,5:10,12:04,15:47,18:51,20:14
Qasre,27-Apr,3:38,5:08,12:04,15:47,18:51,20:16
Qasre,28-Apr,3:37,5:07,12:03,15:47,18:52,20:17
Qasre,29-Apr,3:35,5:06,12:03,15:47,18:53,20:18
Qasre,30-Apr,3:34,5:05,12:03,15:47,18:54,20:19
Qasre,1-May,3:32,5:04,12:03,15:47,18:55,20:20
Qasre,2-May,3:31,5:02,12:03,15:47,18:56,20:22
Qasre,3-May,3:29,5:01,12:03,15:48,18:57,20:23
Qasre,4-May,3:28,5:00,12:03,15:48,18:58,20:24
Qasre,5-May,3:26,4:59,12:03,15:48,18:59,20:25
Qasre,6-May,3:25,4:58,12:02,15:48,18:59,20:27
Qasre,7-May,3:24,4:57,12:02,15:48,19:00,20:28
Qasre,8-May,3:22,4:56,12:02,15:48,19:01,20:29
Qasre,9-May,3:21,4:55,12:02,15:49,19:02,20:30
Qasre,10-May,3:20,4:54,12:02,15:49,19:03,20:31
Qasre,11-May,3:18,4:53,12:02,15:49,19:04,20:33
Qasre,12-May,3:17,4:52,12:02,15:49,19:05,20:34
Qasre,13-May,3:16,4:51,12:02,15:49,19:05,20:35
Qasre,14-May,3:14,4:51,12:02,15:49,19:06,20:35
Qasre,15-May,3:13,4:50,12:02,15:49,19:07,20:35
Qasre,16-May,3:12,4:49,12:02,15:50,19:08,20:34
Qasre,17-May,3:11,4:48,12:02,15:50,19:09,20:34
Qasre,18-May,3:10,4:48,12:02,15:50,19:10,20:34
Qasre,19-May,3:08,4:47,12:02,15:50,19:11,20:34
Qasre,20-May,3:08,4:47,12:02,15:50,19:11,20:34
Qasre,21-May,3:08,4:47,12:02,15:51,19:12,20:35
Qasre,22-May,3:08,4:45,12:02,15:51,19:13,20:35
Qasre,23-May,3:08,4:45,12:03,15:51,19:14,20:35
Qasre,24-May,3:09,4:45,12:03,15:51,19:14,20:35
Qasre,25-May,3:09,4:45,12:03,15:51,19:15,20:34
Qasre,26-May,3:09,4:45,12:03,15:51,19:16,20:34
Qasre,27-May,3:09,4:46,12:03,15:52,19:17,20:34
Qasre,28-May,3:10,4:46,12:04,15:52,19:17,20:33
Qasre,29-May,3:10,4:46,12:05,15:52,19:18,20:33
Qasre,30-May,3:10,4:46,12:06,15:53,19:18,20:33
Qasre,31-May,3:10,4:47,12:07,15:54,19:18,20:33
Qasre,1-Jun,3:11,4:47,12:08,15:55,19:19,20:33
Qasre,2-Jun,3:11,4:47,12:08,15:55,19:19,20:34
Qasre,3-Jun,3:11,4:47,12:09,15:55,19:19,20:34
Qasre,4-Jun,3:11,4:47,12:09,15:55,19:20,20:35
Qasre,5-Jun,3:11,4:47,12:09,15:55,19:20,20:35
Qasre,6-Jun,3:11,4:47,12:10,15:55,19:21,20:36
Qasre,7-Jun,3:10,4:47,12:10,15:55,19:21,20:36
Qasre,8-Jun,3:10,4:47,12:10,15:56,19:22,20:37
Qasre,9-Jun,3:10,4:46,12:10,15:56,19:22,20:37
Qasre,10-Jun,3:10,4:46,12:11,15:56,19:23,20:38
Qasre,11-Jun,3:10,4:46,12:11,15:56,19:23,20:38
Qasre,12-Jun,3:10,4:46,12:11,15:56,19:24,20:39
Qasre,13-Jun,3:10,4:46,12:11,15:56,19:24,20:39
Qasre,14-Jun,3:11,4:45,12:11,15:57,19:24,20:39
Qasre,15-Jun,3:11,4:45,12:11,15:57,19:25,20:40
Qasre,16-Jun,3:11,4:45,12:11,15:57,19:25,20:40
Qasre,17-Jun,3:11,4:45,12:11,15:57,19:26,20:41
Qasre,18-Jun,3:11,4:45,12:11,15:57,19:26,20:41
Qasre,19-Jun,3:12,4:45,12:11,15:57,19:26,20:41
Qasre,20-Jun,3:12,4:45,12:11,15:57,19:26,20:41
Qasre,21-Jun,3:12,4:45,12:11,15:57,19:27,20:42
Qasre,22-Jun,3:12,4:45,12:12,15:58,19:27,20:42
Qasre,23-Jun,3:12,4:45,12:12,15:58,19:27,20:42
Qasre,24-Jun,3:12,4:46,12:12,15:58,19:27,20:42
Qasre,25-Jun,3:13,4:46,12:12,15:58,19:27,20:42
Qasre,26-Jun,3:13,4:47,12:13,15:58,19:28,20:43
Qasre,27-Jun,3:13,4:47,12:13,15:58,19:28,20:43
Qasre,28-Jun,3:14,4:48,12:13,15:58,19:28,20:43
Qasre,29-Jun,3:14,4:48,12:14,15:58,19:28,20:43
Qasre,30-Jun,3:14,4:49,12:14,15:58,19:28,20:43
Qasre,1-Jul,3:15,4:50,12:14,15:58,19:27,20:42
Qasre,2-Jul,3:16,4:51,12:14,15:58,19:27,20:42
Qasre,3-Jul,3:50,4:51,12:14,15:59,19:27,20:42
Qasre,4-Jul,3:17,4:52,12:15,15:59,19:27,20:42
Qasre,5-Jul,3:17,4:52,12:15,15:59,19:26,20:41
Qasre,6-Jul,3:18,4:53,12:15,15:59,19:26,20:41
Qasre,7-Jul,3:18,4:54,12:15,16:00,19:26,20:41
Qasre,8-Jul,3:19,4:55,12:15,16:00,19:26,20:41
Qasre,9-Jul,3:19,4:56,12:15,16:00,19:26,20:41
Qasre,10-Jul,3:20,4:57,12:16,16:01,19:25,20:40
Qasre,11-Jul,3:20,4:58,12:16,16:01,19:25,20:40
Qasre,12-Jul,3:21,4:59,12:16,16:01,19:25,20:40
Qasre,13-Jul,3:21,5:00,12:16,16:01,19:24,20:39
Qasre,14-Jul,3:22,5:01,12:16,16:01,19:24,20:39
Qasre,15-Jul,3:23,5:02,12:16,16:01,19:24,20:39
Qasre,16-Jul,3:24,5:03,12:16,16:01,19:23,20:38
Qasre,17-Jul,3:25,5:04,12:16,16:00,19:22,20:37
Qasre,18-Jul,3:25,5:05,12:17,16:00,19:21,20:36
Qasre,19-Jul,3:25,5:06,12:17,16:00,19:20,20:35
Qasre,20-Jul,3:26,5:07,12:17,16:00,19:20,20:35
Qasre,21-Jul,3:27,5:08,12:17,16:00,19:19,20:34
Qasre,22-Jul,3:28,5:09,12:18,16:00,19:19,20:34
Qasre,23-Jul,3:28,5:09,12:18,15:59,19:18,20:33
Qasre,24-Jul,3:29,5:10,12:18,15:59,19:18,20:33
Qasre,25-Jul,3:30,5:10,12:18,15:59,19:17,20:32
Qasre,26-Jul,3:30,5:11,12:18,15:59,19:16,20:31
Qasre,27-Jul,3:31,5:11,12:18,15:58,19:15,20:30
Qasre,28-Jul,3:32,5:12,12:18,15:58,19:14,20:29
Qasre,29-Jul,3:33,5:12,12:18,15:58,19:13,20:28
Qasre,30-Jul,3:34,5:13,12:17,15:57,19:12,20:27
Qasre,31-Jul,3:35,5:13,12:17,15:57,19:12,20:27
Qasre,1-Aug,3:36,5:13,12:17,15:57,19:11,20:26
Qasre,2-Aug,3:36,5:14,12:17,15:57,19:10,20:25
Qasre,3-Aug,3:37,5:15,12:17,15:57,19:09,20:24
Qasre,4-Aug,3:37,5:16,12:17,15:56,19:08,20:23
Qasre,5-Aug,3:38,5:17,12:17,15:56,19:07,20:22
Qasre,6-Aug,3:38,5:18,12:17,15:56,19:06,20:21
Qasre,7-Aug,3:40,5:19,12:16,15:55,19:05,20:20
Qasre,8-Aug,3:40,5:19,12:16,15:55,19:04,20:19
Qasre,9-Aug,3:41,5:20,12:16,15:55,19:03,20:18
Qasre,10-Aug,3:41,5:20,12:16,15:54,19:01,20:16
Qasre,11-Aug,3:42,5:21,12:16,15:54,19:00,20:15
Qasre,12-Aug,3:43,5:22,12:16,15:53,18:59,20:14
Qasre,13-Aug,3:44,5:22,12:16,15:53,18:58,20:13
Qasre,14-Aug,3:45,5:23,12:15,15:52,18:57,20:12
Qasre,15-Aug,3:46,5:24,12:15,15:52,18:56,20:11
Qasre,16-Aug,3:47,5:25,12:15,15:51,18:55,20:10
Qasre,17-Aug,3:48,5:26,12:15,15:51,18:54,20:09
Qasre,18-Aug,3:49,5:27,12:15,15:50,18:52,20:07
Qasre,19-Aug,3:50,5:28,12:15,15:49,18:51,20:06
Qasre,20-Aug,3:51,5:29,12:14,15:48,18:49,20:04
Qasre,21-Aug,3:51,5:30,12:14,15:48,18:48,20:03
Qasre,22-Aug,3:52,5:31,12:14,15:47,18:47,20:02
Qasre,23-Aug,3:52,5:31,12:14,15:47,18:45,20:00
Qasre,24-Aug,3:54,5:32,12:13,15:46,18:44,19:59
Qasre,25-Aug,3:55,5:33,12:13,15:46,18:43,19:58
Qasre,26-Aug,3:56,5:34,12:12,15:45,18:41,19:56
Qasre,27-Aug,3:57,5:35,12:12,15:45,18:40,19:55
Qasre,28-Aug,3:58,5:35,12:12,15:44,18:38,19:53
Qasre,29-Aug,3:59,5:36,12:12,15:44,18:37,19:52
Qasre,30-Aug,4:00,5:36,12:11,15:43,18:36,19:51
Qasre,31-Aug,4:01,5:37,12:11,15:43,18:35,19:50
Qasre,1-Sep,4:02,5:36,12:11,15:42,18:35,19:50
Qasre,2-Sep,4:03,5:37,12:11,15:42,18:34,19:49
Qasre,3-Sep,4:05,5:38,12:10,15:41,18:32,19:47
Qasre,4-Sep,4:07,5:39,12:10,15:41,18:30,19:45
Qasre,5-Sep,4:08,5:40,12:10,15:40,18:29,19:44
Qasre,6-Sep,4:09,5:41,12:10,15:40,18:28,19:43
Qasre,7-Sep,4:10,5:42,12:10,15:39,18:26,19:41
Qasre,8-Sep,4:11,5:42,12:10,15:38,18:25,19:40
Qasre,9-Sep,4:11,5:43,12:09,15:37,18:23,19:38
Qasre,10-Sep,4:12,5:44,12:09,15:36,18:22,19:37
Qasre,11-Sep,4:13,5:45,12:09,15:35,18:19,19:34
Qasre,12-Sep,4:14,5:46,12:08,15:34,18:19,19:34
Qasre,13-Sep,4:15,5:47,12:08,15:33,18:18,19:33
Qasre,14-Sep,4:16,5:48,12:08,15:32,18:16,19:31
Qasre,15-Sep,4:17,5:49,12:08,15:31,18:15,19:30
Qasre,16-Sep,4:18,5:50,12:08,15:30,18:14,19:29
Qasre,17-Sep,4:18,5:51,12:07,15:29,18:12,19:27
Qasre,18-Sep,4:19,5:51,12:07,15:28,18:10,19:25
Qasre,19-Sep,4:19,5:52,12:07,15:27,18:09,19:24
Qasre,20-Sep,4:20,5:53,12:07,15:26,18:08,19:23
Qasre,21-Sep,4:20,5:54,12:06,15:25,18:06,19:21
Qasre,22-Sep,4:21,5:55,12:06,15:24,18:05,19:20
Qasre,23-Sep,4:22,5:55,12:06,15:23,18:04,19:19
Qasre,24-Sep,4:23,5:56,12:06,15:22,18:03,19:18
Qasre,25-Sep,4:24,5:57,12:05,15:21,18:02,19:17
Qasre,26-Sep,4:25,5:57,12:05,15:20,18:00,19:15
Qasre,27-Sep,4:26,5:58,12:04,15:19,17:59,19:14
Qasre,28-Sep,4:27,5:58,12:04,15:18,17:57,19:12
Qasre,29-Sep,4:28,5:59,12:03,15:17,17:55,19:10
Qasre,30-Sep,4:29,5:59,12:02,15:16,17:54,19:09
Qasre,1-Oct,4:30,6:00,12:02,15:15,17:52,19:07
Qasre,2-Oct,4:31,6:00,12:02,15:14,17:51,19:06
Qasre,3-Oct,4:32,6:01,12:01,15:13,17:49,19:04
Qasre,4-Oct,4:33,6:01,12:01,15:11,17:47,19:02
Qasre,5-Oct,4:33,6:02,12:01,15:10,17:45,19:00
Qasre,6-Oct,4:34,6:02,12:00,15:09,17:44,18:59
Qasre,7-Oct,4:35,6:03,12:00,15:08,17:42,18:57
Qasre,8-Oct,4:36,6:04,11:59,15:07,17:41,18:56
Qasre,9-Oct,4:36,6:04,11:59,15:06,17:40,18:55
Qasre,10-Oct,4:37,6:05,11:58,15:05,17:38,18:53
Qasre,11-Oct,4:39,6:06,11:58,15:04,17:37,18:52
Qasre,12-Oct,4:40,6:07,11:58,15:04,17:36,18:51
Qasre,13-Oct,4:41,6:08,11:57,15:03,17:34,18:49
Qasre,14-Oct,4:42,6:09,11:57,15:01,17:33,18:48
Qasre,15-Oct,4:43,6:10,11:57,15:00,17:32,18:47
Qasre,16-Oct,4:45,6:11,11:56,14:59,17:31,18:46
Qasre,17-Oct,4:46,6:12,11:56,14:58,17:30,18:45
Qasre,18-Oct,4:48,6:13,11:56,14:57,17:29,18:44
Qasre,19-Oct,4:49,6:14,11:56,14:56,17:27,18:42
Qasre,20-Oct,4:50,6:15,11:55,14:55,17:26,18:41
Qasre,21-Oct,4:51,6:16,11:55,14:54,17:25,18:40
Qasre,22-Oct,4:52,6:17,11:55,14:53,17:24,18:39
Qasre,23-Oct,4:53,6:18,11:55,14:52,17:23,18:38
Qasre,24-Oct,4:54,6:19,11:55,14:51,17:21,18:36
Qasre,25-Oct,4:55,6:20,11:54,14:50,17:20,18:35
Qasre,26-Oct,4:56,6:21,11:54,14:49,17:18,18:33
Qasre,27-Oct,4:57,6:22,11:54,14:48,17:17,18:32
Qasre,28-Oct,4:58,6:23,11:54,14:47,17:16,18:31
Qasre,29-Oct,4:59,6:24,11:53,14:46,17:15,18:30
Qasre,30-Oct,5:00,6:25,11:53,14:45,17:14,18:29
Qasre,31-Oct,5:01,6:26,11:52,14:44,17:13,18:28
Qasre,1-Nov,5:02,6:27,11:52,14:45,17:12,18:27
Qasre,2-Nov,5:03,6:28,11:52,14:44,17:11,18:26
Qasre,3-Nov,5:04,6:29,11:52,14:44,17:10,18:25
Qasre,4-Nov,5:05,6:30,11:52,14:44,17:09,18:24
Qasre,5-Nov,5:06,6:31,11:52,14:44,17:08,18:23
Qasre,6-Nov,5:07,6:32,11:52,14:43,17:08,18:23
Qasre,7-Nov,5:08,6:33,11:52,14:42,17:07,18:22
Qasre,8-Nov,5:09,6:34,11:53,14:40,17:06,18:21
Qasre,9-Nov,5:10,6:35,11:53,14:40,17:05,18:20
Qasre,10-Nov,5:11,6:36,11:53,14:40,17:05,18:20
Qasre,11-Nov,5:12,6:37,11:53,14:40,17:03,18:18
Qasre,12-Nov,5:13,6:38,11:54,14:38,17:02,18:17
Qasre,13-Nov,5:14,6:39,11:54,14:38,17:01,18:16
Qasre,14-Nov,5:15,6:40,11:54,14:38,17:01,18:16
Qasre,15-Nov,5:16,6:41,11:54,14:38,17:01,18:16
Qasre,16-Nov,5:17,6:42,11:55,14:35,17:00,18:15
Qasre,17-Nov,5:18,6:43,11:55,14:35,17:00,18:15
Qasre,18-Nov,5:19,6:43,11:55,14:35,16:59,18:14
Qasre,19-Nov,5:20,6:44,11:55,14:35,16:59,18:14
Qasre,20-Nov,5:21,6:45,11:56,14:35,16:58,18:13
Qasre,21-Nov,5:22,6:46,11:56,14:35,16:58,18:13
Qasre,22-Nov,5:23,6:47,11:56,14:35,16:57,18:12
Qasre,23-Nov,5:24,6:48,11:56,14:35,16:57,18:12
Qasre,24-Nov,5:26,6:49,11:57,14:34,16:56,18:11
Qasre,25-Nov,5:27,6:50,11:57,14:34,16:56,18:11
Qasre,26-Nov,5:28,6:51,11:57,14:34,16:55,18:10
Qasre,27-Nov,5:29,6:52,11:57,14:33,16:55,18:10
Qasre,28-Nov,5:30,6:53,11:58,14:33,16:55,18:10
Qasre,29-Nov,5:31,6:54,11:58,14:33,16:54,18:09
Qasre,30-Nov,5:32,6:55,11:58,14:33,16:54,18:09
Qasre,1-Dec,5:34,6:56,11:58,14:33,16:53,18:08
Qasre,2-Dec,5:35,6:57,11:58,14:33,16:53,18:08
Qasre,3-Dec,5:36,6:58,11:58,14:34,16:53,18:08
Qasre,4-Dec,5:37,6:59,11:59,14:34,16:53,18:08
Qasre,5-Dec,5:38,7:00,11:59,14:34,16:53,18:08
Qasre,6-Dec,5:39,7:00,11:59,14:34,16:53,18:08
Qasre,7-Dec,5:40,7:01,11:59,14:34,16:54,18:09
Qasre,8-Dec,5:41,7:02,12:00,14:35,16:54,18:09
Qasre,9-Dec,5:42,7:03,12:00,14:35,16:54,18:09
Qasre,10-Dec,5:43,7:04,12:00,14:35,16:54,18:09
Qasre,11-Dec,5:44,7:05,12:01,14:35,16:54,18:09
Qasre,12-Dec,5:45,7:05,12:01,14:36,16:54,18:09
Qasre,13-Dec,5:46,7:06,12:02,14:36,16:55,18:10
Qasre,14-Dec,5:47,7:07,12:03,14:36,16:55,18:10
Qasre,15-Dec,5:47,7:08,12:03,14:36,16:55,18:10
Qasre,16-Dec,5:48,7:09,12:04,14:36,16:55,18:10
Qasre,17-Dec,5:48,7:10,12:04,14:37,16:55,18:10
Qasre,18-Dec,5:49,7:11,12:05,14:37,16:56,18:11
Qasre,19-Dec,5:49,7:11,12:06,14:37,16:56,18:11
Qasre,20-Dec,5:50,7:12,12:06,14:39,16:56,18:11
Qasre,21-Dec,5:50,7:12,12:07,14:39,16:57,18:12
Qasre,22-Dec,5:51,7:13,12:07,14:40,16:57,18:12
Qasre,23-Dec,5:51,7:14,12:08,14:40,16:58,18:13
Qasre,24-Dec,5:52,7:14,12:08,14:40,16:59,18:14
Qasre,25-Dec,5:52,7:14,12:09,14:41,17:00,18:15
Qasre,26-Dec,5:53,7:14,12:09,14:41,17:00,18:15
Qasre,27-Dec,5:53,7:15,12:10,14:41,17:01,18:16
Qasre,28-Dec,5:53,7:15,12:10,14:42,17:01,18:16
Qasre,29-Dec,5:54,7:16,12:10,14:42,17:02,18:17
Qasre,30-Dec,5:54,7:16,12:11,14:43,17:02,18:17
Qasre,31-Dec,5:54,7:16,12:11,14:43,17:03,18:18
Kalar,1-Jan,5:41,7:13,12:07,14:41,17:00,18:19
Kalar,2-Jan,5:41,7:13,12:07,14:42,17:01,18:20
Kalar,3-Jan,5:41,7:13,12:08,14:43,17:02,18:21
Kalar,4-Jan,5:41,7:13,12:08,14:44,17:02,18:21
Kalar,5-Jan,5:41,7:13,12:09,14:45,17:03,18:22
Kalar,6-Jan,5:41,7:13,12:09,14:45,17:04,18:23
Kalar,7-Jan,5:41,7:13,12:10,14:46,17:05,18:24
Kalar,8-Jan,5:42,7:13,12:10,14:47,17:06,18:25
Kalar,9-Jan,5:42,7:13,12:10,14:48,17:07,18:26
Kalar,10-Jan,5:42,7:13,12:11,14:49,17:08,18:27
Kalar,11-Jan,5:42,7:13,12:11,14:50,17:09,18:28
Kalar,12-Jan,5:43,7:13,12:12,14:50,17:10,18:29
Kalar,13-Jan,5:43,7:13,12:12,14:51,17:10,18:30
Kalar,14-Jan,5:43,7:13,12:12,14:52,17:11,18:31
Kalar,15-Jan,5:43,7:12,12:13,14:53,17:12,18:32
Kalar,16-Jan,5:44,7:12,12:13,14:54,17:13,18:33
Kalar,17-Jan,5:44,7:12,12:13,14:55,17:14,18:34
Kalar,18-Jan,5:44,7:11,12:14,14:56,17:15,18:35
Kalar,19-Jan,5:45,7:11,12:14,14:57,17:16,18:36
Kalar,20-Jan,5:45,7:11,12:14,14:58,17:17,18:37
Kalar,21-Jan,5:44,7:10,12:15,14:58,17:18,18:38
Kalar,22-Jan,5:44,7:10,12:15,14:59,17:19,18:39
Kalar,23-Jan,5:43,7:09,12:15,15:00,17:20,18:40
Kalar,24-Jan,5:43,7:09,12:16,15:01,17:21,18:41
Kalar,25-Jan,5:42,7:08,12:16,15:02,17:22,18:42
Kalar,26-Jan,5:41,7:08,12:16,15:03,17:23,18:43
Kalar,27-Jan,5:40,7:07,12:16,15:04,17:24,18:44
Kalar,28-Jan,5:40,7:06,12:16,15:05,17:25,18:44
Kalar,29-Jan,5:39,7:06,12:17,15:06,17:27,18:45
Kalar,30-Jan,5:39,7:05,12:17,15:06,17:28,18:46
Kalar,31-Jan,5:38,7:04,12:17,15:07,17:29,18:47
Kalar,1-Feb,5:37,7:03,12:17,15:08,17:30,18:47
Kalar,2-Feb,5:36,7:03,12:17,15:09,17:31,18:48
Kalar,3-Feb,5:36,7:02,12:17,15:10,17:32,18:49
Kalar,4-Feb,5:35,7:01,12:17,15:11,17:33,18:50
Kalar,5-Feb,5:34,7:00,12:17,15:11,17:34,18:51
Kalar,6-Feb,5:33,6:59,12:17,15:12,17:35,18:52
Kalar,7-Feb,5:32,6:58,12:17,15:13,17:36,18:52
Kalar,8-Feb,5:31,6:57,12:17,15:14,17:37,18:53
Kalar,9-Feb,5:30,6:56,12:17,15:15,17:38,18:54
Kalar,10-Feb,5:30,6:55,12:17,15:16,17:39,18:55
Kalar,11-Feb,5:29,6:54,12:17,15:16,17:40,18:56
Kalar,12-Feb,5:28,6:53,12:17,15:17,17:41,18:57
Kalar,13-Feb,5:27,6:52,12:17,15:18,17:42,18:58
Kalar,14-Feb,5:26,6:51,12:17,15:19,17:43,18:59
Kalar,15-Feb,5:25,6:50,12:17,15:19,17:44,19:00
Kalar,16-Feb,5:24,6:49,12:17,15:20,17:45,19:01
Kalar,17-Feb,5:23,6:48,12:17,15:21,17:46,19:02
Kalar,18-Feb,5:21,6:47,12:17,15:21,17:47,19:03
Kalar,19-Feb,5:20,6:46,12:17,15:22,17:48,19:04
Kalar,20-Feb,5:18,6:45,12:17,15:23,17:49,19:05
Kalar,21-Feb,5:17,6:44,12:17,15:24,17:50,19:06
Kalar,22-Feb,5:16,6:42,12:17,15:24,17:51,19:06
Kalar,23-Feb,5:14,6:41,12:17,15:25,17:52,19:07
Kalar,24-Feb,5:13,6:40,12:17,15:25,17:53,19:08
Kalar,25-Feb,5:11,6:39,12:16,15:26,17:54,19:09
Kalar,26-Feb,5:10,6:37,12:16,15:27,17:55,19:10
Kalar,27-Feb,5:09,6:36,12:16,15:27,17:56,19:11
Kalar,28-Feb,5:08,6:35,12:16,15:28,17:57,19:12
Kalar,1-Mar,5:07,6:34,12:16,15:28,17:57,19:12
Kalar,2-Mar,5:06,6:33,12:16,15:29,17:58,19:13
Kalar,3-Mar,5:04,6:31,12:15,15:29,17:59,19:14
Kalar,4-Mar,5:03,6:30,12:15,15:30,18:00,19:14
Kalar,5-Mar,5:02,6:28,12:15,15:30,18:00,19:15
Kalar,6-Mar,5:00,6:27,12:15,15:31,18:01,19:16
Kalar,7-Mar,4:59,6:26,12:15,15:31,18:02,19:17
Kalar,8-Mar,4:58,6:24,12:14,15:32,18:03,19:17
Kalar,9-Mar,4:56,6:23,12:14,15:32,18:04,19:18
Kalar,10-Mar,4:55,6:22,12:14,15:33,18:05,19:19
Kalar,11-Mar,4:54,6:20,12:13,15:33,18:06,19:20
Kalar,12-Mar,4:53,6:19,12:13,15:34,18:07,19:20
Kalar,13-Mar,4:52,6:17,12:13,15:34,18:08,19:21
Kalar,14-Mar,4:51,6:16,12:13,15:35,18:09,19:22
Kalar,15-Mar,4:49,6:15,12:12,15:35,18:10,19:23
Kalar,16-Mar,4:48,6:13,12:12,15:35,18:10,19:24
Kalar,17-Mar,4:46,6:12,12:12,15:36,18:11,19:24
Kalar,18-Mar,4:45,6:10,12:12,15:36,18:12,19:25
Kalar,19-Mar,4:44,6:09,12:11,15:36,18:13,19:26
Kalar,20-Mar,4:42,6:08,12:11,15:37,18:14,19:27
Kalar,21-Mar,4:40,6:06,12:11,15:37,18:15,19:28
Kalar,22-Mar,4:39,6:05,12:10,15:37,18:15,19:29
Kalar,23-Mar,4:38,6:03,12:10,15:38,18:16,19:29
Kalar,24-Mar,4:36,6:02,12:10,15:38,18:17,19:30
Kalar,25-Mar,4:35,6:00,12:10,15:38,18:18,19:31
Kalar,26-Mar,4:34,5:59,12:09,15:38,18:19,19:32
Kalar,27-Mar,4:33,5:58,12:09,15:39,18:19,19:32
Kalar,28-Mar,4:32,5:56,12:09,15:39,18:20,19:33
Kalar,29-Mar,4:30,5:55,12:08,15:39,18:21,19:34
Kalar,30-Mar,4:28,5:54,12:08,15:39,18:22,19:35
Kalar,31-Mar,4:27,5:52,12:08,15:40,18:23,19:35
Kalar,1-Apr,4:26,5:51,12:07,15:40,18:23,19:36
Kalar,2-Apr,4:25,5:49,12:07,15:40,18:24,19:37
Kalar,3-Apr,4:23,5:48,12:07,15:40,18:25,19:37
Kalar,4-Apr,4:22,5:47,12:07,15:40,18:26,19:38
Kalar,5-Apr,4:20,5:45,12:06,15:41,18:27,19:39
Kalar,6-Apr,4:19,5:44,12:06,15:41,18:28,19:40
Kalar,7-Apr,4:18,5:43,12:06,15:41,18:28,19:41
Kalar,8-Apr,4:16,5:41,12:05,15:41,18:29,19:42
Kalar,9-Apr,4:15,5:40,12:05,15:41,18:30,19:42
Kalar,10-Apr,4:13,5:38,12:05,15:41,18:31,19:43
Kalar,11-Apr,4:12,5:37,12:05,15:42,18:32,19:44
Kalar,12-Apr,4:10,5:35,12:04,15:42,18:32,19:45
Kalar,13-Apr,4:09,5:34,12:04,15:42,18:33,19:46
Kalar,14-Apr,4:07,5:32,12:04,15:42,18:34,19:46
Kalar,15-Apr,4:06,5:31,12:04,15:42,18:35,19:47
Kalar,16-Apr,4:05,5:30,12:03,15:42,18:36,19:48
Kalar,17-Apr,4:04,5:29,12:03,15:43,18:37,19:49
Kalar,18-Apr,4:03,5:27,12:03,15:43,18:37,19:50
Kalar,19-Apr,4:01,5:26,12:03,15:43,18:38,19:51
Kalar,20-Apr,4:00,5:25,12:03,15:43,18:39,19:51
Kalar,21-Apr,3:58,4:24,12:02,15:43,18:40,19:52
Kalar,22-Apr,3:57,5:23,12:02,15:43,18:41,19:53
Kalar,23-Apr,3:55,5:21,12:02,15:43,18:42,19:54
Kalar,24-Apr,3:54,5:20,12:02,15:43,18:42,19:55
Kalar,25-Apr,3:52,5:19,12:02,15:44,18:43,19:56
Kalar,26-Apr,3:50,5:18,12:01,15:44,18:44,19:56
Kalar,27-Apr,3:49,5:17,12:01,15:44,18:45,19:57
Kalar,28-Apr,3:48,5:15,12:01,15:44,18:46,19:58
Kalar,29-Apr,3:46,5:14,12:01,15:44,18:47,19:59
Kalar,30-Apr,3:45,5:13,12:01,15:44,18:48,19:59
Kalar,1-May,3:44,5:12,12:01,15:44,18:48,20:00
Kalar,2-May,3:43,5:11,12:01,15:44,18:49,20:01
Kalar,3-May,3:42,5:10,12:00,15:44,18:50,20:02
Kalar,4-May,3:41,5:09,12:00,15:44,18:51,20:03
Kalar,5-May,3:40,5:08,12:00,15:45,18:52,20:04
Kalar,6-May,3:39,5:07,12:00,15:45,18:53,20:05
Kalar,7-May,3:38,5:06,12:00,15:45,18:53,20:05
Kalar,8-May,3:37,5:05,12:00,15:45,18:54,20:06
Kalar,9-May,3:36,5:04,12:00,15:45,18:55,20:07
Kalar,10-May,3:36,5:03,12:00,15:45,18:56,20:08
Kalar,11-May,3:35,5:02,12:00,15:45,18:57,20:09
Kalar,12-May,3:34,5:01,12:00,15:45,18:58,20:10
Kalar,13-May,3:33,5:00,12:00,15:46,18:58,20:11
Kalar,14-May,3:32,5:00,12:00,15:46,18:59,20:12
Kalar,15-May,3:31,4:59,12:00,15:46,19:00,20:13
Kalar,16-May,3:30,4:58,12:00,15:46,19:00,20:14
Kalar,17-May,3:29,4:57,12:00,15:46,19:01,20:15
Kalar,18-May,3:28,4:57,12:00,15:46,19:02,20:16
Kalar,19-May,3:27,4:56,12:00,15:46,19:03,20:17
Kalar,20-May,3:26,4:55,12:00,15:47,19:04,20:17
Kalar,21-May,3:25,4:55,12:00,15:47,19:05,20:19
Kalar,22-May,3:25,4:54,12:00,15:47,19:05,20:20
Kalar,23-May,3:24,4:53,12:00,15:47,19:04,20:21
Kalar,24-May,3:23,4:53,12:00,15:47,19:07,20:22
Kalar,25-May,3:22,4:52,12:00,15:47,19:08,20:23
Kalar,26-May,3:21,4:52,12:00,15:47,19:08,20:24
Kalar,27-May,3:21,4:51,12:00,15:48,19:09,20:25
Kalar,28-May,3:20,4:51,12:01,15:48,19:10,20:26
Kalar,29-May,3:20,4:50,12:01,15:48,19:10,20:27
Kalar,30-May,3:19,4:50,12:01,15:48,19:11,20:28
Kalar,31-May,3:19,4:49,12:01,15:48,19:12,20:29
Kalar,1-Jun,3:19,4:49,12:01,15:49,19:12,20:30
Kalar,2-Jun,3:18,4:49,12:01,15:49,19:13,20:31
Kalar,3-Jun,3:18,4:49,12:02,15:49,19:14,20:31
Kalar,4-Jun,3:18,4:48,12:02,15:49,19:14,20:32
Kalar,5-Jun,3:18,4:48,12:02,15:49,19:15,20:33
Kalar,6-Jun,3:17,4:48,12:02,15:50,19:15,20:34
Kalar,7-Jun,3:17,4:48,12:02,15:50,19:16,20:34
Kalar,8-Jun,3:17,4:48,12:02,15:50,19:16,20:35
Kalar,9-Jun,3:17,4:47,12:03,15:50,19:17,20:36
Kalar,10-Jun,3:17,4:47,12:03,15:50,19:17,20:37
Kalar,11-Jun,3:16,4:47,12:03,15:51,19:18,20:38
Kalar,12-Jun,3:16,4:47,12:03,15:51,19:18,20:38
Kalar,13-Jun,3:16,4:47,12:03,15:51,19:19,20:39
Kalar,14-Jun,3:16,4:47,12:04,15:51,19:19,20:39
Kalar,15-Jun,3:16,4:47,12:04,15:51,19:20,20:39
Kalar,16-Jun,3:16,4:47,12:04,15:52,19:20,20:39
Kalar,17-Jun,3:16,4:47,12:04,15:52,19:20,20:40
Kalar,18-Jun,3:16,4:47,12:04,15:52,19:20,20:40
Kalar,19-Jun,3:16,4:48,12:05,15:52,19:21,20:40
Kalar,20-Jun,3:16,4:48,12:05,15:53,19:21,20:40
Kalar,21-Jun,3:17,4:48,12:05,15:53,19:21,20:40
Kalar,22-Jun,3:17,4:48,12:05,15:53,19:21,20:41
Kalar,23-Jun,3:17,4:48,12:05,15:53,19:22,20:41
Kalar,24-Jun,3:18,4:49,12:06,15:53,19:22,20:41
Kalar,25-Jun,3:18,4:49,12:06,15:54,19:22,20:41
Kalar,26-Jun,3:19,4:49,12:06,15:54,19:22,20:41
Kalar,27-Jun,3:19,4:50,12:06,15:54,19:22,20:41
Kalar,28-Jun,3:19,4:50,12:07,15:54,19:22,20:41
Kalar,29-Jun,3:20,4:50,12:07,15:55,19:22,20:41
Kalar,30-Jun,3:20,4:51,12:07,15:55,19:22,20:41
Kalar,1-Jul,3:20,4:51,12:07,15:55,19:21,20:41
Kalar,2-Jul,3:21,4:52,12:07,15:55,19:21,20:41
Kalar,3-Jul,3:21,4:52,12:07,15:55,19:21,20:40
Kalar,4-Jul,3:22,4:53,12:08,15:55,19:21,20:40
Kalar,5-Jul,3:22,4:53,12:08,15:55,19:21,20:40
Kalar,6-Jul,3:23,4:54,12:08,15:56,19:20,20:40
Kalar,7-Jul,3:23,4:54,12:08,15:56,19:20,20:39
Kalar,8-Jul,3:24,4:55,12:08,15:56,19:20,20:39
Kalar,9-Jul,3:24,4:55,12:08,15:56,19:20,20:39
Kalar,10-Jul,3:25,4:56,12:08,15:56,19:19,20:38
Kalar,11-Jul,3:26,4:56,12:09,15:56,19:19,20:38
Kalar,12-Jul,3:26,4:57,12:09,15:56,19:20,20:38
Kalar,13-Jul,3:27,4:58,12:09,15:56,19:19,20:37
Kalar,14-Jul,3:27,4:58,12:09,15:56,19:19,20:37
Kalar,15-Jul,3:28,4:59,12:09,15:57,19:18,20:36
Kalar,16-Jul,3:29,5:00,12:09,15:57,19:18,20:36
Kalar,17-Jul,3:30,5:00,12:09,15:57,19:17,20:35
Kalar,18-Jul,3:31,5:01,12:09,15:57,19:17,20:34
Kalar,19-Jul,3:32,5:02,12:10,15:57,19:16,20:33
Kalar,20-Jul,3:32,5:02,12:10,15:57,19:16,20:32
Kalar,21-Jul,3:33,5:03,12:10,15:56,19:15,20:32
Kalar,22-Jul,3:34,5:04,12:10,15:56,19:14,20:32
Kalar,23-Jul,3:35,5:05,12:10,15:56,19:14,20:31
Kalar,24-Jul,3:36,5:05,12:10,15:56,19:13,20:31
Kalar,25-Jul,3:37,5:06,12:10,15:56,19:12,20:30
Kalar,26-Jul,3:38,5:07,12:10,15:56,19:12,20:30
Kalar,27-Jul,3:39,5:08,12:10,15:56,19:11,20:29
Kalar,28-Jul,3:40,5:08,12:10,15:56,19:10,20:29
Kalar,29-Jul,3:41,5:09,12:10,15:56,19:09,20:28
Kalar,30-Jul,3:42,5:10,12:10,15:55,19:08,20:27
Kalar,31-Jul,3:43,5:11,12:09,15:55,19:07,20:26
Kalar,1-Aug,3:44,5:11,12:09,15:55,19:06,20:25
Kalar,2-Aug,3:45,5:12,12:09,15:55,19:05,20:24
Kalar,3-Aug,3:45,5:13,12:09,15:55,19:04,20:23
Kalar,4-Aug,3:46,5:14,12:09,15:54,19:03,20:22
Kalar,5-Aug,3:46,5:15,12:09,15:54,19:02,20:21
Kalar,6-Aug,3:47,5:15,12:09,15:53,19:01,20:20
Kalar,7-Aug,3:48,5:16,12:09,15:53,19:00,20:19
Kalar,8-Aug,3:49,5:17,12:09,15:53,18:59,20:18
Kalar,9-Aug,3:50,5:17,12:09,15:53,18:58,20:17
Kalar,10-Aug,3:51,5:18,12:08,15:52,18:57,20:16
Kalar,11-Aug,3:52,5:19,12:08,15:52,18:56,20:15
Kalar,12-Aug,3:53,5:20,12:08,15:52,18:55,20:14
Kalar,13-Aug,3:54,5:21,12:08,15:51,18:54,20:13
Kalar,14-Aug,3:55,5:21,12:08,15:51,18:53,20:12
Kalar,15-Aug,3:56,5:22,12:08,15:50,18:52,20:11
Kalar,16-Aug,3:57,5:23,12:07,15:50,18:50,20:10
Kalar,17-Aug,3:57,5:24,12:07,15:49,18:48,20:09
Kalar,18-Aug,3:58,5:24,12:07,15:49,18:48,20:08
Kalar,19-Aug,3:59,5:25,12:07,15:48,18:47,20:07
Kalar,20-Aug,4:00,5:26,12:06,15:48,18:46,20:06
Kalar,21-Aug,4:00,5:27,12:06,15:47,18:44,20:05
Kalar,22-Aug,4:01,5:28,12:06,15:47,18:43,20:04
Kalar,23-Aug,4:02,5:28,12:06,15:46,18:42,20:03
Kalar,24-Aug,4:03,5:29,12:05,15:46,18:40,20:01
Kalar,25-Aug,4:04,5:30,12:05,15:45,18:39,20:00
Kalar,26-Aug,4:05,5:31,12:05,15:44,18:38,19:58
Kalar,27-Aug,4:06,5:31,12:05,15:44,18:36,19:56
Kalar,28-Aug,4:07,5:32,12:04,15:43,18:35,19:55
Kalar,29-Aug,4:08,5:33,12:04,15:42,18:34,19:54
Kalar,30-Aug,4:08,5:34,12:04,15:42,18:32,19:52
Kalar,31-Aug,4:09,5:34,12:03,15:41,18:31,19:50
Kalar,1-Sep,4:10,5:35,12:03,15:40,18:30,19:48
Kalar,2-Sep,4:10,5:36,12:03,15:39,18:28,19:46
Kalar,3-Sep,4:11,5:37,12:02,15:39,18:27,19:44
Kalar,4-Sep,4:12,5:38,12:02,15:38,18:25,19:42
Kalar,5-Sep,4:13,5:38,12:02,15:37,18:24,19:40
Kalar,6-Sep,4:13,5:39,12:01,15:36,18:23,19:38
Kalar,7-Sep,4:14,5:40,12:01,15:36,18:21,19:37
Kalar,8-Sep,4:15,5:41,12:01,15:35,18:20,19:35
Kalar,9-Sep,4:16,5:41,12:00,15:34,18:18,19:33
Kalar,10-Sep,4:17,5:42,12:00,15:33,18:17,19:31
Kalar,11-Sep,4:18,5:43,12:00,15:32,18:15,19:30
Kalar,12-Sep,4:19,5:44,11:59,15:31,18:14,19:29
Kalar,13-Sep,4:20,5:44,11:59,15:30,18:13,19:27
Kalar,14-Sep,4:20,5:45,11:59,15:30,18:11,19:25
Kalar,15-Sep,4:21,5:46,11:58,15:29,18:10,19:26
Kalar,16-Sep,4:22,5:47,11:58,15:28,18:08,19:24
Kalar,17-Sep,4:23,5:47,11:58,15:27,18:07,19:22
Kalar,18-Sep,4:23,5:48,11:57,15:26,18:05,19:20
Kalar,19-Sep,4:24,5:49,11:57,15:25,18:04,19:18
Kalar,20-Sep,4:25,5:50,11:57,15:24,18:02,19:17
Kalar,21-Sep,4:26,5:50,11:56,15:23,18:01,19:15
Kalar,22-Sep,4:26,5:51,11:56,15:22,18:00,19:13
Kalar,23-Sep,4:27,5:52,11:56,15:21,17:58,19:11
Kalar,24-Sep,4:28,5:53,11:55,15:20,17:57,19:10
Kalar,25-Sep,4:29,5:53,11:55,15:19,17:55,19:09
Kalar,26-Sep,4:29,5:54,11:55,15:18,17:54,19:08
Kalar,27-Sep,4:30,5:55,11:54,15:17,17:52,19:07
Kalar,28-Sep,4:31,5:56,11:54,15:16,17:51,19:06
Kalar,29-Sep,4:32,5:57,11:54,15:15,17:50,19:04
Kalar,30-Sep,4:32,5:57,11:53,15:14,17:48,19:03
Kalar,1-Oct,4:33,5:58,11:53,15:13,17:47,19:02
Kalar,2-Oct,4:34,5:59,11:53,15:12,17:45,19:01
Kalar,3-Oct,4:34,6:00,11:52,15:11,17:44,19:00
Kalar,4-Oct,4:35,6:00,11:52,15:10,17:42,18:58
Kalar,5-Oct,4:36,6:01,11:52,15:09,17:41,18:56
Kalar,6-Oct,4:37,6:02,11:51,15:08,17:40,18:54
Kalar,7-Oct,4:38,6:03,11:51,15:07,17:38,18:52
Kalar,8-Oct,4:39,6:04,11:51,15:06,17:37,18:50
Kalar,9-Oct,4:40,6:04,11:50,15:05,17:35,18:49
Kalar,10-Oct,4:41,6:05,11:50,15:04,17:34,18:47
Kalar,11-Oct,4:42,6:06,11:50,15:03,17:33,18:45
Kalar,12-Oct,4:43,6:07,11:50,15:02,17:31,18:43
Kalar,13-Oct,4:43,6:08,11:49,15:01,17:30,18:41
Kalar,14-Oct,4:44,6:09,11:49,15:00,17:29,18:40
Kalar,15-Oct,4:44,6:09,11:49,14:59,17:27,18:38
Kalar,16-Oct,4:45,6:10,11:49,14:58,17:26,18:36
Kalar,17-Oct,4:46,6:11,11:48,14:57,17:25,18:34
Kalar,18-Oct,4:47,6:12,11:48,14:56,17:24,18:32
Kalar,19-Oct,4:48,6:13,11:48,14:55,17:22,18:31
Kalar,20-Oct,4:49,6:14,11:48,14:55,17:21,18:30
Kalar,21-Oct,4:50,6:14,11:48,14:54,17:20,18:29
Kalar,22-Oct,4:50,6:15,11:48,14:53,17:19,18:28
Kalar,23-Oct,4:51,6:16,11:46,14:52,17:17,18:27
Kalar,24-Oct,4:52,6:17,11:47,14:51,17:16,18:26
Kalar,25-Oct,4:52,6:18,11:47,14:50,17:15,18:26
Kalar,26-Oct,4:53,6:19,11:47,14:49,17:14,18:25
Kalar,27-Oct,4:54,6:20,11:47,14:48,17:13,18:24
Kalar,28-Oct,4:55,6:21,11:47,14:47,17:12,18:23
Kalar,29-Oct,4:56,6:22,11:47,14:47,17:10,18:23
Kalar,30-Oct,4:57,6:23,11:47,14:46,17:09,18:22
Kalar,31-Oct,4:58,6:24,11:47,14:45,17:08,18:21
Kalar,1-Nov,4:59,6:25,11:47,14:44,17:07,18:20
Kalar,2-Nov,5:00,6:26,11:47,14:44,17:06,18:20
Kalar,3-Nov,5:01,6:27,11:47,14:43,17:05,18:19
Kalar,4-Nov,5:02,6:27,11:47,14:42,17:05,18:19
Kalar,5-Nov,5:03,6:28,11:47,14:41,17:04,18:18
Kalar,6-Nov,5:04,6:29,11:47,14:41,17:03,18:17
Kalar,7-Nov,5:05,6:30,11:47,14:40,17:02,18:16
Kalar,8-Nov,5:06,6:31,11:47,14:39,17:01,18:16
Kalar,9-Nov,5:07,6:32,11:47,14:39,17:00,18:15
Kalar,10-Nov,5:08,6:33,11:47,14:38,16:59,18:14
Kalar,11-Nov,5:09,6:34,11:47,14:37,16:58,18:14
Kalar,12-Nov,5:10,6:35,11:47,14:37,16:58,18:13
Kalar,13-Nov,5:11,6:36,11:47,14:36,16:57,18:12
Kalar,14-Nov,5:12,6:37,11:47,14:36,16:56,18:12
Kalar,15-Nov,5:13,6:38,11:48,14:35,16:56,18:11
Kalar,16-Nov,5:14,6:39,11:48,14:35,16:55,18:10
Kalar,17-Nov,5:15,6:40,11:48,14:34,16:54,18:09
Kalar,18-Nov,5:16,6:41,11:48,14:34,16:54,18:09
Kalar,19-Nov,5:17,6:42,11:48,14:33,16:53,18:08
Kalar,20-Nov,5:18,6:43,11:49,14:33,16:53,18:08
Kalar,21-Nov,5:19,6:44,11:49,14:33,16:52,18:08
Kalar,22-Nov,5:20,6:45,11:49,14:32,16:52,18:07
Kalar,23-Nov,5:20,6:46,11:49,14:32,16:51,18:07
Kalar,24-Nov,5:21,6:47,11:50,14:32,16:51,18:07
Kalar,25-Nov,5:22,6:48,11:50,14:32,16:51,18:07
Kalar,26-Nov,5:23,6:49,11:50,14:31,16:50,18:08
Kalar,27-Nov,5:23,6:50,11:51,14:31,16:50,18:08
Kalar,28-Nov,5:24,6:51,11:51,14:31,16:50,18:08
Kalar,29-Nov,5:24,6:52,11:51,14:31,16:49,18:08
Kalar,30-Nov,5:25,6:53,11:52,14:31,16:49,18:09
Kalar,1-Dec,5:25,6:54,11:52,14:31,16:49,18:09
Kalar,2-Dec,5:26,6:55,11:52,14:30,16:49,18:09
Kalar,3-Dec,5:26,6:56,11:53,14:30,16:49,18:09
Kalar,4-Dec,5:27,6:57,11:53,14:30,16:49,18:09
Kalar,5-Dec,5:28,6:57,11:53,14:30,16:49,18:09
Kalar,6-Dec,5:28,6:58,11:54,14:31,16:49,18:09
Kalar,7-Dec,5:29,6:59,11:54,14:31,16:49,18:10
Kalar,8-Dec,5:30,7:00,11:55,14:31,16:49,18:10
Kalar,9-Dec,5:31,7:01,11:55,14:31,16:49,18:10
Kalar,10-Dec,5:32,7:01,11:56,14:31,16:49,18:10
Kalar,11-Dec,5:32,7:02,11:56,14:31,16:49,18:10
Kalar,12-Dec,5:33,7:03,11:57,14:32,16:50,18:10
Kalar,13-Dec,5:34,7:04,11:57,14:32,16:50,18:10
Kalar,14-Dec,5:35,7:04,11:58,14:32,16:50,18:10
Kalar,15-Dec,5:36,7:05,11:58,14:33,16:50,18:11
Kalar,16-Dec,5:37,7:06,11:59,14:33,16:51,18:11
Kalar,17-Dec,5:38,7:06,11:59,14:34,16:51,18:11
Kalar,18-Dec,5:39,7:07,12:00,14:34,16:51,18:11
Kalar,19-Dec,5:39,7:08,12:00,14:35,16:52,18:11
Kalar,20-Dec,5:40,7:08,12:01,14:35,16:52,18:11
Kalar,21-Dec,5:40,7:09,12:01,14:35,16:53,18:11
Kalar,22-Dec,5:40,7:09,12:02,14:36,16:53,18:12
Kalar,23-Dec,5:40,7:10,12:02,14:36,16:54,18:12
Kalar,24-Dec,5:40,7:10,12:03,14:37,16:54,18:13
Kalar,25-Dec,5:40,7:11,12:03,14:37,16:55,18:13
Kalar,26-Dec,5:40,7:11,12:04,14:38,16:55,18:14
Kalar,27-Dec,5:40,7:11,12:04,14:38,16:56,18:15
Kalar,28-Dec,5:41,7:12,12:05,14:39,16:57,18:16
Kalar,29-Dec,5:41,7:12,12:05,14:40,16:58,18:17
Kalar,30-Dec,5:41,7:12,12:06,14:40,16:58,18:18
Kalar,31-Dec,5:41,7:13,12:06,14:41,16:59,18:19
Sulaymaniyah,1-Jan,5:41,7:08,12:08,14:39,17:04,18:25
Sulaymaniyah,2-Jan,5:41,7:08,12:08,14:39,17:04,18:25
Sulaymaniyah,3-Jan,5:41,7:08,12:09,14:40,17:05,18:26
Sulaymaniyah,4-Jan,5:41,7:08,12:09,14:41,17:06,18:27
Sulaymaniyah,5-Jan,5:42,7:08,12:10,14:42,17:06,18:27
Sulaymaniyah,6-Jan,5:42,7:08,12:10,14:42,17:07,18:28
Sulaymaniyah,7-Jan,5:42,7:08,12:10,14:43,17:08,18:29
Sulaymaniyah,8-Jan,5:42,7:08,12:11,14:44,17:09,18:30
Sulaymaniyah,9-Jan,5:43,7:08,12:11,14:45,17:10,18:31
Sulaymaniyah,10-Jan,5:43,7:08,12:12,14:46,17:11,18:31
Sulaymaniyah,11-Jan,5:43,7:08,12:12,14:47,17:12,18:32
Sulaymaniyah,12-Jan,5:43,7:08,12:12,14:47,17:13,18:33
Sulaymaniyah,13-Jan,5:43,7:08,12:13,14:48,17:14,18:34
Sulaymaniyah,14-Jan,5:43,7:07,12:14,14:49,17:15,18:34
Sulaymaniyah,15-Jan,5:43,7:07,12:14,14:50,17:16,18:35
Sulaymaniyah,16-Jan,5:43,7:07,12:14,14:51,17:17,18:36
Sulaymaniyah,17-Jan,5:42,7:06,12:15,14:52,17:18,18:37
Sulaymaniyah,18-Jan,5:42,7:06,12:15,14:53,17:19,18:38
Sulaymaniyah,19-Jan,5:42,7:06,12:15,14:54,17:20,18:39
Sulaymaniyah,20-Jan,5:42,7:05,12:15,14:55,17:21,18:39
Sulaymaniyah,21-Jan,5:42,7:05,12:16,14:55,17:22,18:40
Sulaymaniyah,22-Jan,5:42,7:05,12:16,14:56,17:23,18:41
Sulaymaniyah,23-Jan,5:41,7:04,12:16,14:57,17:24,18:42
Sulaymaniyah,24-Jan,5:41,7:04,12:16,14:58,17:25,18:43
Sulaymaniyah,25-Jan,5:40,7:03,12:17,14:59,17:26,18:44
Sulaymaniyah,26-Jan,5:40,7:03,12:17,15:00,17:27,18:45
Sulaymaniyah,27-Jan,5:40,7:02,12:17,15:01,17:28,18:45
Sulaymaniyah,28-Jan,5:39,7:01,12:17,15:02,17:29,18:46
Sulaymaniyah,29-Jan,5:39,7:01,12:17,15:03,17:30,18:47
Sulaymaniyah,30-Jan,5:38,7:00,12:18,15:03,17:31,18:48
Sulaymaniyah,31-Jan,5:37,6:59,12:18,15:04,17:32,18:49
Sulaymaniyah,1-Feb,5:37,6:59,12:18,15:05,17:33,18:50
Sulaymaniyah,2-Feb,5:36,6:58,12:18,15:06,17:34,18:51
Sulaymaniyah,3-Feb,5:35,6:57,12:18,15:07,17:35,18:52
Sulaymaniyah,4-Feb,5:34,6:56,12:18,15:08,17:36,18:53
Sulaymaniyah,5-Feb,5:33,6:55,12:18,15:08,17:37,18:54
Sulaymaniyah,6-Feb,5:33,6:55,12:18,15:09,17:38,18:55
Sulaymaniyah,7-Feb,5:32,6:54,12:18,15:10,17:39,18:56
Sulaymaniyah,8-Feb,5:31,6:53,12:18,15:11,17:40,18:57
Sulaymaniyah,9-Feb,5:30,6:52,12:18,15:12,17:41,18:58
Sulaymaniyah,10-Feb,5:29,6:51,12:18,15:13,17:42,18:59
Sulaymaniyah,11-Feb,5:28,6:50,12:18,15:13,17:43,19:00
Sulaymaniyah,12-Feb,5:27,6:49,12:18,15:14,17:44,19:01
Sulaymaniyah,13-Feb,5:26,6:48,12:18,15:15,17:45,19:02
Sulaymaniyah,14-Feb,5:25,6:47,12:18,15:16,17:46,19:03
Sulaymaniyah,15-Feb,5:24,6:46,12:18,15:16,17:47,19:04
Sulaymaniyah,16-Feb,5:23,6:45,12:18,15:17,17:48,19:05
Sulaymaniyah,17-Feb,5:21,6:43,12:18,15:18,17:49,19:06
Sulaymaniyah,18-Feb,5:20,6:42,12:18,15:18,17:50,19:07
Sulaymaniyah,19-Feb,5:19,6:41,12:18,15:19,17:51,19:08
Sulaymaniyah,20-Feb,5:18,6:40,12:18,15:20,17:52,19:09
Sulaymaniyah,21-Feb,5:17,6:39,12:18,15:21,17:53,19:10
Sulaymaniyah,22-Feb,5:16,6:38,12:17,15:21,17:54,19:11
Sulaymaniyah,23-Feb,5:14,6:36,12:17,15:22,17:55,19:12
Sulaymaniyah,24-Feb,5:13,6:35,12:17,15:22,17:56,19:13
Sulaymaniyah,25-Feb,5:11,6:34,12:17,15:23,17:57,19:14
Sulaymaniyah,26-Feb,5:10,6:33,12:17,15:24,17:58,19:15
Sulaymaniyah,27-Feb,5:09,6:32,12:17,15:24,17:59,19:16
Sulaymaniyah,28-Feb,5:08,6:30,12:17,15:25,18:00,19:17
Sulaymaniyah,1-Mar,5:06,6:28,12:17,15:25,18:01,19:17
Sulaymaniyah,2-Mar,5:04,6:26,12:16,15:26,18:02,19:18
Sulaymaniyah,3-Mar,5:03,6:25,12:16,15:26,18:03,19:19
Sulaymaniyah,4-Mar,5:02,6:24,12:16,15:27,18:04,19:20
Sulaymaniyah,5-Mar,5:01,6:23,12:16,15:27,18:05,19:21
Sulaymaniyah,6-Mar,4:59,6:21,12:15,15:28,18:06,19:22
Sulaymaniyah,7-Mar,4:58,6:20,12:15,15:28,18:07,19:23
Sulaymaniyah,8-Mar,4:57,6:19,12:15,15:29,18:08,19:24
Sulaymaniyah,9-Mar,4:56,6:18,12:15,15:29,18:09,19:25
Sulaymaniyah,10-Mar,4:54,6:16,12:14,15:30,18:09,19:25
Sulaymaniyah,11-Mar,4:53,6:14,12:14,15:30,18:10,19:26
Sulaymaniyah,12-Mar,4:52,6:13,12:14,15:31,18:11,19:27
Sulaymaniyah,13-Mar,4:51,6:12,12:14,15:32,18:12,19:27
Sulaymaniyah,14-Mar,4:49,6:10,12:13,15:32,18:13,19:28
Sulaymaniyah,15-Mar,4:48,6:09,12:13,15:32,18:14,19:29
Sulaymaniyah,16-Mar,4:46,6:07,12:13,15:32,18:14,19:29
Sulaymaniyah,17-Mar,4:45,6:06,12:13,15:33,18:15,19:30
Sulaymaniyah,18-Mar,4:43,6:04,12:12,15:33,18:16,19:31
Sulaymaniyah,19-Mar,4:42,6:03,12:12,15:33,18:17,19:32
Sulaymaniyah,20-Mar,4:41,6:02,12:12,15:34,18:18,19:33
Sulaymaniyah,21-Mar,4:39,6:00,12:11,15:34,18:19,19:34
Sulaymaniyah,22-Mar,4:38,5:59,12:11,15:34,18:19,19:34
Sulaymaniyah,23-Mar,4:37,5:57,12:11,15:35,18:20,19:34
Sulaymaniyah,24-Mar,4:36,5:56,12:10,15:35,18:21,19:35
Sulaymaniyah,25-Mar,4:34,5:54,12:10,15:35,18:22,19:36
Sulaymaniyah,26-Mar,4:33,5:53,12:10,15:35,18:23,19:37
Sulaymaniyah,27-Mar,4:32,5:52,12:09,15:36,18:23,19:37
Sulaymaniyah,28-Mar,4:30,5:50,12:09,15:36,18:24,19:38
Sulaymaniyah,29-Mar,4:29,5:49,12:09,15:36,18:25,19:39
Sulaymaniyah,30-Mar,4:27,5:47,12:09,15:36,18:26,19:40
Sulaymaniyah,31-Mar,4:26,5:46,12:08,15:37,18:27,19:41
Sulaymaniyah,1-Apr,4:24,5:44,12:08,15:37,18:28,19:42
Sulaymaniyah,2-Apr,4:23,5:43,12:08,15:37,18:28,19:42
Sulaymaniyah,3-Apr,4:22,5:42,12:08,15:37,18:29,19:43
Sulaymaniyah,4-Apr,4:20,5:40,12:07,15:37,18:30,19:44
Sulaymaniyah,5-Apr,4:19,5:39,12:07,15:38,18:31,19:45
Sulaymaniyah,6-Apr,4:17,5:37,12:07,15:38,18:32,19:46
Sulaymaniyah,7-Apr,4:16,5:36,12:06,15:38,18:32,19:46
Sulaymaniyah,8-Apr,4:15,5:35,12:06,15:38,18:33,19:47
Sulaymaniyah,9-Apr,4:13,5:33,12:06,15:38,18:34,19:48
Sulaymaniyah,10-Apr,4:12,5:32,12:05,15:38,18:35,19:49
Sulaymaniyah,11-Apr,4:10,5:31,12:05,15:39,18:36,19:50
Sulaymaniyah,12-Apr,4:08,5:29,12:05,15:39,18:36,19:51
Sulaymaniyah,13-Apr,4:07,5:28,12:05,15:39,18:37,19:52
Sulaymaniyah,14-Apr,4:06,5:27,12:04,15:39,18:38,19:53
Sulaymaniyah,15-Apr,4:04,5:25,12:04,15:39,18:39,19:54
Sulaymaniyah,16-Apr,4:03,5:24,12:04,15:39,18:40,19:55
Sulaymaniyah,17-Apr,4:02,5:23,12:04,15:40,18:41,19:56
Sulaymaniyah,18-Apr,4:00,5:21,12:04,15:40,18:41,19:57
Sulaymaniyah,19-Apr,3:59,5:20,12:03,15:40,18:42,19:58
Sulaymaniyah,20-Apr,3:57,5:19,12:03,15:40,18:43,19:59
Sulaymaniyah,21-Apr,3:56,5:18,12:03,15:40,18:44,20:00
Sulaymaniyah,22-Apr,3:54,5:16,12:03,15:40,18:45,20:01
Sulaymaniyah,23-Apr,3:53,5:15,12:03,15:40,18:46,20:02
Sulaymaniyah,24-Apr,3:52,5:14,12:02,15:40,18:47,20:03
Sulaymaniyah,25-Apr,3:51,5:13,12:02,15:41,18:47,20:03
Sulaymaniyah,26-Apr,3:50,5:12,12:02,15:41,18:48,20:04
Sulaymaniyah,27-Apr,3:49,5:11,12:02,15:41,18:49,20:05
Sulaymaniyah,28-Apr,3:48,5:10,12:02,15:41,18:50,20:06
Sulaymaniyah,29-Apr,3:46,5:08,12:02,15:41,18:51,20:07
Sulaymaniyah,30-Apr,3:45,5:07,12:01,15:41,18:52,20:08
Sulaymaniyah,1-May,3:44,5:06,12:01,15:41,18:53,20:09
Sulaymaniyah,2-May,3:42,5:05,12:01,15:41,18:53,20:10
Sulaymaniyah,3-May,3:41,5:04,12:01,15:41,18:54,20:11
Sulaymaniyah,4-May,3:40,5:03,12:01,15:41,18:55,20:12
Sulaymaniyah,5-May,3:39,5:02,12:01,15:42,18:56,20:13
Sulaymaniyah,6-May,3:38,5:01,12:01,15:42,18:57,20:14
Sulaymaniyah,7-May,3:37,5:00,12:01,15:42,18:57,20:14
Sulaymaniyah,8-May,3:36,4:59,12:01,15:42,18:58,20:15
Sulaymaniyah,9-May,3:35,4:58,12:01,15:42,18:59,20:16
Sulaymaniyah,10-May,3:34,4:57,12:01,15:42,19:00,20:17
Sulaymaniyah,11-May,3:33,4:57,12:01,15:42,19:01,20:18
Sulaymaniyah,12-May,3:32,4:56,12:01,15:42,19:02,20:19
Sulaymaniyah,13-May,3:31,4:55,12:01,15:43,19:02,20:20
Sulaymaniyah,14-May,3:30,4:54,12:01,15:43,19:03,20:21
Sulaymaniyah,15-May,3:29,4:53,12:01,15:43,19:04,20:22
Sulaymaniyah,16-May,3:28,4:52,12:01,15:43,19:05,20:23
Sulaymaniyah,17-May,3:28,4:52,12:01,15:43,19:05,20:23
Sulaymaniyah,18-May,3:27,4:51,12:01,15:43,19:06,20:24
Sulaymaniyah,19-May,3:26,4:50,12:01,15:43,19:07,20:25
Sulaymaniyah,20-May,3:25,4:50,12:01,15:44,19:08,20:26
Sulaymaniyah,21-May,3:24,4:49,12:01,15:44,19:09,20:27
Sulaymaniyah,22-May,3:23,4:48,12:01,15:44,19:09,20:28
Sulaymaniyah,23-May,3:23,4:48,12:01,15:44,19:10,20:29
Sulaymaniyah,24-May,3:22,4:47,12:01,15:44,19:11,20:30
Sulaymaniyah,25-May,3:22,4:47,12:01,15:44,19:11,20:30
Sulaymaniyah,26-May,3:21,4:46,12:01,15:44,19:12,20:31
Sulaymaniyah,27-May,3:20,4:46,12:02,15:45,19:13,20:32
Sulaymaniyah,28-May,3:19,4:45,12:02,15:45,19:14,20:33
Sulaymaniyah,29-May,3:19,4:45,12:02,15:45,19:14,20:34
Sulaymaniyah,30-May,3:19,4:45,12:02,15:45,19:15,20:35
Sulaymaniyah,31-May,3:18,4:44,12:02,15:45,19:16,20:36
Sulaymaniyah,1-Jun,3:18,4:44,12:02,15:46,19:16,20:36
Sulaymaniyah,2-Jun,3:18,4:44,12:02,15:46,19:17,20:37
Sulaymaniyah,3-Jun,3:17,4:43,12:03,15:46,19:17,20:37
Sulaymaniyah,4-Jun,3:17,4:43,12:03,15:46,19:18,20:38
Sulaymaniyah,5-Jun,3:17,4:43,12:03,15:46,19:19,20:39
Sulaymaniyah,6-Jun,3:17,4:43,12:03,15:47,19:19,20:39
Sulaymaniyah,7-Jun,3:17,4:43,12:03,15:47,19:20,20:40
Sulaymaniyah,8-Jun,3:16,4:42,12:03,15:47,19:20,20:40
Sulaymaniyah,9-Jun,3:16,4:42,12:04,15:47,19:21,20:41
Sulaymaniyah,10-Jun,3:16,4:42,12:04,15:47,19:21,20:41
Sulaymaniyah,11-Jun,3:16,4:42,12:04,15:48,19:22,20:42
Sulaymaniyah,12-Jun,3:16,4:42,12:04,15:48,19:22,20:42
Sulaymaniyah,13-Jun,3:16,4:42,12:04,15:48,19:22,20:42
Sulaymaniyah,14-Jun,3:16,4:42,12:05,15:48,19:23,20:43
Sulaymaniyah,15-Jun,3:16,4:42,12:05,15:48,19:23,20:43
Sulaymaniyah,16-Jun,3:16,4:42,12:05,15:49,19:23,20:43
Sulaymaniyah,17-Jun,3:16,4:42,12:05,15:49,19:24,20:44
Sulaymaniyah,18-Jun,3:16,4:43,12:06,15:49,19:24,20:44
Sulaymaniyah,19-Jun,3:16,4:43,12:06,15:49,19:24,20:44
Sulaymaniyah,20-Jun,3:16,4:43,12:06,15:50,19:25,20:45
Sulaymaniyah,21-Jun,3:16,4:43,12:06,15:50,19:25,20:45
Sulaymaniyah,22-Jun,3:16,4:43,12:06,15:50,19:25,20:45
Sulaymaniyah,23-Jun,3:17,4:44,12:07,15:50,19:25,20:45
Sulaymaniyah,24-Jun,3:17,4:44,12:07,15:50,19:25,20:45
Sulaymaniyah,25-Jun,3:18,4:44,12:07,15:51,19:25,20:45
Sulaymaniyah,26-Jun,3:19,4:45,12:07,15:51,19:25,20:44
Sulaymaniyah,27-Jun,3:19,4:45,12:07,15:51,19:25,20:44
Sulaymaniyah,28-Jun,3:19,4:45,12:08,15:51,19:25,20:44
Sulaymaniyah,29-Jun,3:20,4:46,12:08,15:52,19:25,20:44
Sulaymaniyah,30-Jun,3:20,4:46,12:08,15:52,19:25,20:44
Sulaymaniyah,1-Jul,3:20,4:46,12:08,15:52,19:25,20:44
Sulaymaniyah,2-Jul,3:21,4:47,12:08,15:52,19:25,20:44
Sulaymaniyah,3-Jul,3:21,4:47,12:09,15:52,19:25,20:44
Sulaymaniyah,4-Jul,3:22,4:48,12:09,15:52,19:25,20:44
Sulaymaniyah,5-Jul,3:22,4:48,12:09,15:52,19:25,20:44
Sulaymaniyah,6-Jul,3:23,4:49,12:09,15:53,19:25,20:44
Sulaymaniyah,7-Jul,3:23,4:49,12:09,15:53,19:24,20:43
Sulaymaniyah,8-Jul,3:24,4:50,12:09,15:53,19:24,20:43
Sulaymaniyah,9-Jul,3:24,4:50,12:10,15:53,19:24,20:43
Sulaymaniyah,10-Jul,3:25,4:51,12:10,15:53,19:23,20:42
Sulaymaniyah,11-Jul,3:25,4:51,12:10,15:53,19:23,20:42
Sulaymaniyah,12-Jul,3:26,4:52,12:10,15:53,19:23,20:42
Sulaymaniyah,13-Jul,3:27,4:53,12:10,15:53,19:22,20:41
Sulaymaniyah,14-Jul,3:27,4:53,12:10,15:53,19:22,20:41
Sulaymaniyah,15-Jul,3:28,4:54,12:10,15:54,19:21,20:40
Sulaymaniyah,16-Jul,3:29,4:55,12:10,15:54,19:21,20:40
Sulaymaniyah,17-Jul,3:30,4:56,12:10,15:54,19:20,20:39
Sulaymaniyah,18-Jul,3:31,4:56,12:11,15:54,19:20,20:39
Sulaymaniyah,19-Jul,3:32,4:57,12:11,15:54,19:19,20:38
Sulaymaniyah,20-Jul,3:32,4:58,12:11,15:54,19:19,20:38
Sulaymaniyah,21-Jul,3:33,4:58,12:11,15:53,19:18,20:37
Sulaymaniyah,22-Jul,3:34,4:59,12:11,15:53,19:17,20:36
Sulaymaniyah,23-Jul,3:35,5:00,12:11,15:53,19:17,20:35
Sulaymaniyah,24-Jul,3:36,5:01,12:11,15:53,19:16,20:34
Sulaymaniyah,25-Jul,3:37,5:01,12:11,15:53,19:15,20:33
Sulaymaniyah,26-Jul,3:38,5:02,12:11,15:53,19:15,20:33
Sulaymaniyah,27-Jul,3:39,5:03,12:11,15:53,19:14,20:32
Sulaymaniyah,28-Jul,3:40,5:04,12:11,15:53,19:13,20:31
Sulaymaniyah,29-Jul,3:40,5:04,12:11,15:53,19:12,20:30
Sulaymaniyah,30-Jul,3:41,5:05,12:11,15:52,19:11,20:29
Sulaymaniyah,31-Jul,3:42,5:06,12:11,15:52,19:10,20:28
Sulaymaniyah,1-Aug,3:43,5:07,12:11,15:52,19:09,20:27
Sulaymaniyah,2-Aug,3:43,5:07,12:11,15:52,19:08,20:26
Sulaymaniyah,3-Aug,3:44,5:08,12:11,15:52,19:08,20:26
Sulaymaniyah,4-Aug,3:45,5:09,12:11,15:51,19:07,20:25
Sulaymaniyah,5-Aug,3:46,5:10,12:10,15:51,19:06,20:24
Sulaymaniyah,6-Aug,3:47,5:11,12:10,15:50,19:05,20:23
Sulaymaniyah,7-Aug,3:48,5:11,12:10,15:50,19:04,20:22
Sulaymaniyah,8-Aug,3:49,5:12,12:10,15:50,19:03,20:21
Sulaymaniyah,9-Aug,3:50,5:13,12:10,15:50,19:02,20:20
Sulaymaniyah,10-Aug,3:51,5:14,12:10,15:49,19:00,20:18
Sulaymaniyah,11-Aug,3:52,5:14,12:10,15:48,18:59,20:17
Sulaymaniyah,12-Aug,3:53,5:15,12:09,15:48,18:58,20:16
Sulaymaniyah,13-Aug,3:54,5:16,12:09,15:48,18:57,20:14
Sulaymaniyah,14-Aug,3:55,5:17,12:09,15:47,18:56,20:13
Sulaymaniyah,15-Aug,3:56,5:18,12:09,15:47,18:55,20:12
Sulaymaniyah,16-Aug,3:56,5:18,12:09,15:46,18:54,20:11
Sulaymaniyah,17-Aug,3:57,5:19,12:09,15:46,18:52,20:09
Sulaymaniyah,18-Aug,3:58,5:20,12:08,15:45,18:51,20:08
Sulaymaniyah,19-Aug,3:59,5:21,12:08,15:45,18:50,20:07
Sulaymaniyah,20-Aug,3:59,5:21,12:08,15:44,18:49,20:06
Sulaymaniyah,21-Aug,4:00,5:22,12:08,15:44,18:47,20:04
Sulaymaniyah,22-Aug,4:01,5:23,12:07,15:43,18:46,20:03
Sulaymaniyah,23-Aug,4:02,5:24,12:07,15:43,18:45,20:02
Sulaymaniyah,24-Aug,4:02,5:24,12:07,15:42,18:44,20:01
Sulaymaniyah,25-Aug,4:03,5:25,12:07,15:41,18:42,19:59
Sulaymaniyah,26-Aug,4:04,5:26,12:06,15:41,18:41,19:58
Sulaymaniyah,27-Aug,4:05,5:27,12:06,15:40,18:40,19:57
Sulaymaniyah,28-Aug,4:06,5:28,12:06,15:40,18:38,19:55
Sulaymaniyah,29-Aug,4:06,5:28,12:05,15:39,18:37,19:54
Sulaymaniyah,30-Aug,4:07,5:29,12:05,15:38,18:36,19:53
Sulaymaniyah,31-Aug,4:08,5:30,12:05,15:38,18:34,19:51
Sulaymaniyah,1-Sep,4:09,5:31,12:04,15:37,18:33,19:50
Sulaymaniyah,2-Sep,4:09,5:31,12:04,15:36,18:31,19:48
Sulaymaniyah,3-Sep,4:10,5:32,12:04,15:36,18:30,19:47
Sulaymaniyah,4-Sep,4:11,5:33,12:03,15:35,18:28,19:45
Sulaymaniyah,5-Sep,4:12,5:34,12:03,15:34,18:27,19:44
Sulaymaniyah,6-Sep,4:12,5:34,12:03,15:33,18:26,19:43
Sulaymaniyah,7-Sep,4:13,5:35,12:02,15:33,18:24,19:41
Sulaymaniyah,8-Sep,4:14,5:36,12:02,15:32,18:23,19:40
Sulaymaniyah,9-Sep,4:15,5:37,12:02,15:31,18:21,19:38
Sulaymaniyah,10-Sep,4:16,5:37,12:01,15:30,18:20,19:36
Sulaymaniyah,11-Sep,4:17,5:38,12:01,15:29,18:18,19:34
Sulaymaniyah,12-Sep,4:18,5:39,12:01,15:28,18:17,19:33
Sulaymaniyah,13-Sep,4:19,5:40,12:00,15:27,18:16,19:32
Sulaymaniyah,14-Sep,4:19,5:40,12:00,15:27,18:14,19:30
Sulaymaniyah,15-Sep,4:20,5:41,12:00,15:26,18:13,19:29
Sulaymaniyah,16-Sep,4:21,5:42,11:59,15:25,18:11,19:27
Sulaymaniyah,17-Sep,4:22,5:43,11:59,15:24,18:10,19:26
Sulaymaniyah,18-Sep,4:22,5:43,11:59,15:23,18:08,19:24
Sulaymaniyah,19-Sep,4:23,5:44,11:58,15:22,18:07,19:23
Sulaymaniyah,20-Sep,4:24,5:45,11:58,15:21,18:06,19:21
Sulaymaniyah,21-Sep,4:25,5:46,11:57,15:20,18:04,19:19
Sulaymaniyah,22-Sep,4:26,5:46,11:57,15:19,18:02,19:17
Sulaymaniyah,23-Sep,4:27,5:47,11:57,15:18,18:01,19:16
Sulaymaniyah,24-Sep,4:28,5:48,11:56,15:17,18:00,19:15
Sulaymaniyah,25-Sep,4:29,5:49,11:56,15:16,17:58,19:13
Sulaymaniyah,26-Sep,4:29,5:49,11:56,15:15,17:56,19:11
Sulaymaniyah,27-Sep,4:30,5:50,11:55,15:14,17:55,19:10
Sulaymaniyah,28-Sep,4:31,5:51,11:55,15:13,17:54,19:08
Sulaymaniyah,29-Sep,4:32,5:52,11:55,15:12,17:52,19:06
Sulaymaniyah,30-Sep,4:33,5:53,11:54,15:11,17:51,19:05
Sulaymaniyah,1-Oct,4:33,5:53,11:54,15:10,17:50,19:04
Sulaymaniyah,2-Oct,4:34,5:54,11:54,15:09,17:49,19:03
Sulaymaniyah,3-Oct,4:34,5:55,11:53,15:08,17:47,19:01
Sulaymaniyah,4-Oct,4:35,5:56,11:53,15:07,17:46,19:00
Sulaymaniyah,5-Oct,4:36,5:57,11:53,15:06,17:45,18:59
Sulaymaniyah,6-Oct,4:37,5:57,11:53,15:05,17:43,18:57
Sulaymaniyah,7-Oct,4:38,5:58,11:52,15:04,17:42,18:56
Sulaymaniyah,8-Oct,4:39,5:59,11:52,15:03,17:40,18:54
Sulaymaniyah,9-Oct,4:40,6:00,11:52,15:02,17:39,18:53
Sulaymaniyah,10-Oct,4:41,6:01,11:51,15:01,17:38,18:52
Sulaymaniyah,11-Oct,4:41,6:01,11:51,15:00,17:36,18:50
Sulaymaniyah,12-Oct,4:42,6:02,11:51,14:59,17:35,18:49
Sulaymaniyah,13-Oct,4:43,6:03,11:51,14:58,17:34,18:48
Sulaymaniyah,14-Oct,4:44,6:04,11:50,14:57,17:32,18:46
Sulaymaniyah,15-Oct,4:44,6:05,11:50,14:56,17:31,18:45
Sulaymaniyah,16-Oct,4:45,6:06,11:50,14:55,17:30,18:44
Sulaymaniyah,17-Oct,4:46,6:07,11:50,14:54,17:29,18:43
Sulaymaniyah,18-Oct,4:46,6:07,11:50,14:53,17:27,18:42
Sulaymaniyah,19-Oct,4:47,6:08,11:49,14:52,17:26,18:41
Sulaymaniyah,20-Oct,4:48,6:09,11:49,14:52,17:25,18:40
Sulaymaniyah,21-Oct,4:49,6:10,11:49,14:51,17:24,18:39
Sulaymaniyah,22-Oct,4:50,6:11,11:49,14:50,17:22,18:37
Sulaymaniyah,23-Oct,4:51,6:12,11:49,14:49,17:21,18:36
Sulaymaniyah,24-Oct,4:52,6:13,11:49,14:48,17:20,18:35
Sulaymaniyah,25-Oct,4:52,6:14,11:49,14:47,17:19,18:35
Sulaymaniyah,26-Oct,4:53,6:15,11:48,14:46,17:18,18:34
Sulaymaniyah,27-Oct,4:54,6:16,11:48,14:45,17:17,18:33
Sulaymaniyah,28-Oct,4:55,6:17,11:48,14:44,17:16,18:32
Sulaymaniyah,29-Oct,4:55,6:17,11:48,14:44,17:15,18:31
Sulaymaniyah,30-Oct,4:56,6:18,11:48,14:43,17:14,18:30
Sulaymaniyah,31-Oct,4:57,6:19,11:48,14:42,17:13,18:29
Sulaymaniyah,1-Nov,4:58,6:20,11:48,14:41,17:12,18:28
Sulaymaniyah,2-Nov,4:59,6:21,11:48,14:41,17:11,18:27
Sulaymaniyah,3-Nov,5:00,6:22,11:48,14:40,17:10,18:26
Sulaymaniyah,4-Nov,5:01,6:23,11:48,14:39,17:09,18:26
Sulaymaniyah,5-Nov,5:02,6:24,11:48,14:38,17:08,18:25
Sulaymaniyah,6-Nov,5:03,6:25,11:48,14:38,17:07,18:24
Sulaymaniyah,7-Nov,5:04,6:26,11:48,14:37,17:06,18:23
Sulaymaniyah,8-Nov,5:05,6:27,11:48,14:37,17:05,18:22
Sulaymaniyah,9-Nov,5:06,6:28,11:48,14:36,17:04,18:21
Sulaymaniyah,10-Nov,5:07,6:29,11:48,14:35,17:04,18:21
Sulaymaniyah,11-Nov,5:08,6:30,11:48,14:35,17:03,18:20
Sulaymaniyah,12-Nov,5:09,6:31,11:48,14:34,17:02,18:19
Sulaymaniyah,13-Nov,5:10,6:32,11:49,14:33,17:02,18:19
Sulaymaniyah,14-Nov,5:11,6:33,11:49,14:33,17:01,18:18
Sulaymaniyah,15-Nov,5:12,6:34,11:49,14:32,17:00,18:17
Sulaymaniyah,16-Nov,5:13,6:35,11:49,14:32,17:00,18:17
Sulaymaniyah,17-Nov,5:14,6:36,11:50,14:31,16:59,18:16
Sulaymaniyah,18-Nov,5:15,6:37,11:50,14:31,16:58,18:15
Sulaymaniyah,19-Nov,5:16,6:38,11:50,14:30,16:58,18:15
Sulaymaniyah,20-Nov,5:17,6:39,11:50,14:30,16:57,18:14
Sulaymaniyah,21-Nov,5:18,6:40,11:50,14:30,16:57,18:14
Sulaymaniyah,22-Nov,5:19,6:41,11:51,14:29,16:56,18:14
Sulaymaniyah,23-Nov,5:19,6:42,11:51,14:29,16:56,18:14
Sulaymaniyah,24-Nov,5:20,6:43,11:51,14:29,16:56,18:14
Sulaymaniyah,25-Nov,5:21,6:44,11:52,14:29,16:55,18:13
Sulaymaniyah,26-Nov,5:22,6:45,11:52,14:28,16:55,18:13
Sulaymaniyah,27-Nov,5:23,6:46,11:52,14:28,16:55,18:13
Sulaymaniyah,28-Nov,5:24,6:47,11:52,14:28,16:55,18:13
Sulaymaniyah,29-Nov,5:24,6:48,11:53,14:28,16:54,18:13
Sulaymaniyah,30-Nov,5:25,6:49,11:53,14:28,16:54,18:13
Sulaymaniyah,1-Dec,5:25,6:49,11:54,14:28,16:54,18:13
Sulaymaniyah,2-Dec,5:26,6:50,11:54,14:28,16:54,18:13
Sulaymaniyah,3-Dec,5:26,6:51,11:54,14:28,16:54,18:14
Sulaymaniyah,4-Dec,5:27,6:52,11:55,14:28,16:54,18:14
Sulaymaniyah,5-Dec,5:28,6:53,11:55,14:28,16:54,18:14
Sulaymaniyah,6-Dec,5:28,6:54,11:56,14:28,16:54,18:14
Sulaymaniyah,7-Dec,5:29,6:55,11:57,14:28,16:54,18:14
Sulaymaniyah,8-Dec,5:29,6:55,11:57,14:28,16:54,18:14
Sulaymaniyah,9-Dec,5:30,6:56,11:58,14:28,16:54,18:14
Sulaymaniyah,10-Dec,5:31,6:57,11:58,14:28,16:54,18:14
Sulaymaniyah,11-Dec,5:32,6:58,11:58,14:29,16:54,18:14
Sulaymaniyah,12-Dec,5:32,6:58,11:58,14:29,16:54,18:14
Sulaymaniyah,13-Dec,5:33,6:59,11:59,14:29,16:55,18:15
Sulaymaniyah,14-Dec,5:34,7:00,11:59,14:30,16:55,18:15
Sulaymaniyah,15-Dec,5:34,7:00,12:00,14:30,16:55,18:15
Sulaymaniyah,16-Dec,5:35,7:01,12:00,14:30,16:56,18:16
Sulaymaniyah,17-Dec,5:36,7:02,12:01,14:31,16:56,18:16
Sulaymaniyah,18-Dec,5:36,7:02,12:01,14:31,16:56,18:16
Sulaymaniyah,19-Dec,5:37,7:03,12:02,14:32,16:57,18:17
Sulaymaniyah,20-Dec,5:37,7:03,12:02,14:32,16:57,18:18
Sulaymaniyah,21-Dec,5:38,7:04,12:03,14:33,16:58,18:19
Sulaymaniyah,22-Dec,5:38,7:04,12:03,14:33,16:58,18:19
Sulaymaniyah,23-Dec,5:39,7:05,12:04,14:33,16:59,18:20
Sulaymaniyah,24-Dec,5:39,7:05,12:04,14:34,16:59,18:20
Sulaymaniyah,25-Dec,5:40,7:06,12:05,14:34,17:00,18:21
Sulaymaniyah,26-Dec,5:40,7:06,12:05,14:35,17:00,18:21
Sulaymaniyah,27-Dec,5:40,7:06,12:06,14:36,17:01,18:22
Sulaymaniyah,28-Dec,5:41,7:07,12:06,14:36,17:01,18:22
Sulaymaniyah,29-Dec,5:41,7:07,12:07,14:37,17:02,18:23
Sulaymaniyah,30-Dec,5:41,7:07,12:07,14:38,17:02,18:23
Sulaymaniyah,31-Dec,5:41,7:08,12:08,14:38,17:03,18:24
Qaladiza,1-Jan,5:42,7:09,12:09,14:40,17:05,18:26
Qaladiza,2-Jan,5:42,7:09,12:09,14:40,17:05,18:26
Qaladiza,3-Jan,5:42,7:09,12:10,14:41,17:06,18:27
Qaladiza,4-Jan,5:42,7:09,12:10,14:42,17:07,18:28
Qaladiza,5-Jan,5:43,7:09,12:11,14:43,17:07,18:28
Qaladiza,6-Jan,5:43,7:09,12:11,14:43,17:08,18:29
Qaladiza,7-Jan,5:43,7:09,12:11,14:44,17:09,18:30
Qaladiza,8-Jan,5:43,7:09,12:12,14:45,17:10,18:31
Qaladiza,9-Jan,5:44,7:09,12:12,14:46,17:11,18:32
Qaladiza,10-Jan,5:44,7:09,12:13,14:47,17:12,18:32
Qaladiza,11-Jan,5:44,7:09,12:13,14:48,17:13,18:33
Qaladiza,12-Jan,5:44,7:09,12:13,14:48,17:14,18:34
Qaladiza,13-Jan,5:44,7:09,12:14,14:49,17:15,18:35
Qaladiza,14-Jan,5:44,7:08,12:15,14:50,17:16,18:35
Qaladiza,15-Jan,5:44,7:08,12:15,14:51,17:17,18:36
Qaladiza,16-Jan,5:44,7:08,12:15,14:52,17:18,18:37
Qaladiza,17-Jan,5:43,7:07,12:16,14:53,17:19,18:38
Qaladiza,18-Jan,5:43,7:07,12:16,14:54,17:20,18:39
Qaladiza,19-Jan,5:43,7:07,12:16,14:55,17:21,18:40
Qaladiza,20-Jan,5:43,7:06,12:16,14:56,17:22,18:40
Qaladiza,21-Jan,5:43,7:06,12:17,14:56,17:23,18:41
Qaladiza,22-Jan,5:43,7:06,12:17,14:57,17:24,18:42
Qaladiza,23-Jan,5:42,7:05,12:17,14:58,17:25,18:43
Qaladiza,24-Jan,5:42,7:05,12:17,14:59,17:26,18:44
Qaladiza,25-Jan,5:41,7:04,12:18,15:00,17:27,18:45
Qaladiza,26-Jan,5:41,7:04,12:18,15:01,17:28,18:46
Qaladiza,27-Jan,5:41,7:03,12:18,15:02,17:29,18:46
Qaladiza,28-Jan,5:40,7:02,12:18,15:03,17:30,18:47
Qaladiza,29-Jan,5:40,7:02,12:18,15:04,17:31,18:48
Qaladiza,30-Jan,5:39,7:01,12:19,15:04,17:32,18:49
Qaladiza,31-Jan,5:38,7:00,12:19,15:05,17:33,18:50
Qaladiza,1-Feb,5:38,7:00,12:19,15:06,17:34,18:51
Qaladiza,2-Feb,5:37,6:59,12:19,15:07,17:35,18:52
Qaladiza,3-Feb,5:36,6:58,12:19,15:08,17:36,18:53
Qaladiza,4-Feb,5:35,6:57,12:19,15:09,17:37,18:54
Qaladiza,5-Feb,5:34,6:56,12:19,15:09,17:38,18:55
Qaladiza,6-Feb,5:34,6:56,12:19,15:10,17:39,18:56
Qaladiza,7-Feb,5:33,6:55,12:19,15:11,17:40,18:57
Qaladiza,8-Feb,5:32,6:54,12:19,15:12,17:41,18:58
Qaladiza,9-Feb,5:31,6:53,12:19,15:13,17:42,18:59
Qaladiza,10-Feb,5:30,6:52,12:19,15:14,17:43,19:00
Qaladiza,11-Feb,5:29,6:51,12:19,15:14,17:44,19:01
Qaladiza,12-Feb,5:28,6:50,12:19,15:15,17:45,19:02
Qaladiza,13-Feb,5:27,6:49,12:19,15:16,17:46,19:03
Qaladiza,14-Feb,5:26,6:48,12:19,15:17,17:47,19:04
Qaladiza,15-Feb,5:25,6:47,12:19,15:17,17:48,19:05
Qaladiza,16-Feb,5:24,6:46,12:19,15:18,17:49,19:06
Qaladiza,17-Feb,5:22,6:44,12:19,15:19,17:50,19:07
Qaladiza,18-Feb,5:21,6:43,12:19,15:19,17:51,19:08
Qaladiza,19-Feb,5:20,6:42,12:19,15:20,17:52,19:09
Qaladiza,20-Feb,5:19,6:41,12:19,15:21,17:53,19:10
Qaladiza,21-Feb,5:18,6:40,12:19,15:22,17:54,19:11
Qaladiza,22-Feb,5:17,6:39,12:18,15:22,17:55,19:12
Qaladiza,23-Feb,5:15,6:37,12:18,15:23,17:56,19:13
Qaladiza,24-Feb,5:14,6:36,12:18,15:23,17:57,19:14
Qaladiza,25-Feb,5:12,6:35,12:18,15:24,17:58,19:15
Qaladiza,26-Feb,5:11,6:34,12:18,15:25,17:59,19:16
Qaladiza,27-Feb,5:10,6:33,12:18,15:25,18:00,19:17
Qaladiza,28-Feb,5:09,6:31,12:18,15:26,18:01,19:18
Qaladiza,1-Mar,5:07,6:29,12:18,15:26,18:02,19:18
Qaladiza,2-Mar,5:05,6:27,12:17,15:27,18:03,19:19
Qaladiza,3-Mar,5:04,6:26,12:17,15:27,18:04,19:20
Qaladiza,4-Mar,5:03,6:25,12:17,15:28,18:05,19:21
Qaladiza,5-Mar,5:02,6:24,12:17,15:28,18:06,19:22
Qaladiza,6-Mar,5:00,6:22,12:16,15:29,18:07,19:23
Qaladiza,7-Mar,4:59,6:21,12:16,15:29,18:08,19:24
Qaladiza,8-Mar,4:58,6:20,12:16,15:30,18:09,19:25
Qaladiza,9-Mar,4:57,6:19,12:16,15:30,18:10,19:26
Qaladiza,10-Mar,4:55,6:17,12:15,15:31,18:10,19:26
Qaladiza,11-Mar,4:54,6:15,12:15,15:31,18:11,19:27
Qaladiza,12-Mar,4:53,6:14,12:15,15:32,18:12,19:28
Qaladiza,13-Mar,4:52,6:13,12:15,15:33,18:13,19:28
Qaladiza,14-Mar,4:50,6:11,12:14,15:33,18:14,19:29
Qaladiza,15-Mar,4:49,6:10,12:14,15:33,18:15,19:30
Qaladiza,16-Mar,4:47,6:08,12:14,15:33,18:15,19:30
Qaladiza,17-Mar,4:46,6:07,12:14,15:34,18:16,19:31
Qaladiza,18-Mar,4:44,6:05,12:13,15:34,18:17,19:32
Qaladiza,19-Mar,4:43,6:04,12:13,15:34,18:18,19:33
Qaladiza,20-Mar,4:42,6:03,12:13,15:35,18:19,19:34
Qaladiza,21-Mar,4:40,6:01,12:12,15:35,18:20,19:35
Qaladiza,22-Mar,4:39,6:00,12:12,15:35,18:20,19:35
Qaladiza,23-Mar,4:38,5:58,12:12,15:36,18:21,19:35
Qaladiza,24-Mar,4:37,5:57,12:11,15:36,18:22,19:36
Qaladiza,25-Mar,4:35,5:55,12:11,15:36,18:23,19:37
Qaladiza,26-Mar,4:34,5:54,12:11,15:36,18:24,19:38
Qaladiza,27-Mar,4:33,5:53,12:10,15:37,18:24,19:38
Qaladiza,28-Mar,4:31,5:51,12:10,15:37,18:25,19:39
Qaladiza,29-Mar,4:30,5:50,12:10,15:37,18:26,19:40
Qaladiza,30-Mar,4:28,5:48,12:10,15:37,18:27,19:41
Qaladiza,31-Mar,4:27,5:47,12:09,15:38,18:28,19:42
Qaladiza,1-Apr,4:25,5:45,12:09,15:38,18:29,19:43
Qaladiza,2-Apr,4:24,5:44,12:09,15:38,18:29,19:43
Qaladiza,3-Apr,4:23,5:43,12:09,15:38,18:30,19:44
Qaladiza,4-Apr,4:21,5:41,12:08,15:38,18:31,19:45
Qaladiza,5-Apr,4:20,5:40,12:08,15:39,18:32,19:46
Qaladiza,6-Apr,4:18,5:38,12:08,15:39,18:33,19:47
Qaladiza,7-Apr,4:17,5:37,12:07,15:39,18:33,19:47
Qaladiza,8-Apr,4:16,5:36,12:07,15:39,18:34,19:48
Qaladiza,9-Apr,4:14,5:34,12:07,15:39,18:35,19:49
Qaladiza,10-Apr,4:13,5:33,12:06,15:39,18:36,19:50
Qaladiza,11-Apr,4:11,5:32,12:06,15:40,18:37,19:51
Qaladiza,12-Apr,4:09,5:30,12:06,15:40,18:37,19:52
Qaladiza,13-Apr,4:08,5:29,12:06,15:40,18:38,19:53
Qaladiza,14-Apr,4:07,5:28,12:05,15:40,18:39,19:54
Qaladiza,15-Apr,4:05,5:26,12:05,15:40,18:40,19:55
Qaladiza,16-Apr,4:04,5:25,12:05,15:40,18:41,19:56
Qaladiza,17-Apr,4:03,5:24,12:05,15:41,18:42,19:57
Qaladiza,18-Apr,4:01,5:22,12:05,15:41,18:42,19:58
Qaladiza,19-Apr,4:00,5:21,12:04,15:41,18:43,19:59
Qaladiza,20-Apr,3:58,5:20,12:04,15:41,18:44,20:00
Qaladiza,21-Apr,3:57,5:19,12:04,15:41,18:45,20:01
Qaladiza,22-Apr,3:55,5:17,12:04,15:41,18:46,20:02
Qaladiza,23-Apr,3:54,5:16,12:04,15:41,18:47,20:03
Qaladiza,24-Apr,3:53,5:15,12:03,15:41,18:48,20:04
Qaladiza,25-Apr,3:52,5:14,12:03,15:42,18:48,20:04
Qaladiza,26-Apr,3:51,5:13,12:03,15:42,18:49,20:05
Qaladiza,27-Apr,3:50,5:12,12:03,15:42,18:50,20:06
Qaladiza,28-Apr,3:49,5:11,12:03,15:42,18:51,20:07
Qaladiza,29-Apr,3:47,5:09,12:03,15:42,18:52,20:08
Qaladiza,30-Apr,3:46,5:08,12:02,15:42,18:53,20:09
Qaladiza,1-May,3:45,5:07,12:02,15:42,18:54,20:10
Qaladiza,2-May,3:43,5:06,12:02,15:42,18:54,20:11
Qaladiza,3-May,3:42,5:05,12:02,15:42,18:55,20:12
Qaladiza,4-May,3:41,5:04,12:02,15:42,18:56,20:13
Qaladiza,5-May,3:40,5:03,12:02,15:43,18:57,20:14
Qaladiza,6-May,3:39,5:02,12:02,15:43,18:58,20:15
Qaladiza,7-May,3:38,5:01,12:02,15:43,18:58,20:15
Qaladiza,8-May,3:37,5:00,12:02,15:43,18:59,20:16
Qaladiza,9-May,3:36,4:59,12:02,15:43,19:00,20:17
Qaladiza,10-May,3:35,4:58,12:02,15:43,19:01,20:18
Qaladiza,11-May,3:34,4:58,12:02,15:43,19:02,20:19
Qaladiza,12-May,3:33,4:57,12:02,15:43,19:03,20:20
Qaladiza,13-May,3:32,4:56,12:02,15:44,19:03,20:21
Qaladiza,14-May,3:31,4:55,12:02,15:44,19:04,20:22
Qaladiza,15-May,3:30,4:54,12:02,15:44,19:05,20:23
Qaladiza,16-May,3:29,4:53,12:02,15:44,19:06,20:24
Qaladiza,17-May,3:29,4:53,12:02,15:44,19:06,20:24
Qaladiza,18-May,3:28,4:52,12:02,15:44,19:07,20:25
Qaladiza,19-May,3:27,4:51,12:02,15:44,19:08,20:26
Qaladiza,20-May,3:26,4:51,12:02,15:45,19:09,20:27
Qaladiza,21-May,3:25,4:50,12:02,15:45,19:10,20:28
Qaladiza,22-May,3:24,4:49,12:02,15:45,19:10,20:29
Qaladiza,23-May,3:24,4:49,12:02,15:45,19:11,20:30
Qaladiza,24-May,3:23,4:48,12:02,15:45,19:12,20:31
Qaladiza,25-May,3:23,4:48,12:02,15:45,19:12,20:31
Qaladiza,26-May,3:22,4:47,12:02,15:45,19:13,20:32
Qaladiza,27-May,3:21,4:47,12:03,15:46,19:14,20:33
Qaladiza,28-May,3:20,4:46,12:03,15:46,19:15,20:34
Qaladiza,29-May,3:20,4:46,12:03,15:46,19:15,20:35
Qaladiza,30-May,3:20,4:46,12:03,15:46,19:16,20:36
Qaladiza,31-May,3:19,4:45,12:03,15:46,19:17,20:37
Qaladiza,1-Jun,3:19,4:45,12:03,15:47,19:17,20:37
Qaladiza,2-Jun,3:19,4:45,12:03,15:47,19:18,20:38
Qaladiza,3-Jun,3:18,4:44,12:04,15:47,19:18,20:38
Qaladiza,4-Jun,3:18,4:44,12:04,15:47,19:19,20:39
Qaladiza,5-Jun,3:18,4:44,12:04,15:47,19:20,20:40
Qaladiza,6-Jun,3:18,4:44,12:04,15:48,19:20,20:40
Qaladiza,7-Jun,3:18,4:44,12:04,15:48,19:21,20:41
Qaladiza,8-Jun,3:17,4:43,12:04,15:48,19:21,20:41
Qaladiza,9-Jun,3:17,4:43,12:05,15:48,19:22,20:42
Qaladiza,10-Jun,3:17,4:43,12:05,15:48,19:22,20:42
Qaladiza,11-Jun,3:17,4:43,12:05,15:49,19:23,20:43
Qaladiza,12-Jun,3:17,4:43,12:05,15:49,19:23,20:43
Qaladiza,13-Jun,3:17,4:43,12:05,15:49,19:23,20:43
Qaladiza,14-Jun,3:17,4:43,12:06,15:49,19:24,20:44
Qaladiza,15-Jun,3:17,4:43,12:06,15:49,19:24,20:44
Qaladiza,16-Jun,3:17,4:43,12:06,15:50,19:24,20:44
Qaladiza,17-Jun,3:17,4:43,12:06,15:50,19:25,20:45
Qaladiza,18-Jun,3:17,4:44,12:07,15:50,19:25,20:45
Qaladiza,19-Jun,3:17,4:44,12:07,15:50,19:25,20:45
Qaladiza,20-Jun,3:17,4:44,12:07,15:51,19:26,20:46
Qaladiza,21-Jun,3:17,4:44,12:07,15:51,19:26,20:46
Qaladiza,22-Jun,3:17,4:44,12:07,15:51,19:26,20:46
Qaladiza,23-Jun,3:18,4:45,12:08,15:51,19:26,20:46
Qaladiza,24-Jun,3:18,4:45,12:08,15:51,19:26,20:46
Qaladiza,25-Jun,3:19,4:45,12:08,15:52,19:26,20:46
Qaladiza,26-Jun,3:20,4:46,12:08,15:52,19:26,20:45
Qaladiza,27-Jun,3:20,4:46,12:08,15:52,19:26,20:45
Qaladiza,28-Jun,3:20,4:46,12:09,15:52,19:26,20:45
Qaladiza,29-Jun,3:21,4:47,12:09,15:53,19:26,20:45
Qaladiza,30-Jun,3:21,4:47,12:09,15:53,19:26,20:45
Qaladiza,1-Jul,3:21,4:47,12:09,15:53,19:26,20:45
Qaladiza,2-Jul,3:22,4:48,12:09,15:53,19:26,20:45
Qaladiza,3-Jul,3:22,4:48,12:10,15:53,19:26,20:45
Qaladiza,4-Jul,3:23,4:49,12:10,15:53,19:26,20:45
Qaladiza,5-Jul,3:23,4:49,12:10,15:53,19:26,20:45
Qaladiza,6-Jul,3:24,4:50,12:10,15:54,19:26,20:45
Qaladiza,7-Jul,3:24,4:50,12:10,15:54,19:25,20:44
Qaladiza,8-Jul,3:25,4:51,12:10,15:54,19:25,20:44
Qaladiza,9-Jul,3:25,4:51,12:11,15:54,19:25,20:44
Qaladiza,10-Jul,3:26,4:52,12:11,15:54,19:24,20:43
Qaladiza,11-Jul,3:26,4:52,12:11,15:54,19:24,20:43
Qaladiza,12-Jul,3:27,4:53,12:11,15:54,19:24,20:43
Qaladiza,13-Jul,3:28,4:54,12:11,15:54,19:23,20:42
Qaladiza,14-Jul,3:28,4:54,12:11,15:54,19:23,20:42
Qaladiza,15-Jul,3:29,4:55,12:11,15:55,19:22,20:41
Qaladiza,16-Jul,3:30,4:56,12:11,15:55,19:22,20:41
Qaladiza,17-Jul,3:31,4:57,12:11,15:55,19:21,20:40
Qaladiza,18-Jul,3:32,4:57,12:12,15:55,19:21,20:40
Qaladiza,19-Jul,3:33,4:58,12:12,15:55,19:20,20:39
Qaladiza,20-Jul,3:33,4:59,12:12,15:55,19:20,20:39
Qaladiza,21-Jul,3:34,4:59,12:12,15:54,19:19,20:38
Qaladiza,22-Jul,3:35,5:00,12:12,15:54,19:18,20:37
Qaladiza,23-Jul,3:36,5:01,12:12,15:54,19:18,20:36
Qaladiza,24-Jul,3:37,5:02,12:12,15:54,19:17,20:35
Qaladiza,25-Jul,3:38,5:02,12:12,15:54,19:16,20:34
Qaladiza,26-Jul,3:39,5:03,12:12,15:54,19:16,20:34
Qaladiza,27-Jul,3:40,5:04,12:12,15:54,19:15,20:33
Qaladiza,28-Jul,3:41,5:05,12:12,15:54,19:14,20:32
Qaladiza,29-Jul,3:41,5:05,12:12,15:54,19:13,20:31
Qaladiza,30-Jul,3:42,5:06,12:12,15:53,19:12,20:30
Qaladiza,31-Jul,3:43,5:07,12:12,15:53,19:11,20:29
Qaladiza,1-Aug,3:44,5:08,12:12,15:53,19:10,20:28
Qaladiza,2-Aug,3:44,5:08,12:12,15:53,19:09,20:27
Qaladiza,3-Aug,3:45,5:09,12:12,15:53,19:09,20:27
Qaladiza,4-Aug,3:46,5:10,12:12,15:52,19:08,20:26
Qaladiza,5-Aug,3:47,5:11,12:11,15:52,19:07,20:25
Qaladiza,6-Aug,3:48,5:12,12:11,15:51,19:06,20:24
Qaladiza,7-Aug,3:49,5:12,12:11,15:51,19:05,20:23
Qaladiza,8-Aug,3:50,5:13,12:11,15:51,19:04,20:22
Qaladiza,9-Aug,3:51,5:14,12:11,15:51,19:03,20:21
Qaladiza,10-Aug,3:52,5:15,12:11,15:50,19:01,20:19
Qaladiza,11-Aug,3:53,5:15,12:11,15:49,19:00,20:18
Qaladiza,12-Aug,3:54,5:16,12:10,15:49,18:59,20:17
Qaladiza,13-Aug,3:55,5:17,12:10,15:49,18:58,20:15
Qaladiza,14-Aug,3:56,5:18,12:10,15:48,18:57,20:14
Qaladiza,15-Aug,3:57,5:19,12:10,15:48,18:56,20:13
Qaladiza,16-Aug,3:57,5:19,12:10,15:47,18:55,20:12
Qaladiza,17-Aug,3:58,5:20,12:10,15:47,18:53,20:10
Qaladiza,18-Aug,3:59,5:21,12:09,15:46,18:52,20:09
Qaladiza,19-Aug,4:00,5:22,12:09,15:46,18:51,20:08
Qaladiza,20-Aug,4:00,5:22,12:09,15:45,18:50,20:07
Qaladiza,21-Aug,4:01,5:23,12:09,15:45,18:48,20:05
Qaladiza,22-Aug,4:02,5:24,12:08,15:44,18:47,20:04
Qaladiza,23-Aug,4:03,5:25,12:08,15:44,18:46,20:03
Qaladiza,24-Aug,4:03,5:25,12:08,15:43,18:45,20:02
Qaladiza,25-Aug,4:04,5:26,12:08,15:42,18:43,20:00
Qaladiza,26-Aug,4:05,5:27,12:07,15:42,18:42,19:59
Qaladiza,27-Aug,4:06,5:28,12:07,15:41,18:41,19:58
Qaladiza,28-Aug,4:07,5:29,12:07,15:41,18:39,19:56
Qaladiza,29-Aug,4:07,5:29,12:06,15:40,18:38,19:55
Qaladiza,30-Aug,4:08,5:30,12:06,15:39,18:37,19:54
Qaladiza,31-Aug,4:09,5:31,12:06,15:39,18:35,19:52
Qaladiza,1-Sep,4:10,5:32,12:05,15:38,18:34,19:51
Qaladiza,2-Sep,4:10,5:32,12:05,15:37,18:32,19:49
Qaladiza,3-Sep,4:11,5:33,12:05,15:37,18:31,19:48
Qaladiza,4-Sep,4:12,5:34,12:04,15:36,18:29,19:46
Qaladiza,5-Sep,4:13,5:35,12:04,15:35,18:28,19:45
Qaladiza,6-Sep,4:13,5:35,12:04,15:34,18:27,19:44
Qaladiza,7-Sep,4:14,5:36,12:03,15:34,18:25,19:42
Qaladiza,8-Sep,4:15,5:37,12:03,15:33,18:24,19:41
Qaladiza,9-Sep,4:16,5:38,12:03,15:32,18:22,19:39
Qaladiza,10-Sep,4:17,5:38,12:02,15:31,18:21,19:37
Qaladiza,11-Sep,4:18,5:39,12:02,15:30,18:19,19:35
Qaladiza,12-Sep,4:19,5:40,12:02,15:29,18:18,19:34
Qaladiza,13-Sep,4:20,5:41,12:01,15:28,18:17,19:33
Qaladiza,14-Sep,4:20,5:41,12:01,15:28,18:15,19:31
Qaladiza,15-Sep,4:21,5:42,12:01,15:27,18:14,19:30
Qaladiza,16-Sep,4:22,5:43,12:00,15:26,18:12,19:28
Qaladiza,17-Sep,4:23,5:44,12:00,15:25,18:11,19:27
Qaladiza,18-Sep,4:23,5:44,12:00,15:24,18:09,19:25
Qaladiza,19-Sep,4:24,5:45,11:59,15:23,18:08,19:24
Qaladiza,20-Sep,4:25,5:46,11:59,15:22,18:07,19:22
Qaladiza,21-Sep,4:26,5:47,11:58,15:21,18:05,19:20
Qaladiza,22-Sep,4:27,5:47,11:58,15:20,18:03,19:18
Qaladiza,23-Sep,4:28,5:48,11:58,15:19,18:02,19:17
Qaladiza,24-Sep,4:29,5:49,11:57,15:18,18:01,19:16
Qaladiza,25-Sep,4:30,5:50,11:57,15:17,17:59,19:14
Qaladiza,26-Sep,4:30,5:50,11:57,15:16,17:57,19:12
Qaladiza,27-Sep,4:31,5:51,11:56,15:15,17:56,19:11
Qaladiza,28-Sep,4:32,5:52,11:56,15:14,17:55,19:09
Qaladiza,29-Sep,4:33,5:53,11:56,15:13,17:53,19:07
Qaladiza,30-Sep,4:34,5:54,11:55,15:12,17:52,19:06
Qaladiza,1-Oct,4:34,5:54,11:55,15:11,17:51,19:05
Qaladiza,2-Oct,4:35,5:55,11:55,15:10,17:50,19:04
Qaladiza,3-Oct,4:35,5:56,11:54,15:09,17:48,19:02
Qaladiza,4-Oct,4:36,5:57,11:54,15:08,17:47,19:01
Qaladiza,5-Oct,4:37,5:58,11:54,15:07,17:46,19:00
Qaladiza,6-Oct,4:38,5:58,11:54,15:06,17:44,18:58
Qaladiza,7-Oct,4:39,5:59,11:53,15:05,17:43,18:57
Qaladiza,8-Oct,4:40,6:00,11:53,15:04,17:41,18:55
Qaladiza,9-Oct,4:41,6:01,11:53,15:03,17:40,18:54
Qaladiza,10-Oct,4:42,6:02,11:52,15:02,17:39,18:53
Qaladiza,11-Oct,4:42,6:02,11:52,15:01,17:37,18:51
Qaladiza,12-Oct,4:43,6:03,11:52,15:00,17:36,18:50
Qaladiza,13-Oct,4:44,6:04,11:52,14:59,17:35,18:49
Qaladiza,14-Oct,4:45,6:05,11:51,14:58,17:33,18:47
Qaladiza,15-Oct,4:45,6:06,11:51,14:57,17:32,18:46
Qaladiza,16-Oct,4:46,6:07,11:51,14:56,17:31,18:45
Qaladiza,17-Oct,4:47,6:08,11:51,14:55,17:30,18:44
Qaladiza,18-Oct,4:47,6:08,11:51,14:54,17:28,18:43
Qaladiza,19-Oct,4:48,6:09,11:50,14:53,17:27,18:42
Qaladiza,20-Oct,4:49,6:10,11:50,14:53,17:26,18:41
Qaladiza,21-Oct,4:50,6:11,11:50,14:52,17:25,18:40
Qaladiza,22-Oct,4:51,6:12,11:50,14:51,17:23,18:38
Qaladiza,23-Oct,4:52,6:13,11:50,14:50,17:22,18:37
Qaladiza,24-Oct,4:53,6:14,11:50,14:49,17:21,18:36
Qaladiza,25-Oct,4:53,6:15,11:50,14:48,17:20,18:36
Qaladiza,26-Oct,4:54,6:16,11:49,14:47,17:19,18:35
Qaladiza,27-Oct,4:55,6:17,11:49,14:46,17:18,18:34
Qaladiza,28-Oct,4:56,6:18,11:49,14:45,17:17,18:33
Qaladiza,29-Oct,4:56,6:18,11:49,14:45,17:16,18:32
Qaladiza,30-Oct,4:57,6:19,11:49,14:44,17:15,18:31
Qaladiza,31-Oct,4:58,6:20,11:49,14:43,17:14,18:30
Qaladiza,1-Nov,4:59,6:21,11:49,14:42,17:13,18:29
Qaladiza,2-Nov,5:00,6:22,11:49,14:42,17:12,18:28
Qaladiza,3-Nov,5:01,6:23,11:49,14:41,17:11,18:27
Qaladiza,4-Nov,5:02,6:24,11:49,14:40,17:10,18:27
Qaladiza,5-Nov,5:03,6:25,11:49,14:39,17:09,18:26
Qaladiza,6-Nov,5:04,6:26,11:49,14:39,17:08,18:25
Qaladiza,7-Nov,5:05,6:27,11:49,14:38,17:07,18:24
Qaladiza,8-Nov,5:06,6:28,11:49,14:38,17:06,18:23
Qaladiza,9-Nov,5:07,6:29,11:49,14:37,17:05,18:22
Qaladiza,10-Nov,5:08,6:30,11:49,14:36,17:05,18:22
Qaladiza,11-Nov,5:09,6:31,11:49,14:36,17:04,18:21
Qaladiza,12-Nov,5:10,6:32,11:49,14:35,17:03,18:20
Qaladiza,13-Nov,5:11,6:33,11:50,14:34,17:03,18:20
Qaladiza,14-Nov,5:12,6:34,11:50,14:34,17:02,18:19
Qaladiza,15-Nov,5:13,6:35,11:50,14:33,17:01,18:18
Qaladiza,16-Nov,5:14,6:36,11:50,14:33,17:01,18:18
Qaladiza,17-Nov,5:15,6:37,11:51,14:32,17:00,18:17
Qaladiza,18-Nov,5:16,6:38,11:51,14:32,16:59,18:16
Qaladiza,19-Nov,5:17,6:39,11:51,14:31,16:59,18:16
Qaladiza,20-Nov,5:18,6:40,11:51,14:31,16:58,18:15
Qaladiza,21-Nov,5:19,6:41,11:51,14:31,16:58,18:15
Qaladiza,22-Nov,5:20,6:42,11:52,14:30,16:57,18:15
Qaladiza,23-Nov,5:20,6:43,11:52,14:30,16:57,18:15
Qaladiza,24-Nov,5:21,6:44,11:52,14:30,16:57,18:15
Qaladiza,25-Nov,5:22,6:45,11:53,14:30,16:56,18:14
Qaladiza,26-Nov,5:23,6:46,11:53,14:29,16:56,18:14
Qaladiza,27-Nov,5:24,6:47,11:53,14:29,16:56,18:14
Qaladiza,28-Nov,5:25,6:48,11:53,14:29,16:56,18:14
Qaladiza,29-Nov,5:25,6:49,11:54,14:29,16:55,18:14
Qaladiza,30-Nov,5:26,6:50,11:54,14:29,16:55,18:14
Qaladiza,1-Dec,5:26,6:50,11:55,14:29,16:55,18:14
Qaladiza,2-Dec,5:27,6:51,11:55,14:29,16:55,18:14
Qaladiza,3-Dec,5:27,6:52,11:55,14:29,16:55,18:15
Qaladiza,4-Dec,5:28,6:53,11:56,14:29,16:55,18:15
Qaladiza,5-Dec,5:29,6:54,11:56,14:29,16:55,18:15
Qaladiza,6-Dec,5:29,6:55,11:57,14:29,16:55,18:15
Qaladiza,7-Dec,5:30,6:56,11:58,14:29,16:55,18:15
Qaladiza,8-Dec,5:30,6:56,11:58,14:29,16:55,18:15
Qaladiza,9-Dec,5:31,6:57,11:59,14:29,16:55,18:15
Qaladiza,10-Dec,5:32,6:58,11:59,14:29,16:55,18:15
Qaladiza,11-Dec,5:33,6:59,11:59,14:30,16:55,18:15
Qaladiza,12-Dec,5:33,6:59,11:59,14:30,16:55,18:15
Qaladiza,13-Dec,5:34,7:00,12:00,14:30,16:56,18:16
Qaladiza,14-Dec,5:35,7:01,12:00,14:31,16:56,18:16
Qaladiza,15-Dec,5:35,7:01,12:01,14:31,16:56,18:16
Qaladiza,16-Dec,5:36,7:02,12:01,14:31,16:57,18:17
Qaladiza,17-Dec,5:37,7:03,12:02,14:32,16:57,18:17
Qaladiza,18-Dec,5:37,7:03,12:02,14:32,16:57,18:17
Qaladiza,19-Dec,5:38,7:04,12:03,14:33,16:58,18:18
Qaladiza,20-Dec,5:38,7:04,12:03,14:33,16:58,18:19
Qaladiza,21-Dec,5:39,7:05,12:04,14:34,16:59,18:20
Qaladiza,22-Dec,5:39,7:05,12:04,14:34,16:59,18:20
Qaladiza,23-Dec,5:40,7:06,12:05,14:34,17:00,18:21
Qaladiza,24-Dec,5:40,7:06,12:05,14:35,17:00,18:21
Qaladiza,25-Dec,5:41,7:07,12:06,14:35,17:01,18:22
Qaladiza,26-Dec,5:41,7:07,12:06,14:36,17:01,18:22
Qaladiza,27-Dec,5:41,7:07,12:07,14:37,17:02,18:23
Qaladiza,28-Dec,5:42,7:08,12:07,14:37,17:02,18:23
Qaladiza,29-Dec,5:42,7:08,12:08,14:38,17:03,18:24
Qaladiza,30-Dec,5:42,7:08,12:08,14:39,17:03,18:24
Qaladiza,31-Dec,5:42,7:09,12:09,14:39,17:04,18:25
Dokan,1-Jan,5:43,7:10,12:10,14:41,17:06,18:27
Dokan,2-Jan,5:43,7:10,12:10,14:41,17:06,18:27
Dokan,3-Jan,5:43,7:10,12:11,14:42,17:07,18:28
Dokan,4-Jan,5:43,7:10,12:11,14:43,17:08,18:29
Dokan,5-Jan,5:44,7:10,12:12,14:44,17:08,18:29
Dokan,6-Jan,5:44,7:10,12:12,14:44,17:09,18:30
Dokan,7-Jan,5:44,7:10,12:12,14:45,17:10,18:31
Dokan,8-Jan,5:44,7:10,12:13,14:46,17:11,18:32
Dokan,9-Jan,5:45,7:10,12:13,14:47,17:12,18:33
Dokan,10-Jan,5:45,7:10,12:14,14:48,17:13,18:33
Dokan,11-Jan,5:45,7:10,12:14,14:49,17:14,18:34
Dokan,12-Jan,5:45,7:10,12:14,14:49,17:15,18:35
Dokan,13-Jan,5:45,7:10,12:15,14:50,17:16,18:36
Dokan,14-Jan,5:45,7:09,12:16,14:51,17:17,18:36
Dokan,15-Jan,5:45,7:09,12:16,14:52,17:18,18:37
Dokan,16-Jan,5:45,7:09,12:16,14:53,17:19,18:38
Dokan,17-Jan,5:44,7:08,12:17,14:54,17:20,18:39
Dokan,18-Jan,5:44,7:08,12:17,14:55,17:21,18:40
Dokan,19-Jan,5:44,7:08,12:17,14:56,17:22,18:41
Dokan,20-Jan,5:44,7:07,12:17,14:57,17:23,18:41
Dokan,21-Jan,5:44,7:07,12:18,14:57,17:24,18:42
Dokan,22-Jan,5:44,7:07,12:18,14:58,17:25,18:43
Dokan,23-Jan,5:43,7:06,12:18,14:59,17:26,18:44
Dokan,24-Jan,5:43,7:06,12:18,15:00,17:27,18:45
Dokan,25-Jan,5:42,7:05,12:19,15:01,17:28,18:46
Dokan,26-Jan,5:42,7:05,12:19,15:02,17:29,18:47
Dokan,27-Jan,5:42,7:04,12:19,15:03,17:30,18:47
Dokan,28-Jan,5:41,7:03,12:19,15:04,17:31,18:48
Dokan,29-Jan,5:41,7:03,12:19,15:05,17:32,18:49
Dokan,30-Jan,5:40,7:02,12:20,15:05,17:33,18:50
Dokan,31-Jan,5:39,7:01,12:20,15:06,17:34,18:51
Dokan,1-Feb,5:39,7:01,12:20,15:07,17:35,18:52
Dokan,2-Feb,5:38,7:00,12:20,15:08,17:36,18:53
Dokan,3-Feb,5:37,6:59,12:20,15:09,17:37,18:54
Dokan,4-Feb,5:36,6:58,12:20,15:10,17:38,18:55
Dokan,5-Feb,5:35,6:57,12:20,15:10,17:39,18:56
Dokan,6-Feb,5:35,6:57,12:20,15:11,17:40,18:57
Dokan,7-Feb,5:34,6:56,12:20,15:12,17:41,18:58
Dokan,8-Feb,5:33,6:55,12:20,15:13,17:42,18:59
Dokan,9-Feb,5:32,6:54,12:20,15:14,17:43,19:00
Dokan,10-Feb,5:31,6:53,12:20,15:15,17:44,19:01
Dokan,11-Feb,5:30,6:52,12:20,15:15,17:45,19:02
Dokan,12-Feb,5:29,6:51,12:20,15:16,17:46,19:03
Dokan,13-Feb,5:28,6:50,12:20,15:17,17:47,19:04
Dokan,14-Feb,5:27,6:49,12:20,15:18,17:48,19:05
Dokan,15-Feb,5:26,6:48,12:20,15:18,17:49,19:06
Dokan,16-Feb,5:25,6:47,12:20,15:19,17:50,19:07
Dokan,17-Feb,5:23,6:45,12:20,15:20,17:51,19:08
Dokan,18-Feb,5:22,6:44,12:20,15:20,17:52,19:09
Dokan,19-Feb,5:21,6:43,12:20,15:21,17:53,19:10
Dokan,20-Feb,5:20,6:42,12:20,15:22,17:54,19:11
Dokan,21-Feb,5:19,6:41,12:20,15:23,17:55,19:12
Dokan,22-Feb,5:18,6:40,12:19,15:23,17:56,19:13
Dokan,23-Feb,5:16,6:38,12:19,15:24,17:57,19:14
Dokan,24-Feb,5:15,6:37,12:19,15:24,17:58,19:15
Dokan,25-Feb,5:13,6:36,12:19,15:25,17:59,19:16
Dokan,26-Feb,5:12,6:35,12:19,15:26,18:00,19:17
Dokan,27-Feb,5:11,6:34,12:19,15:26,18:01,19:18
Dokan,28-Feb,5:10,6:32,12:19,15:27,18:02,19:19
Dokan,1-Mar,5:08,6:30,12:19,15:27,18:03,19:19
Dokan,2-Mar,5:06,6:28,12:18,15:28,18:04,19:20
Dokan,3-Mar,5:05,6:27,12:18,15:28,18:05,19:21
Dokan,4-Mar,5:04,6:26,12:18,15:29,18:06,19:22
Dokan,5-Mar,5:03,6:25,12:18,15:29,18:07,19:23
Dokan,6-Mar,5:01,6:23,12:17,15:30,18:08,19:24
Dokan,7-Mar,5:00,6:22,12:17,15:30,18:09,19:25
Dokan,8-Mar,4:59,6:21,12:17,15:31,18:10,19:26
Dokan,9-Mar,4:58,6:20,12:17,15:31,18:11,19:27
Dokan,10-Mar,4:56,6:18,12:16,15:32,18:11,19:27
Dokan,11-Mar,4:55,6:16,12:16,15:32,18:12,19:28
Dokan,12-Mar,4:54,6:15,12:16,15:33,18:13,19:29
Dokan,13-Mar,4:53,6:14,12:16,15:34,18:14,19:29
Dokan,14-Mar,4:51,6:12,12:15,15:34,18:15,19:30
Dokan,15-Mar,4:50,6:11,12:15,15:34,18:16,19:31
Dokan,16-Mar,4:48,6:09,12:15,15:34,18:16,19:31
Dokan,17-Mar,4:47,6:08,12:15,15:35,18:17,19:32
Dokan,18-Mar,4:45,6:06,12:14,15:35,18:18,19:33
Dokan,19-Mar,4:44,6:05,12:14,15:35,18:19,19:34
Dokan,20-Mar,4:43,6:04,12:14,15:36,18:20,19:35
Dokan,21-Mar,4:41,6:02,12:13,15:36,18:21,19:36
Dokan,22-Mar,4:40,6:01,12:13,15:36,18:21,19:36
Dokan,23-Mar,4:39,5:59,12:13,15:37,18:22,19:36
Dokan,24-Mar,4:38,5:58,12:12,15:37,18:23,19:37
Dokan,25-Mar,4:36,5:56,12:12,15:37,18:24,19:38
Dokan,26-Mar,4:35,5:55,12:12,15:37,18:25,19:39
Dokan,27-Mar,4:34,5:54,12:11,15:38,18:25,19:39
Dokan,28-Mar,4:32,5:52,12:11,15:38,18:26,19:40
Dokan,29-Mar,4:31,5:51,12:11,15:38,18:27,19:41
Dokan,30-Mar,4:29,5:49,12:11,15:38,18:28,19:42
Dokan,31-Mar,4:28,5:48,12:10,15:39,18:29,19:43
Dokan,1-Apr,4:26,5:46,12:10,15:39,18:30,19:44
Dokan,2-Apr,4:25,5:45,12:10,15:39,18:30,19:44
Dokan,3-Apr,4:24,5:44,12:10,15:39,18:31,19:45
Dokan,4-Apr,4:22,5:42,12:09,15:39,18:32,19:46
Dokan,5-Apr,4:21,5:41,12:09,15:40,18:33,19:47
Dokan,6-Apr,4:19,5:39,12:09,15:40,18:34,19:48
Dokan,7-Apr,4:18,5:38,12:08,15:40,18:34,19:48
Dokan,8-Apr,4:17,5:37,12:08,15:40,18:35,19:49
Dokan,9-Apr,4:15,5:35,12:08,15:40,18:36,19:50
Dokan,10-Apr,4:14,5:34,12:07,15:40,18:37,19:51
Dokan,11-Apr,4:12,5:33,12:07,15:41,18:38,19:52
Dokan,12-Apr,4:10,5:31,12:07,15:41,18:38,19:53
Dokan,13-Apr,4:09,5:30,12:07,15:41,18:39,19:54
Dokan,14-Apr,4:08,5:29,12:06,15:41,18:40,19:55
Dokan,15-Apr,4:06,5:27,12:06,15:41,18:41,19:56
Dokan,16-Apr,4:05,5:26,12:06,15:41,18:42,19:57
Dokan,17-Apr,4:04,5:25,12:06,15:42,18:43,19:58
Dokan,18-Apr,4:02,5:23,12:06,15:42,18:43,19:59
Dokan,19-Apr,4:01,5:22,12:05,15:42,18:44,20:00
Dokan,20-Apr,3:59,5:21,12:05,15:42,18:45,20:01
Dokan,21-Apr,3:58,5:20,12:05,15:42,18:46,20:02
Dokan,22-Apr,3:56,5:18,12:05,15:42,18:47,20:03
Dokan,23-Apr,3:55,5:17,12:05,15:42,18:48,20:04
Dokan,24-Apr,3:54,5:16,12:04,15:42,18:49,20:05
Dokan,25-Apr,3:53,5:15,12:04,15:43,18:49,20:05
Dokan,26-Apr,3:52,5:14,12:04,15:43,18:50,20:06
Dokan,27-Apr,3:51,5:13,12:04,15:43,18:51,20:07
Dokan,28-Apr,3:50,5:12,12:04,15:43,18:52,20:08
Dokan,29-Apr,3:48,5:10,12:04,15:43,18:53,20:09
Dokan,30-Apr,3:47,5:09,12:03,15:43,18:54,20:10
Dokan,1-May,3:46,5:08,12:03,15:43,18:55,20:11
Dokan,2-May,3:44,5:07,12:03,15:43,18:55,20:12
Dokan,3-May,3:43,5:06,12:03,15:43,18:56,20:13
Dokan,4-May,3:42,5:05,12:03,15:43,18:57,20:14
Dokan,5-May,3:41,5:04,12:03,15:44,18:58,20:15
Dokan,6-May,3:40,5:03,12:03,15:44,18:59,20:16
Dokan,7-May,3:39,5:02,12:03,15:44,18:59,20:16
Dokan,8-May,3:38,5:01,12:03,15:44,19:00,20:17
Dokan,9-May,3:37,5:00,12:03,15:44,19:01,20:18
Dokan,10-May,3:36,4:59,12:03,15:44,19:02,20:19
Dokan,11-May,3:35,4:59,12:03,15:44,19:03,20:20
Dokan,12-May,3:34,4:58,12:03,15:44,19:04,20:21
Dokan,13-May,3:33,4:57,12:03,15:45,19:04,20:22
Dokan,14-May,3:32,4:56,12:03,15:45,19:05,20:23
Dokan,15-May,3:31,4:55,12:03,15:45,19:06,20:24
Dokan,16-May,3:30,4:54,12:03,15:45,19:07,20:25
Dokan,17-May,3:30,4:54,12:03,15:45,19:07,20:25
Dokan,18-May,3:29,4:53,12:03,15:45,19:08,20:26
Dokan,19-May,3:28,4:52,12:03,15:45,19:09,20:27
Dokan,20-May,3:27,4:52,12:03,15:46,19:10,20:28
Dokan,21-May,3:26,4:51,12:03,15:46,19:11,20:29
Dokan,22-May,3:25,4:50,12:03,15:46,19:11,20:30
Dokan,23-May,3:25,4:50,12:03,15:46,19:12,20:31
Dokan,24-May,3:24,4:49,12:03,15:46,19:13,20:32
Dokan,25-May,3:24,4:49,12:03,15:46,19:13,20:32
Dokan,26-May,3:23,4:48,12:03,15:46,19:14,20:33
Dokan,27-May,3:22,4:48,12:04,15:47,19:15,20:34
Dokan,28-May,3:21,4:47,12:04,15:47,19:16,20:35
Dokan,29-May,3:21,4:47,12:04,15:47,19:16,20:36
Dokan,30-May,3:21,4:47,12:04,15:47,19:17,20:37
Dokan,31-May,3:20,4:46,12:04,15:47,19:18,20:38
Dokan,1-Jun,3:20,4:46,12:04,15:48,19:18,20:38
Dokan,2-Jun,3:20,4:46,12:04,15:48,19:19,20:39
Dokan,3-Jun,3:19,4:45,12:05,15:48,19:19,20:39
Dokan,4-Jun,3:19,4:45,12:05,15:48,19:20,20:40
Dokan,5-Jun,3:19,4:45,12:05,15:48,19:21,20:41
Dokan,6-Jun,3:19,4:45,12:05,15:49,19:21,20:41
Dokan,7-Jun,3:19,4:45,12:05,15:49,19:22,20:42
Dokan,8-Jun,3:18,4:44,12:05,15:49,19:22,20:42
Dokan,9-Jun,3:18,4:44,12:06,15:49,19:23,20:43
Dokan,10-Jun,3:18,4:44,12:06,15:49,19:23,20:43
Dokan,11-Jun,3:18,4:44,12:06,15:50,19:24,20:44
Dokan,12-Jun,3:18,4:44,12:06,15:50,19:24,20:44
Dokan,13-Jun,3:18,4:44,12:06,15:50,19:24,20:44
Dokan,14-Jun,3:18,4:44,12:07,15:50,19:25,20:45
Dokan,15-Jun,3:18,4:44,12:07,15:50,19:25,20:45
Dokan,16-Jun,3:18,4:44,12:07,15:51,19:25,20:45
Dokan,17-Jun,3:18,4:44,12:07,15:51,19:26,20:46
Dokan,18-Jun,3:18,4:45,12:08,15:51,19:26,20:46
Dokan,19-Jun,3:18,4:45,12:08,15:51,19:26,20:46
Dokan,20-Jun,3:18,4:45,12:08,15:52,19:27,20:47
Dokan,21-Jun,3:18,4:45,12:08,15:52,19:27,20:47
Dokan,22-Jun,3:18,4:45,12:08,15:52,19:27,20:47
Dokan,23-Jun,3:19,4:46,12:09,15:52,19:27,20:47
Dokan,24-Jun,3:19,4:46,12:09,15:52,19:27,20:47
Dokan,25-Jun,3:20,4:46,12:09,15:53,19:27,20:47
Dokan,26-Jun,3:21,4:47,12:09,15:53,19:27,20:46
Dokan,27-Jun,3:21,4:47,12:09,15:53,19:27,20:46
Dokan,28-Jun,3:21,4:47,12:10,15:53,19:27,20:46
Dokan,29-Jun,3:22,4:48,12:10,15:54,19:27,20:46
Dokan,30-Jun,3:22,4:48,12:10,15:54,19:27,20:46
Dokan,1-Jul,3:22,4:48,12:10,15:54,19:27,20:46
Dokan,2-Jul,3:23,4:49,12:10,15:54,19:27,20:46
Dokan,3-Jul,3:23,4:49,12:11,15:54,19:27,20:46
Dokan,4-Jul,3:24,4:50,12:11,15:54,19:27,20:46
Dokan,5-Jul,3:24,4:50,12:11,15:54,19:27,20:46
Dokan,6-Jul,3:25,4:51,12:11,15:55,19:27,20:46
Dokan,7-Jul,3:25,4:51,12:11,15:55,19:26,20:45
Dokan,8-Jul,3:26,4:52,12:11,15:55,19:26,20:45
Dokan,9-Jul,3:26,4:52,12:12,15:55,19:26,20:45
Dokan,10-Jul,3:27,4:53,12:12,15:55,19:25,20:44
Dokan,11-Jul,3:27,4:53,12:12,15:55,19:25,20:44
Dokan,12-Jul,3:28,4:54,12:12,15:55,19:25,20:44
Dokan,13-Jul,3:29,4:55,12:12,15:55,19:24,20:43
Dokan,14-Jul,3:29,4:55,12:12,15:55,19:24,20:43
Dokan,15-Jul,3:30,4:56,12:12,15:56,19:23,20:42
Dokan,16-Jul,3:31,4:57,12:12,15:56,19:23,20:42
Dokan,17-Jul,3:32,4:58,12:12,15:56,19:22,20:41
Dokan,18-Jul,3:33,4:58,12:13,15:56,19:22,20:41
Dokan,19-Jul,3:34,4:59,12:13,15:56,19:21,20:40
Dokan,20-Jul,3:34,5:00,12:13,15:56,19:21,20:40
Dokan,21-Jul,3:35,5:00,12:13,15:55,19:20,20:39
Dokan,22-Jul,3:36,5:01,12:13,15:55,19:19,20:38
Dokan,23-Jul,3:37,5:02,12:13,15:55,19:19,20:37
Dokan,24-Jul,3:38,5:03,12:13,15:55,19:18,20:36
Dokan,25-Jul,3:39,5:03,12:13,15:55,19:17,20:35
Dokan,26-Jul,3:40,5:04,12:13,15:55,19:17,20:35
Dokan,27-Jul,3:41,5:05,12:13,15:55,19:16,20:34
Dokan,28-Jul,3:42,5:06,12:13,15:55,19:15,20:33
Dokan,29-Jul,3:42,5:06,12:13,15:55,19:14,20:32
Dokan,30-Jul,3:43,5:07,12:13,15:54,19:13,20:31
Dokan,31-Jul,3:44,5:08,12:13,15:54,19:12,20:30
Dokan,1-Aug,3:45,5:09,12:13,15:54,19:11,20:29
Dokan,2-Aug,3:45,5:09,12:13,15:54,19:10,20:28
Dokan,3-Aug,3:46,5:10,12:13,15:54,19:10,20:28
Dokan,4-Aug,3:47,5:11,12:13,15:53,19:09,20:27
Dokan,5-Aug,3:48,5:12,12:12,15:53,19:08,20:26
Dokan,6-Aug,3:49,5:13,12:12,15:52,19:07,20:25
Dokan,7-Aug,3:50,5:13,12:12,15:52,19:06,20:24
Dokan,8-Aug,3:51,5:14,12:12,15:52,19:05,20:23
Dokan,9-Aug,3:52,5:15,12:12,15:52,19:04,20:22
Dokan,10-Aug,3:53,5:16,12:12,15:51,19:02,20:20
Dokan,11-Aug,3:54,5:16,12:12,15:50,19:01,20:19
Dokan,12-Aug,3:55,5:17,12:11,15:50,19:00,20:18
Dokan,13-Aug,3:56,5:18,12:11,15:50,18:59,20:16
Dokan,14-Aug,3:57,5:19,12:11,15:49,18:58,20:15
Dokan,15-Aug,3:58,5:20,12:11,15:49,18:57,20:14
Dokan,16-Aug,3:58,5:20,12:11,15:48,18:56,20:13
Dokan,17-Aug,3:59,5:21,12:11,15:48,18:54,20:11
Dokan,18-Aug,4:00,5:22,12:10,15:47,18:53,20:10
Dokan,19-Aug,4:01,5:23,12:10,15:47,18:52,20:09
Dokan,20-Aug,4:01,5:23,12:10,15:46,18:51,20:08
Dokan,21-Aug,4:02,5:24,12:10,15:46,18:49,20:06
Dokan,22-Aug,4:03,5:25,12:09,15:45,18:48,20:05
Dokan,23-Aug,4:04,5:26,12:09,15:45,18:47,20:04
Dokan,24-Aug,4:04,5:26,12:09,15:44,18:46,20:03
Dokan,25-Aug,4:05,5:27,12:09,15:43,18:44,20:01
Dokan,26-Aug,4:06,5:28,12:08,15:43,18:43,20:00
Dokan,27-Aug,4:07,5:29,12:08,15:42,18:42,19:59
Dokan,28-Aug,4:08,5:30,12:08,15:42,18:40,19:57
Dokan,29-Aug,4:08,5:30,12:07,15:41,18:39,19:56
Dokan,30-Aug,4:09,5:31,12:07,15:40,18:38,19:55
Dokan,31-Aug,4:10,5:32,12:07,15:40,18:36,19:53
Dokan,1-Sep,4:11,5:33,12:06,15:39,18:35,19:52
Dokan,2-Sep,4:11,5:33,12:06,15:38,18:33,19:50
Dokan,3-Sep,4:12,5:34,12:06,15:38,18:32,19:49
Dokan,4-Sep,4:13,5:35,12:05,15:37,18:30,19:47
Dokan,5-Sep,4:14,5:36,12:05,15:36,18:29,19:46
Dokan,6-Sep,4:14,5:36,12:05,15:35,18:28,19:45
Dokan,7-Sep,4:15,5:37,12:04,15:35,18:26,19:43
Dokan,8-Sep,4:16,5:38,12:04,15:34,18:25,19:42
Dokan,9-Sep,4:17,5:39,12:04,15:33,18:23,19:40
Dokan,10-Sep,4:18,5:39,12:03,15:32,18:22,19:38
Dokan,11-Sep,4:19,5:40,12:03,15:31,18:20,19:36
Dokan,12-Sep,4:20,5:41,12:03,15:30,18:19,19:35
Dokan,13-Sep,4:21,5:42,12:02,15:29,18:18,19:34
Dokan,14-Sep,4:21,5:42,12:02,15:29,18:16,19:32
Dokan,15-Sep,4:22,5:43,12:02,15:28,18:15,19:31
Dokan,16-Sep,4:23,5:44,12:01,15:27,18:13,19:29
Dokan,17-Sep,4:24,5:45,12:01,15:26,18:12,19:28
Dokan,18-Sep,4:24,5:45,12:01,15:25,18:10,19:26
Dokan,19-Sep,4:25,5:46,12:00,15:24,18:09,19:25
Dokan,20-Sep,4:26,5:47,12:00,15:23,18:08,19:23
Dokan,21-Sep,4:27,5:48,11:59,15:22,18:06,19:21
Dokan,22-Sep,4:28,5:48,11:59,15:21,18:04,19:19
Dokan,23-Sep,4:29,5:49,11:59,15:20,18:03,19:18
Dokan,24-Sep,4:30,5:50,11:58,15:19,18:02,19:17
Dokan,25-Sep,4:31,5:51,11:58,15:18,18:00,19:15
Dokan,26-Sep,4:31,5:51,11:58,15:17,17:58,19:13
Dokan,27-Sep,4:32,5:52,11:57,15:16,17:57,19:12
Dokan,28-Sep,4:33,5:53,11:57,15:15,17:56,19:10
Dokan,29-Sep,4:34,5:54,11:57,15:14,17:54,19:08
Dokan,30-Sep,4:35,5:55,11:56,15:13,17:53,19:07
Dokan,1-Oct,4:35,5:55,11:56,15:12,17:52,19:06
Dokan,2-Oct,4:36,5:56,11:56,15:11,17:51,19:05
Dokan,3-Oct,4:36,5:57,11:55,15:10,17:49,19:03
Dokan,4-Oct,4:37,5:58,11:55,15:09,17:48,19:02
Dokan,5-Oct,4:38,5:59,11:55,15:08,17:47,19:01
Dokan,6-Oct,4:39,5:59,11:55,15:07,17:45,18:59
Dokan,7-Oct,4:40,6:00,11:54,15:06,17:44,18:58
Dokan,8-Oct,4:41,6:01,11:54,15:05,17:42,18:56
Dokan,9-Oct,4:42,6:02,11:54,15:04,17:41,18:55
Dokan,10-Oct,4:43,6:03,11:53,15:03,17:40,18:54
Dokan,11-Oct,4:43,6:03,11:53,15:02,17:38,18:52
Dokan,12-Oct,4:44,6:04,11:53,15:01,17:37,18:51
Dokan,13-Oct,4:45,6:05,11:53,15:00,17:36,18:50
Dokan,14-Oct,4:46,6:06,11:52,14:59,17:34,18:48
Dokan,15-Oct,4:46,6:07,11:52,14:58,17:33,18:47
Dokan,16-Oct,4:47,6:08,11:52,14:57,17:32,18:46
Dokan,17-Oct,4:48,6:09,11:52,14:56,17:31,18:45
Dokan,18-Oct,4:48,6:09,11:52,14:55,17:29,18:44
Dokan,19-Oct,4:49,6:10,11:51,14:54,17:28,18:43
Dokan,20-Oct,4:50,6:11,11:51,14:54,17:27,18:42
Dokan,21-Oct,4:51,6:12,11:51,14:53,17:26,18:41
Dokan,22-Oct,4:52,6:13,11:51,14:52,17:24,18:39
Dokan,23-Oct,4:53,6:14,11:51,14:51,17:23,18:38
Dokan,24-Oct,4:54,6:15,11:51,14:50,17:22,18:37
Dokan,25-Oct,4:54,6:16,11:51,14:49,17:21,18:37
Dokan,26-Oct,4:55,6:17,11:50,14:48,17:20,18:36
Dokan,27-Oct,4:56,6:18,11:50,14:47,17:19,18:35
Dokan,28-Oct,4:57,6:19,11:50,14:46,17:18,18:34
Dokan,29-Oct,4:57,6:19,11:50,14:46,17:17,18:33
Dokan,30-Oct,4:58,6:20,11:50,14:45,17:16,18:32
Dokan,31-Oct,4:59,6:21,11:50,14:44,17:15,18:31
Dokan,1-Nov,5:00,6:22,11:50,14:43,17:14,18:30
Dokan,2-Nov,5:01,6:23,11:50,14:43,17:13,18:29
Dokan,3-Nov,5:02,6:24,11:50,14:42,17:12,18:28
Dokan,4-Nov,5:03,6:25,11:50,14:41,17:11,18:28
Dokan,5-Nov,5:04,6:26,11:50,14:40,17:10,18:27
Dokan,6-Nov,5:05,6:27,11:50,14:40,17:09,18:26
Dokan,7-Nov,5:06,6:28,11:50,14:39,17:08,18:25
Dokan,8-Nov,5:07,6:29,11:50,14:39,17:07,18:24
Dokan,9-Nov,5:08,6:30,11:50,14:38,17:06,18:23
Dokan,10-Nov,5:09,6:31,11:50,14:37,17:06,18:23
Dokan,11-Nov,5:10,6:32,11:50,14:37,17:05,18:22
Dokan,12-Nov,5:11,6:33,11:50,14:36,17:04,18:21
Dokan,13-Nov,5:12,6:34,11:51,14:35,17:04,18:21
Dokan,14-Nov,5:13,6:35,11:51,14:35,17:03,18:20
Dokan,15-Nov,5:14,6:36,11:51,14:34,17:02,18:19
Dokan,16-Nov,5:15,6:37,11:51,14:34,17:02,18:19
Dokan,17-Nov,5:16,6:38,11:52,14:33,17:01,18:18
Dokan,18-Nov,5:17,6:39,11:52,14:33,17:00,18:17
Dokan,19-Nov,5:18,6:40,11:52,14:32,17:00,18:17
Dokan,20-Nov,5:19,6:41,11:52,14:32,16:59,18:16
Dokan,21-Nov,5:20,6:42,11:52,14:32,16:59,18:16
Dokan,22-Nov,5:21,6:43,11:53,14:31,16:58,18:16
Dokan,23-Nov,5:21,6:44,11:53,14:31,16:58,18:16
Dokan,24-Nov,5:22,6:45,11:53,14:31,16:58,18:16
Dokan,25-Nov,5:23,6:46,11:54,14:31,16:57,18:15
Dokan,26-Nov,5:24,6:47,11:54,14:30,16:57,18:15
Dokan,27-Nov,5:25,6:48,11:54,14:30,16:57,18:15
Dokan,28-Nov,5:26,6:49,11:54,14:30,16:57,18:15
Dokan,29-Nov,5:26,6:50,11:55,14:30,16:56,18:15
Dokan,30-Nov,5:27,6:51,11:55,14:30,16:56,18:15
Dokan,1-Dec,5:27,6:51,11:56,14:30,16:56,18:15
Dokan,2-Dec,5:28,6:52,11:56,14:30,16:56,18:15
Dokan,3-Dec,5:28,6:53,11:56,14:30,16:56,18:16
Dokan,4-Dec,5:29,6:54,11:57,14:30,16:56,18:16
Dokan,5-Dec,5:30,6:55,11:57,14:30,16:56,18:16
Dokan,6-Dec,5:30,6:56,11:58,14:30,16:56,18:16
Dokan,7-Dec,5:31,6:57,11:59,14:30,16:56,18:16
Dokan,8-Dec,5:31,6:57,11:59,14:30,16:56,18:16
Dokan,9-Dec,5:32,6:58,12:00,14:30,16:56,18:16
Dokan,10-Dec,5:33,6:59,12:00,14:30,16:56,18:16
Dokan,11-Dec,5:34,7:00,12:00,14:31,16:56,18:16
Dokan,12-Dec,5:34,7:00,12:00,14:31,16:56,18:16
Dokan,13-Dec,5:35,7:01,12:01,14:31,16:57,18:17
Dokan,14-Dec,5:36,7:02,12:01,14:32,16:57,18:17
Dokan,15-Dec,5:36,7:02,12:02,14:32,16:57,18:17
Dokan,16-Dec,5:37,7:03,12:02,14:32,16:58,18:18
Dokan,17-Dec,5:38,7:04,12:03,14:33,16:58,18:18
Dokan,18-Dec,5:38,7:04,12:03,14:33,16:58,18:18
Dokan,19-Dec,5:39,7:05,12:04,14:34,16:59,18:19
Dokan,20-Dec,5:39,7:05,12:04,14:34,16:59,18:20
Dokan,21-Dec,5:40,7:06,12:05,14:35,17:00,18:21
Dokan,22-Dec,5:40,7:06,12:05,14:35,17:00,18:21
Dokan,23-Dec,5:41,7:07,12:06,14:35,17:01,18:22
Dokan,24-Dec,5:41,7:07,12:06,14:36,17:01,18:22
Dokan,25-Dec,5:42,7:08,12:07,14:36,17:02,18:23
Dokan,26-Dec,5:42,7:08,12:07,14:37,17:02,18:23
Dokan,27-Dec,5:42,7:08,12:08,14:38,17:03,18:24
Dokan,28-Dec,5:43,7:09,12:08,14:38,17:03,18:24
Dokan,29-Dec,5:43,7:09,12:09,14:39,17:04,18:25
Dokan,30-Dec,5:43,7:09,12:09,14:40,17:04,18:25
Dokan,31-Dec,5:43,7:10,12:10,14:40,17:05,18:26
Ranya,1-Jan,5:44,7:11,12:11,14:42,17:07,18:28
Ranya,2-Jan,5:44,7:11,12:11,14:42,17:07,18:28
Ranya,3-Jan,5:44,7:11,12:12,14:43,17:08,18:29
Ranya,4-Jan,5:44,7:11,12:12,14:44,17:09,18:30
Ranya,5-Jan,5:45,7:11,12:13,14:45,17:09,18:30
Ranya,6-Jan,5:45,7:11,12:13,14:45,17:10,18:31
Ranya,7-Jan,5:45,7:11,12:13,14:46,17:11,18:32
Ranya,8-Jan,5:45,7:11,12:14,14:47,17:12,18:33
Ranya,9-Jan,5:46,7:11,12:14,14:48,17:13,18:34
Ranya,10-Jan,5:46,7:11,12:15,14:49,17:14,18:34
Ranya,11-Jan,5:46,7:11,12:15,14:50,17:15,18:35
Ranya,12-Jan,5:46,7:11,12:15,14:50,17:16,18:36
Ranya,13-Jan,5:46,7:11,12:16,14:51,17:17,18:37
Ranya,14-Jan,5:46,7:10,12:17,14:52,17:18,18:37
Ranya,15-Jan,5:46,7:10,12:17,14:53,17:19,18:38
Ranya,16-Jan,5:46,7:10,12:17,14:54,17:20,18:39
Ranya,17-Jan,5:45,7:09,12:18,14:55,17:21,18:40
Ranya,18-Jan,5:45,7:09,12:18,14:56,17:22,18:41
Ranya,19-Jan,5:45,7:09,12:18,14:57,17:23,18:42
Ranya,20-Jan,5:45,7:08,12:18,14:58,17:24,18:42
Ranya,21-Jan,5:45,7:08,12:19,14:58,17:25,18:43
Ranya,22-Jan,5:45,7:08,12:19,14:59,17:26,18:44
Ranya,23-Jan,5:44,7:07,12:19,15:00,17:27,18:45
Ranya,24-Jan,5:44,7:07,12:19,15:01,17:28,18:46
Ranya,25-Jan,5:43,7:06,12:20,15:02,17:29,18:47
Ranya,26-Jan,5:43,7:06,12:20,15:03,17:30,18:48
Ranya,27-Jan,5:43,7:05,12:20,15:04,17:31,18:48
Ranya,28-Jan,5:42,7:04,12:20,15:05,17:32,18:49
Ranya,29-Jan,5:42,7:04,12:20,15:06,17:33,18:50
Ranya,30-Jan,5:41,7:03,12:21,15:06,17:34,18:51
Ranya,31-Jan,5:40,7:02,12:21,15:07,17:35,18:52
Ranya,1-Feb,5:40,7:02,12:21,15:08,17:36,18:53
Ranya,2-Feb,5:39,7:01,12:21,15:09,17:37,18:54
Ranya,3-Feb,5:38,7:00,12:21,15:10,17:38,18:55
Ranya,4-Feb,5:37,6:59,12:21,15:11,17:39,18:56
Ranya,5-Feb,5:36,6:58,12:21,15:11,17:40,18:57
Ranya,6-Feb,5:36,6:58,12:21,15:12,17:41,18:58
Ranya,7-Feb,5:35,6:57,12:21,15:13,17:42,18:59
Ranya,8-Feb,5:34,6:56,12:21,15:14,17:43,19:00
Ranya,9-Feb,5:33,6:55,12:21,15:15,17:44,19:01
Ranya,10-Feb,5:32,6:54,12:21,15:16,17:45,19:02
Ranya,11-Feb,5:31,6:53,12:21,15:16,17:46,19:03
Ranya,12-Feb,5:30,6:52,12:21,15:17,17:47,19:04
Ranya,13-Feb,5:29,6:51,12:21,15:18,17:48,19:05
Ranya,14-Feb,5:28,6:50,12:21,15:19,17:49,19:06
Ranya,15-Feb,5:27,6:49,12:21,15:19,17:50,19:07
Ranya,16-Feb,5:26,6:48,12:21,15:20,17:51,19:08
Ranya,17-Feb,5:24,6:46,12:21,15:21,17:52,19:09
Ranya,18-Feb,5:23,6:45,12:21,15:21,17:53,19:10
Ranya,19-Feb,5:22,6:44,12:21,15:22,17:54,19:11
Ranya,20-Feb,5:21,6:43,12:21,15:23,17:55,19:12
Ranya,21-Feb,5:20,6:42,12:21,15:24,17:56,19:13
Ranya,22-Feb,5:19,6:41,12:20,15:24,17:57,19:14
Ranya,23-Feb,5:17,6:39,12:20,15:25,17:58,19:15
Ranya,24-Feb,5:16,6:38,12:20,15:25,17:59,19:16
Ranya,25-Feb,5:14,6:37,12:20,15:26,18:00,19:17
Ranya,26-Feb,5:13,6:36,12:20,15:27,18:01,19:18
Ranya,27-Feb,5:12,6:35,12:20,15:27,18:02,19:19
Ranya,28-Feb,5:11,6:33,12:20,15:28,18:03,19:20
Ranya,1-Mar,5:09,6:31,12:20,15:28,18:04,19:20
Ranya,2-Mar,5:07,6:29,12:19,15:29,18:05,19:21
Ranya,3-Mar,5:06,6:28,12:19,15:29,18:06,19:22
Ranya,4-Mar,5:05,6:27,12:19,15:30,18:07,19:23
Ranya,5-Mar,5:04,6:26,12:19,15:30,18:08,19:24
Ranya,6-Mar,5:02,6:24,12:18,15:31,18:09,19:25
Ranya,7-Mar,5:01,6:23,12:18,15:31,18:10,19:26
Ranya,8-Mar,5:00,6:22,12:18,15:32,18:11,19:27
Ranya,9-Mar,4:59,6:21,12:18,15:32,18:12,19:28
Ranya,10-Mar,4:57,6:19,12:17,15:33,18:12,19:28
Ranya,11-Mar,4:56,6:17,12:17,15:33,18:13,19:29
Ranya,12-Mar,4:55,6:16,12:17,15:34,18:14,19:30
Ranya,13-Mar,4:54,6:15,12:17,15:35,18:15,19:30
Ranya,14-Mar,4:52,6:13,12:16,15:35,18:16,19:31
Ranya,15-Mar,4:51,6:12,12:16,15:35,18:17,19:32
Ranya,16-Mar,4:49,6:10,12:16,15:35,18:17,19:32
Ranya,17-Mar,4:48,6:09,12:16,15:36,18:18,19:33
Ranya,18-Mar,4:46,6:07,12:15,15:36,18:19,19:34
Ranya,19-Mar,4:45,6:06,12:15,15:36,18:20,19:35
Ranya,20-Mar,4:44,6:05,12:15,15:37,18:21,19:36
Ranya,21-Mar,4:42,6:03,12:14,15:37,18:22,19:37
Ranya,22-Mar,4:41,6:02,12:14,15:37,18:22,19:37
Ranya,23-Mar,4:40,6:00,12:14,15:38,18:23,19:37
Ranya,24-Mar,4:39,5:59,12:13,15:38,18:24,19:38
Ranya,25-Mar,4:37,5:57,12:13,15:38,18:25,19:39
Ranya,26-Mar,4:36,5:56,12:13,15:38,18:26,19:40
Ranya,27-Mar,4:35,5:55,12:12,15:39,18:26,19:40
Ranya,28-Mar,4:33,5:53,12:12,15:39,18:27,19:41
Ranya,29-Mar,4:32,5:52,12:12,15:39,18:28,19:42
Ranya,30-Mar,4:30,5:50,12:12,15:39,18:29,19:43
Ranya,31-Mar,4:29,5:49,12:11,15:40,18:30,19:44
Ranya,1-Apr,4:27,5:47,12:11,15:40,18:31,19:45
Ranya,2-Apr,4:26,5:46,12:11,15:40,18:31,19:45
Ranya,3-Apr,4:25,5:45,12:11,15:40,18:32,19:46
Ranya,4-Apr,4:23,5:43,12:10,15:40,18:33,19:47
Ranya,5-Apr,4:22,5:42,12:10,15:41,18:34,19:48
Ranya,6-Apr,4:20,5:40,12:10,15:41,18:35,19:49
Ranya,7-Apr,4:19,5:39,12:09,15:41,18:35,19:49
Ranya,8-Apr,4:18,5:38,12:09,15:41,18:36,19:50
Ranya,9-Apr,4:16,5:36,12:09,15:41,18:37,19:51
Ranya,10-Apr,4:15,5:35,12:08,15:41,18:38,19:52
Ranya,11-Apr,4:13,5:34,12:08,15:42,18:39,19:53
Ranya,12-Apr,4:11,5:32,12:08,15:42,18:39,19:54
Ranya,13-Apr,4:10,5:31,12:08,15:42,18:40,19:55
Ranya,14-Apr,4:09,5:30,12:07,15:42,18:41,19:56
Ranya,15-Apr,4:07,5:28,12:07,15:42,18:42,19:57
Ranya,16-Apr,4:06,5:27,12:07,15:42,18:43,19:58
Ranya,17-Apr,4:05,5:26,12:07,15:43,18:44,19:59
Ranya,18-Apr,4:03,5:24,12:07,15:43,18:44,20:00
Ranya,19-Apr,4:02,5:23,12:06,15:43,18:45,20:01
Ranya,20-Apr,4:00,5:22,12:06,15:43,18:46,20:02
Ranya,21-Apr,3:59,5:21,12:06,15:43,18:47,20:03
Ranya,22-Apr,3:57,5:19,12:06,15:43,18:48,20:04
Ranya,23-Apr,3:56,5:18,12:06,15:43,18:49,20:05
Ranya,24-Apr,3:55,5:17,12:05,15:43,18:50,20:06
Ranya,25-Apr,3:54,5:16,12:05,15:44,18:50,20:06
Ranya,26-Apr,3:53,5:15,12:05,15:44,18:51,20:07
Ranya,27-Apr,3:52,5:14,12:05,15:44,18:52,20:08
Ranya,28-Apr,3:51,5:13,12:05,15:44,18:53,20:09
Ranya,29-Apr,3:49,5:11,12:05,15:44,18:54,20:10
Ranya,30-Apr,3:48,5:10,12:04,15:44,18:55,20:11
Ranya,1-May,3:47,5:09,12:04,15:44,18:56,20:12
Ranya,2-May,3:45,5:08,12:04,15:44,18:56,20:13
Ranya,3-May,3:44,5:07,12:04,15:44,18:57,20:14
Ranya,4-May,3:43,5:06,12:04,15:44,18:58,20:15
Ranya,5-May,3:42,5:05,12:04,15:45,18:59,20:16
Ranya,6-May,3:41,5:04,12:04,15:45,19:00,20:17
Ranya,7-May,3:40,5:03,12:04,15:45,19:00,20:17
Ranya,8-May,3:39,5:02,12:04,15:45,19:01,20:18
Ranya,9-May,3:38,5:01,12:04,15:45,19:02,20:19
Ranya,10-May,3:37,5:00,12:04,15:45,19:03,20:20
Ranya,11-May,3:36,5:00,12:04,15:45,19:04,20:21
Ranya,12-May,3:35,4:59,12:04,15:45,19:05,20:22
Ranya,13-May,3:34,4:58,12:04,15:46,19:05,20:23
Ranya,14-May,3:33,4:57,12:04,15:46,19:06,20:24
Ranya,15-May,3:32,4:56,12:04,15:46,19:07,20:25
Ranya,16-May,3:31,4:55,12:04,15:46,19:08,20:26
Ranya,17-May,3:31,4:55,12:04,15:46,19:08,20:26
Ranya,18-May,3:30,4:54,12:04,15:46,19:09,20:27
Ranya,19-May,3:29,4:53,12:04,15:46,19:10,20:28
Ranya,20-May,3:28,4:53,12:04,15:47,19:11,20:29
Ranya,21-May,3:27,4:52,12:04,15:47,19:12,20:30
Ranya,22-May,3:26,4:51,12:04,15:47,19:12,20:31
Ranya,23-May,3:26,4:51,12:04,15:47,19:13,20:32
Ranya,24-May,3:25,4:50,12:04,15:47,19:14,20:33
Ranya,25-May,3:25,4:50,12:04,15:47,19:14,20:33
Ranya,26-May,3:24,4:49,12:04,15:47,19:15,20:34
Ranya,27-May,3:23,4:49,12:05,15:48,19:16,20:35
Ranya,28-May,3:22,4:48,12:05,15:48,19:17,20:36
Ranya,29-May,3:22,4:48,12:05,15:48,19:17,20:37
Ranya,30-May,3:22,4:48,12:05,15:48,19:18,20:38
Ranya,31-May,3:21,4:47,12:05,15:48,19:19,20:39
Ranya,1-Jun,3:21,4:47,12:05,15:49,19:19,20:39
Ranya,2-Jun,3:21,4:47,12:05,15:49,19:20,20:40
Ranya,3-Jun,3:20,4:46,12:06,15:49,19:20,20:40
Ranya,4-Jun,3:20,4:46,12:06,15:49,19:21,20:41
Ranya,5-Jun,3:20,4:46,12:06,15:49,19:22,20:42
Ranya,6-Jun,3:20,4:46,12:06,15:50,19:22,20:42
Ranya,7-Jun,3:20,4:46,12:06,15:50,19:23,20:43
Ranya,8-Jun,3:19,4:45,12:06,15:50,19:23,20:43
Ranya,9-Jun,3:19,4:45,12:07,15:50,19:24,20:44
Ranya,10-Jun,3:19,4:45,12:07,15:50,19:24,20:44
Ranya,11-Jun,3:19,4:45,12:07,15:51,19:25,20:45
Ranya,12-Jun,3:19,4:45,12:07,15:51,19:25,20:45
Ranya,13-Jun,3:19,4:45,12:07,15:51,19:25,20:45
Ranya,14-Jun,3:19,4:45,12:08,15:51,19:26,20:46
Ranya,15-Jun,3:19,4:45,12:08,15:51,19:26,20:46
Ranya,16-Jun,3:19,4:45,12:08,15:52,19:26,20:46
Ranya,17-Jun,3:19,4:45,12:08,15:52,19:27,20:47
Ranya,18-Jun,3:19,4:46,12:09,15:52,19:27,20:47
Ranya,19-Jun,3:19,4:46,12:09,15:52,19:27,20:47
Ranya,20-Jun,3:19,4:46,12:09,15:53,19:28,20:48
Ranya,21-Jun,3:19,4:46,12:09,15:53,19:28,20:48
Ranya,22-Jun,3:19,4:46,12:09,15:53,19:28,20:48
Ranya,23-Jun,3:20,4:47,12:10,15:53,19:28,20:48
Ranya,24-Jun,3:20,4:47,12:10,15:53,19:28,20:48
Ranya,25-Jun,3:21,4:47,12:10,15:54,19:28,20:48
Ranya,26-Jun,3:22,4:48,12:10,15:54,19:28,20:47
Ranya,27-Jun,3:22,4:48,12:10,15:54,19:28,20:47
Ranya,28-Jun,3:22,4:48,12:11,15:54,19:28,20:47
Ranya,29-Jun,3:23,4:49,12:11,15:55,19:28,20:47
Ranya,30-Jun,3:23,4:49,12:11,15:55,19:28,20:47
Ranya,1-Jul,3:23,4:49,12:11,15:55,19:28,20:47
Ranya,2-Jul,3:24,4:50,12:11,15:55,19:28,20:47
Ranya,3-Jul,3:24,4:50,12:12,15:55,19:28,20:47
Ranya,4-Jul,3:25,4:51,12:12,15:55,19:28,20:47
Ranya,5-Jul,3:25,4:51,12:12,15:55,19:28,20:47
Ranya,6-Jul,3:26,4:52,12:12,15:56,19:28,20:47
Ranya,7-Jul,3:26,4:52,12:12,15:56,19:27,20:46
Ranya,8-Jul,3:27,4:53,12:12,15:56,19:27,20:46
Ranya,9-Jul,3:27,4:53,12:13,15:56,19:27,20:46
Ranya,10-Jul,3:28,4:54,12:13,15:56,19:26,20:45
Ranya,11-Jul,3:28,4:54,12:13,15:56,19:26,20:45
Ranya,12-Jul,3:29,4:55,12:13,15:56,19:26,20:45
Ranya,13-Jul,3:30,4:56,12:13,15:56,19:25,20:44
Ranya,14-Jul,3:30,4:56,12:13,15:56,19:25,20:44
Ranya,15-Jul,3:31,4:57,12:13,15:57,19:24,20:43
Ranya,16-Jul,3:32,4:58,12:13,15:57,19:24,20:43
Ranya,17-Jul,3:33,4:59,12:13,15:57,19:23,20:42
Ranya,18-Jul,3:34,4:59,12:14,15:57,19:23,20:42
Ranya,19-Jul,3:35,5:00,12:14,15:57,19:22,20:41
Ranya,20-Jul,3:35,5:01,12:14,15:57,19:22,20:41
Ranya,21-Jul,3:36,5:01,12:14,15:56,19:21,20:40
Ranya,22-Jul,3:37,5:02,12:14,15:56,19:20,20:39
Ranya,23-Jul,3:38,5:03,12:14,15:56,19:20,20:38
Ranya,24-Jul,3:39,5:04,12:14,15:56,19:19,20:37
Ranya,25-Jul,3:40,5:04,12:14,15:56,19:18,20:36
Ranya,26-Jul,3:41,5:05,12:14,15:56,19:18,20:36
Ranya,27-Jul,3:42,5:06,12:14,15:56,19:17,20:35
Ranya,28-Jul,3:43,5:07,12:14,15:56,19:16,20:34
Ranya,29-Jul,3:43,5:07,12:14,15:56,19:15,20:33
Ranya,30-Jul,3:44,5:08,12:14,15:55,19:14,20:32
Ranya,31-Jul,3:45,5:09,12:14,15:55,19:13,20:31
Ranya,1-Aug,3:46,5:10,12:14,15:55,19:12,20:30
Ranya,2-Aug,3:46,5:10,12:14,15:55,19:11,20:29
Ranya,3-Aug,3:47,5:11,12:14,15:55,19:11,20:29
Ranya,4-Aug,3:48,5:12,12:14,15:54,19:10,20:28
Ranya,5-Aug,3:49,5:13,12:13,15:54,19:09,20:27
Ranya,6-Aug,3:50,5:14,12:13,15:53,19:08,20:26
Ranya,7-Aug,3:51,5:14,12:13,15:53,19:07,20:25
Ranya,8-Aug,3:52,5:15,12:13,15:53,19:06,20:24
Ranya,9-Aug,3:53,5:16,12:13,15:53,19:05,20:23
Ranya,10-Aug,3:54,5:17,12:13,15:52,19:03,20:21
Ranya,11-Aug,3:55,5:17,12:13,15:51,19:02,20:20
Ranya,12-Aug,3:56,5:18,12:12,15:51,19:01,20:19
Ranya,13-Aug,3:57,5:19,12:12,15:51,19:00,20:17
Ranya,14-Aug,3:58,5:20,12:12,15:50,18:59,20:16
Ranya,15-Aug,3:59,5:21,12:12,15:50,18:58,20:15
Ranya,16-Aug,3:59,5:21,12:12,15:49,18:57,20:14
Ranya,17-Aug,4:00,5:22,12:12,15:49,18:55,20:12
Ranya,18-Aug,4:01,5:23,12:11,15:48,18:54,20:11
Ranya,19-Aug,4:02,5:24,12:11,15:48,18:53,20:10
Ranya,20-Aug,4:02,5:24,12:11,15:47,18:52,20:09
Ranya,21-Aug,4:03,5:25,12:11,15:47,18:50,20:07
Ranya,22-Aug,4:04,5:26,12:10,15:46,18:49,20:06
Ranya,23-Aug,4:05,5:27,12:10,15:46,18:48,20:05
Ranya,24-Aug,4:05,5:27,12:10,15:45,18:47,20:04
Ranya,25-Aug,4:06,5:28,12:10,15:44,18:45,20:02
Ranya,26-Aug,4:07,5:29,12:09,15:44,18:44,20:01
Ranya,27-Aug,4:08,5:30,12:09,15:43,18:43,20:00
Ranya,28-Aug,4:09,5:31,12:09,15:43,18:41,19:58
Ranya,29-Aug,4:09,5:31,12:08,15:42,18:40,19:57
Ranya,30-Aug,4:10,5:32,12:08,15:41,18:39,19:56
Ranya,31-Aug,4:11,5:33,12:08,15:41,18:37,19:54
Ranya,1-Sep,4:12,5:34,12:07,15:40,18:36,19:53
Ranya,2-Sep,4:12,5:34,12:07,15:39,18:34,19:51
Ranya,3-Sep,4:13,5:35,12:07,15:39,18:33,19:50
Ranya,4-Sep,4:14,5:36,12:06,15:38,18:31,19:48
Ranya,5-Sep,4:15,5:37,12:06,15:37,18:30,19:47
Ranya,6-Sep,4:15,5:37,12:06,15:36,18:29,19:46
Ranya,7-Sep,4:16,5:38,12:05,15:36,18:27,19:44
Ranya,8-Sep,4:17,5:39,12:05,15:35,18:26,19:43
Ranya,9-Sep,4:18,5:40,12:05,15:34,18:24,19:41
Ranya,10-Sep,4:19,5:40,12:04,15:33,18:23,19:39
Ranya,11-Sep,4:20,5:41,12:04,15:32,18:21,19:37
Ranya,12-Sep,4:21,5:42,12:04,15:31,18:20,19:36
Ranya,13-Sep,4:22,5:43,12:03,15:30,18:19,19:35
Ranya,14-Sep,4:22,5:43,12:03,15:30,18:17,19:33
Ranya,15-Sep,4:23,5:44,12:03,15:29,18:16,19:32
Ranya,16-Sep,4:24,5:45,12:02,15:28,18:14,19:30
Ranya,17-Sep,4:25,5:46,12:02,15:27,18:13,19:29
Ranya,18-Sep,4:25,5:46,12:02,15:26,18:11,19:27
Ranya,19-Sep,4:26,5:47,12:01,15:25,18:10,19:26
Ranya,20-Sep,4:27,5:48,12:01,15:24,18:09,19:24
Ranya,21-Sep,4:28,5:49,12:00,15:23,18:07,19:22
Ranya,22-Sep,4:29,5:49,12:00,15:22,18:05,19:20
Ranya,23-Sep,4:30,5:50,12:00,15:21,18:04,19:19
Ranya,24-Sep,4:31,5:51,11:59,15:20,18:03,19:18
Ranya,25-Sep,4:32,5:52,11:59,15:19,18:01,19:16
Ranya,26-Sep,4:32,5:52,11:59,15:18,17:59,19:14
Ranya,27-Sep,4:33,5:53,11:58,15:17,17:58,19:13
Ranya,28-Sep,4:34,5:54,11:58,15:16,17:57,19:11
Ranya,29-Sep,4:35,5:55,11:58,15:15,17:55,19:09
Ranya,30-Sep,4:36,5:56,11:57,15:14,17:54,19:08
Ranya,1-Oct,4:36,5:56,11:57,15:13,17:53,19:07
Ranya,2-Oct,4:37,5:57,11:57,15:12,17:52,19:06
Ranya,3-Oct,4:37,5:58,11:56,15:11,17:50,19:04
Ranya,4-Oct,4:38,5:59,11:56,15:10,17:49,19:03
Ranya,5-Oct,4:39,6:00,11:56,15:09,17:48,19:02
Ranya,6-Oct,4:40,6:00,11:56,15:08,17:46,19:00
Ranya,7-Oct,4:41,6:01,11:55,15:07,17:45,18:59
Ranya,8-Oct,4:42,6:02,11:55,15:06,17:43,18:57
Ranya,9-Oct,4:43,6:03,11:55,15:05,17:42,18:56
Ranya,10-Oct,4:44,6:04,11:54,15:04,17:41,18:55
Ranya,11-Oct,4:44,6:04,11:54,15:03,17:39,18:53
Ranya,12-Oct,4:45,6:05,11:54,15:02,17:38,18:52
Ranya,13-Oct,4:46,6:06,11:54,15:01,17:37,18:51
Ranya,14-Oct,4:47,6:07,11:53,15:00,17:35,18:49
Ranya,15-Oct,4:47,6:08,11:53,14:59,17:34,18:48
Ranya,16-Oct,4:48,6:09,11:53,14:58,17:33,18:47
Ranya,17-Oct,4:49,6:10,11:53,14:57,17:32,18:46
Ranya,18-Oct,4:49,6:10,11:53,14:56,17:30,18:45
Ranya,19-Oct,4:50,6:11,11:52,14:55,17:29,18:44
Ranya,20-Oct,4:51,6:12,11:52,14:55,17:28,18:43
Ranya,21-Oct,4:52,6:13,11:52,14:54,17:27,18:42
Ranya,22-Oct,4:53,6:14,11:52,14:53,17:25,18:40
Ranya,23-Oct,4:54,6:15,11:52,14:52,17:24,18:39
Ranya,24-Oct,4:55,6:16,11:52,14:51,17:23,18:38
Ranya,25-Oct,4:55,6:17,11:52,14:50,17:22,18:38
Ranya,26-Oct,4:56,6:18,11:51,14:49,17:21,18:37
Ranya,27-Oct,4:57,6:19,11:51,14:48,17:20,18:36
Ranya,28-Oct,4:58,6:20,11:51,14:47,17:19,18:35
Ranya,29-Oct,4:58,6:20,11:51,14:47,17:18,18:34
Ranya,30-Oct,4:59,6:21,11:51,14:46,17:17,18:33
Ranya,31-Oct,5:00,6:22,11:51,14:45,17:16,18:32
Ranya,1-Nov,5:01,6:23,11:51,14:44,17:15,18:31
Ranya,2-Nov,5:02,6:24,11:51,14:44,17:14,18:30
Ranya,3-Nov,5:03,6:25,11:51,14:43,17:13,18:29
Ranya,4-Nov,5:04,6:26,11:51,14:42,17:12,18:29
Ranya,5-Nov,5:05,6:27,11:51,14:41,17:11,18:28
Ranya,6-Nov,5:06,6:28,11:51,14:41,17:10,18:27
Ranya,7-Nov,5:07,6:29,11:51,14:40,17:09,18:26
Ranya,8-Nov,5:08,6:30,11:51,14:40,17:08,18:25
Ranya,9-Nov,5:09,6:31,11:51,14:39,17:07,18:24
Ranya,10-Nov,5:10,6:32,11:51,14:38,17:07,18:24
Ranya,11-Nov,5:11,6:33,11:51,14:38,17:06,18:23
Ranya,12-Nov,5:12,6:34,11:51,14:37,17:05,18:22
Ranya,13-Nov,5:13,6:35,11:52,14:36,17:05,18:22
Ranya,14-Nov,5:14,6:36,11:52,14:36,17:04,18:21
Ranya,15-Nov,5:15,6:37,11:52,14:35,17:03,18:20
Ranya,16-Nov,5:16,6:38,11:52,14:35,17:03,18:20
Ranya,17-Nov,5:17,6:39,11:53,14:34,17:02,18:19
Ranya,18-Nov,5:18,6:40,11:53,14:34,17:01,18:18
Ranya,19-Nov,5:19,6:41,11:53,14:33,17:01,18:18
Ranya,20-Nov,5:20,6:42,11:53,14:33,17:00,18:17
Ranya,21-Nov,5:21,6:43,11:53,14:33,17:00,18:17
Ranya,22-Nov,5:22,6:44,11:54,14:32,16:59,18:17
Ranya,23-Nov,5:22,6:45,11:54,14:32,16:59,18:17
Ranya,24-Nov,5:23,6:46,11:54,14:32,16:59,18:17
Ranya,25-Nov,5:24,6:47,11:55,14:32,16:58,18:16
Ranya,26-Nov,5:25,6:48,11:55,14:31,16:58,18:16
Ranya,27-Nov,5:26,6:49,11:55,14:31,16:58,18:16
Ranya,28-Nov,5:27,6:50,11:55,14:31,16:58,18:16
Ranya,29-Nov,5:27,6:51,11:56,14:31,16:57,18:16
Ranya,30-Nov,5:28,6:52,11:56,14:31,16:57,18:16
Ranya,1-Dec,5:28,6:52,11:57,14:31,16:57,18:16
Ranya,2-Dec,5:29,6:53,11:57,14:31,16:57,18:16
Ranya,3-Dec,5:29,6:54,11:57,14:31,16:57,18:17
Ranya,4-Dec,5:30,6:55,11:58,14:31,16:57,18:17
Ranya,5-Dec,5:31,6:56,11:58,14:31,16:57,18:17
Ranya,6-Dec,5:31,6:57,11:59,14:31,16:57,18:17
Ranya,7-Dec,5:32,6:58,12:00,14:31,16:57,18:17
Ranya,8-Dec,5:32,6:58,12:00,14:31,16:57,18:17
Ranya,9-Dec,5:33,6:59,12:01,14:31,16:57,18:17
Ranya,10-Dec,5:34,7:00,12:01,14:31,16:57,18:17
Ranya,11-Dec,5:35,7:01,12:01,14:32,16:57,18:17
Ranya,12-Dec,5:35,7:01,12:01,14:32,16:57,18:17
Ranya,13-Dec,5:36,7:02,12:02,14:32,16:58,18:18
Ranya,14-Dec,5:37,7:03,12:02,14:33,16:58,18:18
Ranya,15-Dec,5:37,7:03,12:03,14:33,16:58,18:18
Ranya,16-Dec,5:38,7:04,12:03,14:33,16:59,18:19
Ranya,17-Dec,5:39,7:05,12:04,14:34,16:59,18:19
Ranya,18-Dec,5:39,7:05,12:04,14:34,16:59,18:19
Ranya,19-Dec,5:40,7:06,12:05,14:35,17:00,18:20
Ranya,20-Dec,5:40,7:06,12:05,14:35,17:00,18:21
Ranya,21-Dec,5:41,7:07,12:06,14:36,17:01,18:22
Ranya,22-Dec,5:41,7:07,12:06,14:36,17:01,18:22
Ranya,23-Dec,5:42,7:08,12:07,14:36,17:02,18:23
Ranya,24-Dec,5:42,7:08,12:07,14:37,17:02,18:23
Ranya,25-Dec,5:43,7:09,12:08,14:37,17:03,18:24
Ranya,26-Dec,5:43,7:09,12:08,14:38,17:03,18:24
Ranya,27-Dec,5:43,7:09,12:09,14:39,17:04,18:25
Ranya,28-Dec,5:44,7:10,12:09,14:39,17:04,18:25
Ranya,29-Dec,5:44,7:10,12:10,14:40,17:05,18:26
Ranya,30-Dec,5:44,7:10,12:10,14:41,17:05,18:26
Ranya,31-Dec,5:44,7:11,12:11,14:41,17:06,18:27
Darbandikhan,1-Jan,5:40,7:07,12:07,14:38,17:03,18:24
Darbandikhan,2-Jan,5:40,7:07,12:07,14:38,17:03,18:24
Darbandikhan,3-Jan,5:40,7:07,12:08,14:39,17:04,18:25
Darbandikhan,4-Jan,5:40,7:07,12:08,14:40,17:05,18:26
Darbandikhan,5-Jan,5:41,7:07,12:09,14:41,17:05,18:26
Darbandikhan,6-Jan,5:41,7:07,12:09,14:41,17:06,18:27
Darbandikhan,7-Jan,5:41,7:07,12:09,14:42,17:07,18:28
Darbandikhan,8-Jan,5:41,7:07,12:10,14:43,17:08,18:29
Darbandikhan,9-Jan,5:42,7:07,12:10,14:44,17:09,18:30
Darbandikhan,10-Jan,5:42,7:07,12:11,14:45,17:10,18:30
Darbandikhan,11-Jan,5:42,7:07,12:11,14:46,17:11,18:31
Darbandikhan,12-Jan,5:42,7:07,12:11,14:46,17:12,18:32
Darbandikhan,13-Jan,5:42,7:07,12:12,14:47,17:13,18:33
Darbandikhan,14-Jan,5:42,7:06,12:13,14:48,17:14,18:33
Darbandikhan,15-Jan,5:42,7:06,12:13,14:49,17:15,18:34
Darbandikhan,16-Jan,5:42,7:06,12:13,14:50,17:16,18:35
Darbandikhan,17-Jan,5:41,7:05,12:14,14:51,17:17,18:36
Darbandikhan,18-Jan,5:41,7:05,12:14,14:52,17:18,18:37
Darbandikhan,19-Jan,5:41,7:05,12:14,14:53,17:19,18:38
Darbandikhan,20-Jan,5:41,7:04,12:14,14:54,17:20,18:38
Darbandikhan,21-Jan,5:41,7:04,12:15,14:54,17:21,18:39
Darbandikhan,22-Jan,5:41,7:04,12:15,14:55,17:22,18:40
Darbandikhan,23-Jan,5:40,7:03,12:15,14:56,17:23,18:41
Darbandikhan,24-Jan,5:40,7:03,12:15,14:57,17:24,18:42
Darbandikhan,25-Jan,5:39,7:02,12:16,14:58,17:25,18:43
Darbandikhan,26-Jan,5:39,7:02,12:16,14:59,17:26,18:44
Darbandikhan,27-Jan,5:39,7:01,12:16,15:00,17:27,18:44
Darbandikhan,28-Jan,5:38,7:00,12:16,15:01,17:28,18:45
Darbandikhan,29-Jan,5:38,7:00,12:16,15:02,17:29,18:46
Darbandikhan,30-Jan,5:37,6:59,12:17,15:02,17:30,18:47
Darbandikhan,31-Jan,5:36,6:58,12:17,15:03,17:31,18:48
Darbandikhan,1-Feb,5:36,6:58,12:17,15:04,17:32,18:49
Darbandikhan,2-Feb,5:35,6:57,12:17,15:05,17:33,18:50
Darbandikhan,3-Feb,5:34,6:56,12:17,15:06,17:34,18:51
Darbandikhan,4-Feb,5:33,6:55,12:17,15:07,17:35,18:52
Darbandikhan,5-Feb,5:32,6:54,12:17,15:07,17:36,18:53
Darbandikhan,6-Feb,5:32,6:54,12:17,15:08,17:37,18:54
Darbandikhan,7-Feb,5:31,6:53,12:17,15:09,17:38,18:55
Darbandikhan,8-Feb,5:30,6:52,12:17,15:10,17:39,18:56
Darbandikhan,9-Feb,5:29,6:51,12:17,15:11,17:40,18:57
Darbandikhan,10-Feb,5:28,6:50,12:17,15:12,17:41,18:58
Darbandikhan,11-Feb,5:27,6:49,12:17,15:12,17:42,18:59
Darbandikhan,12-Feb,5:26,6:48,12:17,15:13,17:43,19:00
Darbandikhan,13-Feb,5:25,6:47,12:17,15:14,17:44,19:01
Darbandikhan,14-Feb,5:24,6:46,12:17,15:15,17:45,19:02
Darbandikhan,15-Feb,5:23,6:45,12:17,15:15,17:46,19:03
Darbandikhan,16-Feb,5:22,6:44,12:17,15:16,17:47,19:04
Darbandikhan,17-Feb,5:20,6:42,12:17,15:17,17:48,19:05
Darbandikhan,18-Feb,5:19,6:41,12:17,15:17,17:49,19:06
Darbandikhan,19-Feb,5:18,6:40,12:17,15:18,17:50,19:07
Darbandikhan,20-Feb,5:17,6:39,12:17,15:19,17:51,19:08
Darbandikhan,21-Feb,5:16,6:38,12:17,15:20,17:52,19:09
Darbandikhan,22-Feb,5:15,6:37,12:16,15:20,17:53,19:10
Darbandikhan,23-Feb,5:13,6:35,12:16,15:21,17:54,19:11
Darbandikhan,24-Feb,5:12,6:34,12:16,15:21,17:55,19:12
Darbandikhan,25-Feb,5:10,6:33,12:16,15:22,17:56,19:13
Darbandikhan,26-Feb,5:09,6:32,12:16,15:23,17:57,19:14
Darbandikhan,27-Feb,5:08,6:31,12:16,15:23,17:58,19:15
Darbandikhan,28-Feb,5:07,6:29,12:16,15:24,17:59,19:16
Darbandikhan,1-Mar,5:05,6:27,12:16,15:24,18:00,19:16
Darbandikhan,2-Mar,5:03,6:25,12:15,15:25,18:01,19:17
Darbandikhan,3-Mar,5:02,6:24,12:15,15:25,18:02,19:18
Darbandikhan,4-Mar,5:01,6:23,12:15,15:26,18:03,19:19
Darbandikhan,5-Mar,5:00,6:22,12:15,15:26,18:04,19:20
Darbandikhan,6-Mar,4:58,6:20,12:14,15:27,18:05,19:21
Darbandikhan,7-Mar,4:57,6:19,12:14,15:27,18:06,19:22
Darbandikhan,8-Mar,4:56,6:18,12:14,15:28,18:07,19:23
Darbandikhan,9-Mar,4:55,6:17,12:14,15:28,18:08,19:24
Darbandikhan,10-Mar,4:53,6:15,12:13,15:29,18:08,19:24
Darbandikhan,11-Mar,4:52,6:13,12:13,15:29,18:09,19:25
Darbandikhan,12-Mar,4:51,6:12,12:13,15:30,18:10,19:26
Darbandikhan,13-Mar,4:50,6:11,12:13,15:31,18:11,19:26
Darbandikhan,14-Mar,4:48,6:09,12:12,15:31,18:12,19:27
Darbandikhan,15-Mar,4:47,6:08,12:12,15:31,18:13,19:28
Darbandikhan,16-Mar,4:45,6:06,12:12,15:31,18:13,19:28
Darbandikhan,17-Mar,4:44,6:05,12:12,15:32,18:14,19:29
Darbandikhan,18-Mar,4:42,6:03,12:11,15:32,18:15,19:30
Darbandikhan,19-Mar,4:41,6:02,12:11,15:32,18:16,19:31
Darbandikhan,20-Mar,4:40,6:01,12:11,15:33,18:17,19:32
Darbandikhan,21-Mar,4:38,5:59,12:10,15:33,18:18,19:33
Darbandikhan,22-Mar,4:37,5:58,12:10,15:33,18:18,19:33
Darbandikhan,23-Mar,4:36,5:56,12:10,15:34,18:19,19:33
Darbandikhan,24-Mar,4:35,5:55,12:09,15:34,18:20,19:34
Darbandikhan,25-Mar,4:33,5:53,12:09,15:34,18:21,19:35
Darbandikhan,26-Mar,4:32,5:52,12:09,15:34,18:22,19:36
Darbandikhan,27-Mar,4:31,5:51,12:08,15:35,18:22,19:36
Darbandikhan,28-Mar,4:29,5:49,12:08,15:35,18:23,19:37
Darbandikhan,29-Mar,4:28,5:48,12:08,15:35,18:24,19:38
Darbandikhan,30-Mar,4:26,5:46,12:08,15:35,18:25,19:39
Darbandikhan,31-Mar,4:25,5:45,12:07,15:36,18:26,19:40
Darbandikhan,1-Apr,4:23,5:43,12:07,15:36,18:27,19:41
Darbandikhan,2-Apr,4:22,5:42,12:07,15:36,18:27,19:41
Darbandikhan,3-Apr,4:21,5:41,12:07,15:36,18:28,19:42
Darbandikhan,4-Apr,4:19,5:39,12:06,15:36,18:29,19:43
Darbandikhan,5-Apr,4:18,5:38,12:06,15:37,18:30,19:44
Darbandikhan,6-Apr,4:16,5:36,12:06,15:37,18:31,19:45
Darbandikhan,7-Apr,4:15,5:35,12:05,15:37,18:31,19:45
Darbandikhan,8-Apr,4:14,5:34,12:05,15:37,18:32,19:46
Darbandikhan,9-Apr,4:12,5:32,12:05,15:37,18:33,19:47
Darbandikhan,10-Apr,4:11,5:31,12:04,15:37,18:34,19:48
Darbandikhan,11-Apr,4:09,5:30,12:04,15:38,18:35,19:49
Darbandikhan,12-Apr,4:07,5:28,12:04,15:38,18:35,19:50
Darbandikhan,13-Apr,4:06,5:27,12:04,15:38,18:36,19:51
Darbandikhan,14-Apr,4:05,5:26,12:03,15:38,18:37,19:52
Darbandikhan,15-Apr,4:03,5:24,12:03,15:38,18:38,19:53
Darbandikhan,16-Apr,4:02,5:23,12:03,15:38,18:39,19:54
Darbandikhan,17-Apr,4:01,5:22,12:03,15:39,18:40,19:55
Darbandikhan,18-Apr,3:59,5:20,12:03,15:39,18:40,19:56
Darbandikhan,19-Apr,3:58,5:19,12:02,15:39,18:41,19:57
Darbandikhan,20-Apr,3:56,5:18,12:02,15:39,18:42,19:58
Darbandikhan,21-Apr,3:55,5:17,12:02,15:39,18:43,19:59
Darbandikhan,22-Apr,3:53,5:15,12:02,15:39,18:44,20:00
Darbandikhan,23-Apr,3:52,5:14,12:02,15:39,18:45,20:01
Darbandikhan,24-Apr,3:51,5:13,12:01,15:39,18:46,20:02
Darbandikhan,25-Apr,3:50,5:12,12:01,15:40,18:46,20:02
Darbandikhan,26-Apr,3:49,5:11,12:01,15:40,18:47,20:03
Darbandikhan,27-Apr,3:48,5:10,12:01,15:40,18:48,20:04
Darbandikhan,28-Apr,3:47,5:09,12:01,15:40,18:49,20:05
Darbandikhan,29-Apr,3:45,5:07,12:01,15:40,18:50,20:06
Darbandikhan,30-Apr,3:44,5:06,12:00,15:40,18:51,20:07
Darbandikhan,1-May,3:43,5:05,12:00,15:40,18:52,20:08
Darbandikhan,2-May,3:41,5:04,12:00,15:40,18:52,20:09
Darbandikhan,3-May,3:40,5:03,12:00,15:40,18:53,20:10
Darbandikhan,4-May,3:39,5:02,12:00,15:40,18:54,20:11
Darbandikhan,5-May,3:38,5:01,12:00,15:41,18:55,20:12
Darbandikhan,6-May,3:37,5:00,12:00,15:41,18:56,20:13
Darbandikhan,7-May,3:36,4:59,12:00,15:41,18:56,20:13
Darbandikhan,8-May,3:35,4:58,12:00,15:41,18:57,20:14
Darbandikhan,9-May,3:34,4:57,12:00,15:41,18:58,20:15
Darbandikhan,10-May,3:33,4:56,12:00,15:41,18:59,20:16
Darbandikhan,11-May,3:32,4:56,12:00,15:41,19:00,20:17
Darbandikhan,12-May,3:31,4:55,12:00,15:41,19:01,20:18
Darbandikhan,13-May,3:30,4:54,12:00,15:42,19:01,20:19
Darbandikhan,14-May,3:29,4:53,12:00,15:42,19:02,20:20
Darbandikhan,15-May,3:28,4:52,12:00,15:42,19:03,20:21
Darbandikhan,16-May,3:27,4:51,12:00,15:42,19:04,20:22
Darbandikhan,17-May,3:27,4:51,12:00,15:42,19:04,20:22
Darbandikhan,18-May,3:26,4:50,12:00,15:42,19:05,20:23
Darbandikhan,19-May,3:25,4:49,12:00,15:42,19:06,20:24
Darbandikhan,20-May,3:24,4:49,12:00,15:43,19:07,20:25
Darbandikhan,21-May,3:23,4:48,12:00,15:43,19:08,20:26
Darbandikhan,22-May,3:22,4:47,12:00,15:43,19:08,20:27
Darbandikhan,23-May,3:22,4:47,12:00,15:43,19:09,20:28
Darbandikhan,24-May,3:21,4:46,12:00,15:43,19:10,20:29
Darbandikhan,25-May,3:21,4:46,12:00,15:43,19:10,20:29
Darbandikhan,26-May,3:20,4:45,12:00,15:43,19:11,20:30
Darbandikhan,27-May,3:19,4:45,12:01,15:44,19:12,20:31
Darbandikhan,28-May,3:18,4:44,12:01,15:44,19:13,20:32
Darbandikhan,29-May,3:18,4:44,12:01,15:44,19:13,20:33
Darbandikhan,30-May,3:18,4:44,12:01,15:44,19:14,20:34
Darbandikhan,31-May,3:17,4:43,12:01,15:44,19:15,20:35
Darbandikhan,1-Jun,3:17,4:43,12:01,15:45,19:15,20:35
Darbandikhan,2-Jun,3:17,4:43,12:01,15:45,19:16,20:36
Darbandikhan,3-Jun,3:16,4:42,12:02,15:45,19:16,20:36
Darbandikhan,4-Jun,3:16,4:42,12:02,15:45,19:17,20:37
Darbandikhan,5-Jun,3:16,4:42,12:02,15:45,19:18,20:38
Darbandikhan,6-Jun,3:16,4:42,12:02,15:46,19:18,20:38
Darbandikhan,7-Jun,3:16,4:42,12:02,15:46,19:19,20:39
Darbandikhan,8-Jun,3:15,4:41,12:02,15:46,19:19,20:39
Darbandikhan,9-Jun,3:15,4:41,12:03,15:46,19:20,20:40
Darbandikhan,10-Jun,3:15,4:41,12:03,15:46,19:20,20:40
Darbandikhan,11-Jun,3:15,4:41,12:03,15:47,19:21,20:41
Darbandikhan,12-Jun,3:15,4:41,12:03,15:47,19:21,20:41
Darbandikhan,13-Jun,3:15,4:41,12:03,15:47,19:21,20:41
Darbandikhan,14-Jun,3:15,4:41,12:04,15:47,19:22,20:42
Darbandikhan,15-Jun,3:15,4:41,12:04,15:47,19:22,20:42
Darbandikhan,16-Jun,3:15,4:41,12:04,15:48,19:22,20:42
Darbandikhan,17-Jun,3:15,4:41,12:04,15:48,19:23,20:43
Darbandikhan,18-Jun,3:15,4:42,12:05,15:48,19:23,20:43
Darbandikhan,19-Jun,3:15,4:42,12:05,15:48,19:23,20:43
Darbandikhan,20-Jun,3:15,4:42,12:05,15:49,19:24,20:44
Darbandikhan,21-Jun,3:15,4:42,12:05,15:49,19:24,20:44
Darbandikhan,22-Jun,3:15,4:42,12:05,15:49,19:24,20:44
Darbandikhan,23-Jun,3:16,4:43,12:06,15:49,19:24,20:44
Darbandikhan,24-Jun,3:16,4:43,12:06,15:49,19:24,20:44
Darbandikhan,25-Jun,3:17,4:43,12:06,15:50,19:24,20:44
Darbandikhan,26-Jun,3:18,4:44,12:06,15:50,19:24,20:43
Darbandikhan,27-Jun,3:18,4:44,12:06,15:50,19:24,20:43
Darbandikhan,28-Jun,3:18,4:44,12:07,15:50,19:24,20:43
Darbandikhan,29-Jun,3:19,4:45,12:07,15:51,19:24,20:43
Darbandikhan,30-Jun,3:19,4:45,12:07,15:51,19:24,20:43
Darbandikhan,1-Jul,3:19,4:45,12:07,15:51,19:24,20:43
Darbandikhan,2-Jul,3:20,4:46,12:07,15:51,19:24,20:43
Darbandikhan,3-Jul,3:20,4:46,12:08,15:51,19:24,20:43
Darbandikhan,4-Jul,3:21,4:47,12:08,15:51,19:24,20:43
Darbandikhan,5-Jul,3:21,4:47,12:08,15:51,19:24,20:43
Darbandikhan,6-Jul,3:22,4:48,12:08,15:52,19:24,20:43
Darbandikhan,7-Jul,3:22,4:48,12:08,15:52,19:23,20:42
Darbandikhan,8-Jul,3:23,4:49,12:08,15:52,19:23,20:42
Darbandikhan,9-Jul,3:23,4:49,12:09,15:52,19:23,20:42
Darbandikhan,10-Jul,3:24,4:50,12:09,15:52,19:22,20:41
Darbandikhan,11-Jul,3:24,4:50,12:09,15:52,19:22,20:41
Darbandikhan,12-Jul,3:25,4:51,12:09,15:52,19:22,20:41
Darbandikhan,13-Jul,3:26,4:52,12:09,15:52,19:21,20:40
Darbandikhan,14-Jul,3:26,4:52,12:09,15:52,19:21,20:40
Darbandikhan,15-Jul,3:27,4:53,12:09,15:53,19:20,20:39
Darbandikhan,16-Jul,3:28,4:54,12:09,15:53,19:20,20:39
Darbandikhan,17-Jul,3:29,4:55,12:09,15:53,19:19,20:38
Darbandikhan,18-Jul,3:30,4:55,12:10,15:53,19:19,20:38
Darbandikhan,19-Jul,3:31,4:56,12:10,15:53,19:18,20:37
Darbandikhan,20-Jul,3:31,4:57,12:10,15:53,19:18,20:37
Darbandikhan,21-Jul,3:32,4:57,12:10,15:52,19:17,20:36
Darbandikhan,22-Jul,3:33,4:58,12:10,15:52,19:16,20:35
Darbandikhan,23-Jul,3:34,4:59,12:10,15:52,19:16,20:34
Darbandikhan,24-Jul,3:35,5:00,12:10,15:52,19:15,20:33
Darbandikhan,25-Jul,3:36,5:00,12:10,15:52,19:14,20:32
Darbandikhan,26-Jul,3:37,5:01,12:10,15:52,19:14,20:32
Darbandikhan,27-Jul,3:38,5:02,12:10,15:52,19:13,20:31
Darbandikhan,28-Jul,3:39,5:03,12:10,15:52,19:12,20:30
Darbandikhan,29-Jul,3:39,5:03,12:10,15:52,19:11,20:29
Darbandikhan,30-Jul,3:40,5:04,12:10,15:51,19:10,20:28
Darbandikhan,31-Jul,3:41,5:05,12:10,15:51,19:09,20:27
Darbandikhan,1-Aug,3:42,5:06,12:10,15:51,19:08,20:26
Darbandikhan,2-Aug,3:42,5:06,12:10,15:51,19:07,20:25
Darbandikhan,3-Aug,3:43,5:07,12:10,15:51,19:07,20:25
Darbandikhan,4-Aug,3:44,5:08,12:10,15:50,19:06,20:24
Darbandikhan,5-Aug,3:45,5:09,12:09,15:50,19:05,20:23
Darbandikhan,6-Aug,3:46,5:10,12:09,15:49,19:04,20:22
Darbandikhan,7-Aug,3:47,5:10,12:09,15:49,19:03,20:21
Darbandikhan,8-Aug,3:48,5:11,12:09,15:49,19:02,20:20
Darbandikhan,9-Aug,3:49,5:12,12:09,15:49,19:01,20:19
Darbandikhan,10-Aug,3:50,5:13,12:09,15:48,18:59,20:17
Darbandikhan,11-Aug,3:51,5:13,12:09,15:47,18:58,20:16
Darbandikhan,12-Aug,3:52,5:14,12:08,15:47,18:57,20:15
Darbandikhan,13-Aug,3:53,5:15,12:08,15:47,18:56,20:13
Darbandikhan,14-Aug,3:54,5:16,12:08,15:46,18:55,20:12
Darbandikhan,15-Aug,3:55,5:17,12:08,15:46,18:54,20:11
Darbandikhan,16-Aug,3:55,5:17,12:08,15:45,18:53,20:10
Darbandikhan,17-Aug,3:56,5:18,12:08,15:45,18:51,20:08
Darbandikhan,18-Aug,3:57,5:19,12:07,15:44,18:50,20:07
Darbandikhan,19-Aug,3:58,5:20,12:07,15:44,18:49,20:06
Darbandikhan,20-Aug,3:58,5:20,12:07,15:43,18:48,20:05
Darbandikhan,21-Aug,3:59,5:21,12:07,15:43,18:46,20:03
Darbandikhan,22-Aug,4:00,5:22,12:06,15:42,18:45,20:02
Darbandikhan,23-Aug,4:01,5:23,12:06,15:42,18:44,20:01
Darbandikhan,24-Aug,4:01,5:23,12:06,15:41,18:43,20:00
Darbandikhan,25-Aug,4:02,5:24,12:06,15:40,18:41,19:58
Darbandikhan,26-Aug,4:03,5:25,12:05,15:40,18:40,19:57
Darbandikhan,27-Aug,4:04,5:26,12:05,15:39,18:39,19:56
Darbandikhan,28-Aug,4:05,5:27,12:05,15:39,18:37,19:54
Darbandikhan,29-Aug,4:05,5:27,12:04,15:38,18:36,19:53
Darbandikhan,30-Aug,4:06,5:28,12:04,15:37,18:35,19:52
Darbandikhan,31-Aug,4:07,5:29,12:04,15:37,18:33,19:50
Darbandikhan,1-Sep,4:08,5:30,12:03,15:36,18:32,19:49
Darbandikhan,2-Sep,4:08,5:30,12:03,15:35,18:30,19:47
Darbandikhan,3-Sep,4:09,5:31,12:03,15:35,18:29,19:46
Darbandikhan,4-Sep,4:10,5:32,12:02,15:34,18:27,19:44
Darbandikhan,5-Sep,4:11,5:33,12:02,15:33,18:26,19:43
Darbandikhan,6-Sep,4:11,5:33,12:02,15:32,18:25,19:42
Darbandikhan,7-Sep,4:12,5:34,12:01,15:32,18:23,19:40
Darbandikhan,8-Sep,4:13,5:35,12:01,15:31,18:22,19:39
Darbandikhan,9-Sep,4:14,5:36,12:01,15:30,18:20,19:37
Darbandikhan,10-Sep,4:15,5:36,12:00,15:29,18:19,19:35
Darbandikhan,11-Sep,4:16,5:37,12:00,15:28,18:17,19:33
Darbandikhan,12-Sep,4:17,5:38,12:00,15:27,18:16,19:32
Darbandikhan,13-Sep,4:18,5:39,11:59,15:26,18:15,19:31
Darbandikhan,14-Sep,4:18,5:39,11:59,15:26,18:13,19:29
Darbandikhan,15-Sep,4:19,5:40,11:59,15:25,18:12,19:28
Darbandikhan,16-Sep,4:20,5:41,11:58,15:24,18:10,19:26
Darbandikhan,17-Sep,4:21,5:42,11:58,15:23,18:09,19:25
Darbandikhan,18-Sep,4:21,5:42,11:58,15:22,18:07,19:23
Darbandikhan,19-Sep,4:22,5:43,11:57,15:21,18:06,19:22
Darbandikhan,20-Sep,4:23,5:44,11:57,15:20,18:05,19:20
Darbandikhan,21-Sep,4:24,5:45,11:56,15:19,18:03,19:18
Darbandikhan,22-Sep,4:25,5:45,11:56,15:18,18:01,19:16
Darbandikhan,23-Sep,4:26,5:46,11:56,15:17,18:00,19:15
Darbandikhan,24-Sep,4:27,5:47,11:55,15:16,17:59,19:14
Darbandikhan,25-Sep,4:28,5:48,11:55,15:15,17:57,19:12
Darbandikhan,26-Sep,4:28,5:48,11:55,15:14,17:55,19:10
Darbandikhan,27-Sep,4:29,5:49,11:54,15:13,17:54,19:09
Darbandikhan,28-Sep,4:30,5:50,11:54,15:12,17:53,19:07
Darbandikhan,29-Sep,4:31,5:51,11:54,15:11,17:51,19:05
Darbandikhan,30-Sep,4:32,5:52,11:53,15:10,17:50,19:04
Darbandikhan,1-Oct,4:32,5:52,11:53,15:09,17:49,19:03
Darbandikhan,2-Oct,4:33,5:53,11:53,15:08,17:48,19:02
Darbandikhan,3-Oct,4:33,5:54,11:52,15:07,17:46,19:00
Darbandikhan,4-Oct,4:34,5:55,11:52,15:06,17:45,18:59
Darbandikhan,5-Oct,4:35,5:56,11:52,15:05,17:44,18:58
Darbandikhan,6-Oct,4:36,5:56,11:52,15:04,17:42,18:56
Darbandikhan,7-Oct,4:37,5:57,11:51,15:03,17:41,18:55
Darbandikhan,8-Oct,4:38,5:58,11:51,15:02,17:39,18:53
Darbandikhan,9-Oct,4:39,5:59,11:51,15:01,17:38,18:52
Darbandikhan,10-Oct,4:40,6:00,11:50,15:00,17:37,18:51
Darbandikhan,11-Oct,4:40,6:00,11:50,14:59,17:35,18:49
Darbandikhan,12-Oct,4:41,6:01,11:50,14:58,17:34,18:48
Darbandikhan,13-Oct,4:42,6:02,11:50,14:57,17:33,18:47
Darbandikhan,14-Oct,4:43,6:03,11:49,14:56,17:31,18:45
Darbandikhan,15-Oct,4:43,6:04,11:49,14:55,17:30,18:44
Darbandikhan,16-Oct,4:44,6:05,11:49,14:54,17:29,18:43
Darbandikhan,17-Oct,4:45,6:06,11:49,14:53,17:28,18:42
Darbandikhan,18-Oct,4:45,6:06,11:49,14:52,17:26,18:41
Darbandikhan,19-Oct,4:46,6:07,11:48,14:51,17:25,18:40
Darbandikhan,20-Oct,4:47,6:08,11:48,14:51,17:24,18:39
Darbandikhan,21-Oct,4:48,6:09,11:48,14:50,17:23,18:38
Darbandikhan,22-Oct,4:49,6:10,11:48,14:49,17:21,18:36
Darbandikhan,23-Oct,4:50,6:11,11:48,14:48,17:20,18:35
Darbandikhan,24-Oct,4:51,6:12,11:48,14:47,17:19,18:34
Darbandikhan,25-Oct,4:51,6:13,11:48,14:46,17:18,18:34
Darbandikhan,26-Oct,4:52,6:14,11:47,14:45,17:17,18:33
Darbandikhan,27-Oct,4:53,6:15,11:47,14:44,17:16,18:32
Darbandikhan,28-Oct,4:54,6:16,11:47,14:43,17:15,18:31
Darbandikhan,29-Oct,4:54,6:16,11:47,14:43,17:14,18:30
Darbandikhan,30-Oct,4:55,6:17,11:47,14:42,17:13,18:29
Darbandikhan,31-Oct,4:56,6:18,11:47,14:41,17:12,18:28
Darbandikhan,1-Nov,4:57,6:19,11:47,14:40,17:11,18:27
Darbandikhan,2-Nov,4:58,6:20,11:47,14:40,17:10,18:26
Darbandikhan,3-Nov,4:59,6:21,11:47,14:39,17:09,18:25
Darbandikhan,4-Nov,5:00,6:22,11:47,14:38,17:08,18:25
Darbandikhan,5-Nov,5:01,6:23,11:47,14:37,17:07,18:24
Darbandikhan,6-Nov,5:02,6:24,11:47,14:37,17:06,18:23
Darbandikhan,7-Nov,5:03,6:25,11:47,14:36,17:05,18:22
Darbandikhan,8-Nov,5:04,6:26,11:47,14:36,17:04,18:21
Darbandikhan,9-Nov,5:05,6:27,11:47,14:35,17:03,18:20
Darbandikhan,10-Nov,5:06,6:28,11:47,14:34,17:03,18:20
Darbandikhan,11-Nov,5:07,6:29,11:47,14:34,17:02,18:19
Darbandikhan,12-Nov,5:08,6:30,11:47,14:33,17:01,18:18
Darbandikhan,13-Nov,5:09,6:31,11:48,14:32,17:01,18:18
Darbandikhan,14-Nov,5:10,6:32,11:48,14:32,17:00,18:17
Darbandikhan,15-Nov,5:11,6:33,11:48,14:31,16:59,18:16
Darbandikhan,16-Nov,5:12,6:34,11:48,14:31,16:59,18:16
Darbandikhan,17-Nov,5:13,6:35,11:49,14:30,16:58,18:15
Darbandikhan,18-Nov,5:14,6:36,11:49,14:30,16:57,18:14
Darbandikhan,19-Nov,5:15,6:37,11:49,14:29,16:57,18:14
Darbandikhan,20-Nov,5:16,6:38,11:49,14:29,16:56,18:13
Darbandikhan,21-Nov,5:17,6:39,11:49,14:29,16:56,18:13
Darbandikhan,22-Nov,5:18,6:40,11:50,14:28,16:55,18:13
Darbandikhan,23-Nov,5:18,6:41,11:50,14:28,16:55,18:13
Darbandikhan,24-Nov,5:19,6:42,11:50,14:28,16:55,18:13
Darbandikhan,25-Nov,5:20,6:43,11:51,14:28,16:54,18:12
Darbandikhan,26-Nov,5:21,6:44,11:51,14:27,16:54,18:12
Darbandikhan,27-Nov,5:22,6:45,11:51,14:27,16:54,18:12
Darbandikhan,28-Nov,5:23,6:46,11:51,14:27,16:54,18:12
Darbandikhan,29-Nov,5:23,6:47,11:52,14:27,16:53,18:12
Darbandikhan,30-Nov,5:24,6:48,11:52,14:27,16:53,18:12
Darbandikhan,1-Dec,5:24,6:48,11:53,14:27,16:53,18:12
Darbandikhan,2-Dec,5:25,6:49,11:53,14:27,16:53,18:12
Darbandikhan,3-Dec,5:25,6:50,11:53,14:27,16:53,18:13
Darbandikhan,4-Dec,5:26,6:51,11:54,14:27,16:53,18:13
Darbandikhan,5-Dec,5:27,6:52,11:54,14:27,16:53,18:13
Darbandikhan,6-Dec,5:27,6:53,11:55,14:27,16:53,18:13
Darbandikhan,7-Dec,5:28,6:54,11:56,14:27,16:53,18:13
Darbandikhan,8-Dec,5:28,6:54,11:56,14:27,16:53,18:13
Darbandikhan,9-Dec,5:29,6:55,11:57,14:27,16:53,18:13
Darbandikhan,10-Dec,5:30,6:56,11:57,14:27,16:53,18:13
Darbandikhan,11-Dec,5:31,6:57,11:57,14:28,16:53,18:13
Darbandikhan,12-Dec,5:31,6:57,11:57,14:28,16:53,18:13
Darbandikhan,13-Dec,5:32,6:58,11:58,14:28,16:54,18:14
Darbandikhan,14-Dec,5:33,6:59,11:58,14:29,16:54,18:14
Darbandikhan,15-Dec,5:33,6:59,11:59,14:29,16:54,18:14
Darbandikhan,16-Dec,5:34,7:00,11:59,14:29,16:55,18:15
Darbandikhan,17-Dec,5:35,7:01,12:00,14:30,16:55,18:15
Darbandikhan,18-Dec,5:35,7:01,12:00,14:30,16:55,18:15
Darbandikhan,19-Dec,5:36,7:02,12:01,14:31,16:56,18:16
Darbandikhan,20-Dec,5:36,7:02,12:01,14:31,16:56,18:17
Darbandikhan,21-Dec,5:37,7:03,12:02,14:32,16:57,18:18
Darbandikhan,22-Dec,5:37,7:03,12:02,14:32,16:57,18:18
Darbandikhan,23-Dec,5:38,7:04,12:03,14:32,16:58,18:19
Darbandikhan,24-Dec,5:38,7:04,12:03,14:33,16:58,18:19
Darbandikhan,25-Dec,5:39,7:05,12:04,14:33,16:59,18:20
Darbandikhan,26-Dec,5:39,7:05,12:04,14:34,16:59,18:20
Darbandikhan,27-Dec,5:39,7:05,12:05,14:35,17:00,18:21
Darbandikhan,28-Dec,5:40,7:06,12:05,14:35,17:00,18:21
Darbandikhan,29-Dec,5:40,7:06,12:06,14:36,17:01,18:22
Darbandikhan,30-Dec,5:40,7:06,12:06,14:37,17:01,18:22
Darbandikhan,31-Dec,5:40,7:07,12:07,14:37,17:02,18:23
Khanaqin,1-Jan,5:40,7:12,12:06,14:40,16:59,18:18
Khanaqin,2-Jan,5:40,7:12,12:06,14:41,17:00,18:19
Khanaqin,3-Jan,5:40,7:12,12:07,14:42,17:01,18:20
Khanaqin,4-Jan,5:40,7:12,12:07,14:43,17:01,18:20
Khanaqin,5-Jan,5:40,7:12,12:08,14:44,17:02,18:21
Khanaqin,6-Jan,5:40,7:12,12:08,14:44,17:03,18:22
Khanaqin,7-Jan,5:40,7:12,12:09,14:45,17:04,18:23
Khanaqin,8-Jan,5:41,7:12,12:09,14:46,17:05,18:24
Khanaqin,9-Jan,5:41,7:12,12:09,14:47,17:06,18:25
Khanaqin,10-Jan,5:41,7:12,12:10,14:48,17:07,18:26
Khanaqin,11-Jan,5:41,7:12,12:10,14:49,17:08,18:27
Khanaqin,12-Jan,5:42,7:12,12:11,14:49,17:09,18:28
Khanaqin,13-Jan,5:42,7:12,12:11,14:50,17:09,18:29
Khanaqin,14-Jan,5:42,7:12,12:11,14:51,17:10,18:30
Khanaqin,15-Jan,5:42,7:11,12:12,14:52,17:11,18:31
Khanaqin,16-Jan,5:43,7:11,12:12,14:53,17:12,18:32
Khanaqin,17-Jan,5:43,7:11,12:12,14:54,17:13,18:33
Khanaqin,18-Jan,5:43,7:10,12:13,14:55,17:14,18:34
Khanaqin,19-Jan,5:44,7:10,12:13,14:56,17:15,18:35
Khanaqin,20-Jan,5:44,7:10,12:13,14:57,17:16,18:36
Khanaqin,21-Jan,5:43,7:09,12:14,14:57,17:17,18:37
Khanaqin,22-Jan,5:43,7:09,12:14,14:58,17:18,18:38
Khanaqin,23-Jan,5:42,7:08,12:14,14:59,17:19,18:39
Khanaqin,24-Jan,5:42,7:08,12:15,15:00,17:20,18:40
Khanaqin,25-Jan,5:41,7:07,12:15,15:01,17:21,18:41
Khanaqin,26-Jan,5:40,7:07,12:15,15:02,17:22,18:42
Khanaqin,27-Jan,5:39,7:06,12:15,15:03,17:23,18:43
Khanaqin,28-Jan,5:39,7:05,12:15,15:04,17:24,18:43
Khanaqin,29-Jan,5:38,7:05,12:16,15:05,17:26,18:44
Khanaqin,30-Jan,5:38,7:04,12:16,15:05,17:27,18:45
Khanaqin,31-Jan,5:37,7:03,12:16,15:06,17:28,18:46
Khanaqin,1-Feb,5:36,7:02,12:16,15:07,17:29,18:46
Khanaqin,2-Feb,5:35,7:02,12:16,15:08,17:30,18:47
Khanaqin,3-Feb,5:35,7:01,12:16,15:09,17:31,18:48
Khanaqin,4-Feb,5:34,7:00,12:16,15:10,17:32,18:49
Khanaqin,5-Feb,5:33,6:59,12:16,15:10,17:33,18:50
Khanaqin,6-Feb,5:32,6:58,12:16,15:11,17:34,18:51
Khanaqin,7-Feb,5:31,6:57,12:16,15:12,17:35,18:51
Khanaqin,8-Feb,5:30,6:56,12:16,15:13,17:36,18:52
Khanaqin,9-Feb,5:29,6:55,12:16,15:14,17:37,18:53
Khanaqin,10-Feb,5:29,6:54,12:16,15:15,17:38,18:54
Khanaqin,11-Feb,5:28,6:53,12:16,15:15,17:39,18:55
Khanaqin,12-Feb,5:27,6:52,12:16,15:16,17:40,18:56
Khanaqin,13-Feb,5:26,6:51,12:16,15:17,17:41,18:57
Khanaqin,14-Feb,5:25,6:50,12:16,15:18,17:42,18:58
Khanaqin,15-Feb,5:24,6:49,12:16,15:18,17:43,18:59
Khanaqin,16-Feb,5:23,6:48,12:16,15:19,17:44,19:00
Khanaqin,17-Feb,5:22,6:47,12:16,15:20,17:45,19:01
Khanaqin,18-Feb,5:20,6:46,12:16,15:20,17:46,19:02
Khanaqin,19-Feb,5:19,6:45,12:16,15:21,17:47,19:03
Khanaqin,20-Feb,5:17,6:44,12:16,15:22,17:48,19:04
Khanaqin,21-Feb,5:16,6:43,12:16,15:23,17:49,19:05
Khanaqin,22-Feb,5:15,6:41,12:16,15:23,17:50,19:05
Khanaqin,23-Feb,5:13,6:40,12:16,15:24,17:51,19:06
Khanaqin,24-Feb,5:12,6:39,12:16,15:24,17:52,19:07
Khanaqin,25-Feb,5:10,6:38,12:15,15:25,17:53,19:08
Khanaqin,26-Feb,5:09,6:36,12:15,15:26,17:54,19:09
Khanaqin,27-Feb,5:08,6:35,12:15,15:26,17:55,19:10
Khanaqin,28-Feb,5:07,6:34,12:15,15:27,17:56,19:11
Khanaqin,1-Mar,5:06,6:33,12:15,15:27,17:56,19:11
Khanaqin,2-Mar,5:05,6:32,12:15,15:28,17:57,19:12
Khanaqin,3-Mar,5:03,6:30,12:14,15:28,17:58,19:13
Khanaqin,4-Mar,5:02,6:29,12:14,15:29,17:59,19:13
Khanaqin,5-Mar,5:01,6:27,12:14,15:29,17:59,19:14
Khanaqin,6-Mar,4:59,6:26,12:14,15:30,18:00,19:15
Khanaqin,7-Mar,4:58,6:25,12:14,15:30,18:01,19:16
Khanaqin,8-Mar,4:57,6:23,12:13,15:31,18:02,19:16
Khanaqin,9-Mar,4:55,6:22,12:13,15:31,18:03,19:17
Khanaqin,10-Mar,4:54,6:21,12:13,15:32,18:04,19:18
Khanaqin,11-Mar,4:53,6:19,12:12,15:32,18:05,19:19
Khanaqin,12-Mar,4:52,6:18,12:12,15:33,18:06,19:19
Khanaqin,13-Mar,4:51,6:16,12:12,15:33,18:07,19:20
Khanaqin,14-Mar,4:50,6:15,12:12,15:34,18:08,19:21
Khanaqin,15-Mar,4:48,6:14,12:11,15:34,18:09,19:22
Khanaqin,16-Mar,4:47,6:12,12:11,15:34,18:09,19:23
Khanaqin,17-Mar,4:45,6:11,12:11,15:35,18:10,19:23
Khanaqin,18-Mar,4:44,6:09,12:11,15:35,18:11,19:24
Khanaqin,19-Mar,4:43,6:08,12:10,15:35,18:12,19:25
Khanaqin,20-Mar,4:41,6:07,12:10,15:36,18:13,19:26
Khanaqin,21-Mar,4:39,6:05,12:10,15:36,18:14,19:27
Khanaqin,22-Mar,4:38,6:04,12:09,15:36,18:14,19:28
Khanaqin,23-Mar,4:37,6:02,12:09,15:37,18:15,19:28
Khanaqin,24-Mar,4:35,6:01,12:09,15:37,18:16,19:29
Khanaqin,25-Mar,4:34,5:59,12:09,15:37,18:17,19:30
Khanaqin,26-Mar,4:33,5:58,12:08,15:37,18:18,19:31
Khanaqin,27-Mar,4:32,5:57,12:08,15:38,18:18,19:31
Khanaqin,28-Mar,4:31,5:55,12:08,15:38,18:19,19:32
Khanaqin,29-Mar,4:29,5:54,12:07,15:38,18:20,19:33
Khanaqin,30-Mar,4:27,5:53,12:07,15:38,18:21,19:34
Khanaqin,31-Mar,4:26,5:51,12:07,15:39,18:22,19:34
Khanaqin,1-Apr,4:25,5:50,12:06,15:39,18:22,19:35
Khanaqin,2-Apr,4:24,5:48,12:06,15:39,18:23,19:36
Khanaqin,3-Apr,4:22,5:47,12:06,15:39,18:24,19:36
Khanaqin,4-Apr,4:21,5:46,12:06,15:39,18:25,19:37
Khanaqin,5-Apr,4:19,5:44,12:05,15:40,18:26,19:38
Khanaqin,6-Apr,4:18,5:43,12:05,15:40,18:27,19:39
Khanaqin,7-Apr,4:17,5:42,12:05,15:40,18:27,19:40
Khanaqin,8-Apr,4:15,5:40,12:04,15:40,18:28,19:41
Khanaqin,9-Apr,4:14,5:39,12:04,15:40,18:29,19:41
Khanaqin,10-Apr,4:12,5:37,12:04,15:40,18:30,19:42
Khanaqin,11-Apr,4:11,5:36,12:04,15:41,18:31,19:43
Khanaqin,12-Apr,4:09,5:34,12:03,15:41,18:31,19:44
Khanaqin,13-Apr,4:08,5:33,12:03,15:41,18:32,19:45
Khanaqin,14-Apr,4:06,5:31,12:03,15:41,18:33,19:45
Khanaqin,15-Apr,4:05,5:30,12:03,15:41,18:34,19:46
Khanaqin,16-Apr,4:04,5:29,12:02,15:41,18:35,19:47
Khanaqin,17-Apr,4:03,5:28,12:02,15:42,18:36,19:48
Khanaqin,18-Apr,4:02,5:26,12:02,15:42,18:36,19:49
Khanaqin,19-Apr,4:00,5:25,12:02,15:42,18:37,19:50
Khanaqin,20-Apr,3:59,5:24,12:02,15:42,18:38,19:50
Khanaqin,21-Apr,3:57,4:23,12:01,15:42,18:39,19:51
Khanaqin,22-Apr,3:56,5:22,12:01,15:42,18:40,19:52
Khanaqin,23-Apr,3:54,5:20,12:01,15:42,18:41,19:53
Khanaqin,24-Apr,3:53,5:19,12:01,15:42,18:41,19:54
Khanaqin,25-Apr,3:51,5:18,12:01,15:43,18:42,19:55
Khanaqin,26-Apr,3:49,5:17,12:00,15:43,18:43,19:55
Khanaqin,27-Apr,3:48,5:16,12:00,15:43,18:44,19:56
Khanaqin,28-Apr,3:47,5:14,12:00,15:43,18:45,19:57
Khanaqin,29-Apr,3:45,5:13,12:00,15:43,18:46,19:58
Khanaqin,30-Apr,3:44,5:12,12:00,15:43,18:47,19:58
Khanaqin,1-May,3:43,5:11,12:00,15:43,18:47,19:59
Khanaqin,2-May,3:42,5:10,12:00,15:43,18:48,20:00
Khanaqin,3-May,3:41,5:09,11:59,15:43,18:49,20:01
Khanaqin,4-May,3:40,5:08,11:59,15:43,18:50,20:02
Khanaqin,5-May,3:39,5:07,11:59,15:44,18:51,20:03
Khanaqin,6-May,3:38,5:06,11:59,15:44,18:52,20:04
Khanaqin,7-May,3:37,5:05,11:59,15:44,18:52,20:04
Khanaqin,8-May,3:36,5:04,11:59,15:44,18:53,20:05
Khanaqin,9-May,3:35,5:03,11:59,15:44,18:54,20:06
Khanaqin,10-May,3:35,5:02,11:59,15:44,18:55,20:07
Khanaqin,11-May,3:34,5:01,11:59,15:44,18:56,20:08
Khanaqin,12-May,3:33,5:00,11:59,15:44,18:57,20:09
Khanaqin,13-May,3:32,4:59,11:59,15:45,18:57,20:10
Khanaqin,14-May,3:31,4:59,11:59,15:45,18:58,20:11
Khanaqin,15-May,3:30,4:58,11:59,15:45,18:59,20:12
Khanaqin,16-May,3:29,4:57,11:59,15:45,18:59,20:13
Khanaqin,17-May,3:28,4:56,11:59,15:45,19:00,20:14
Khanaqin,18-May,3:27,4:56,11:59,15:45,19:01,20:15
Khanaqin,19-May,3:26,4:55,11:59,15:45,19:02,20:16
Khanaqin,20-May,3:25,4:54,11:59,15:46,19:03,20:16
Khanaqin,21-May,3:24,4:54,11:59,15:46,19:04,20:18
Khanaqin,22-May,3:24,4:53,11:59,15:46,19:04,20:19
Khanaqin,23-May,3:23,4:52,11:59,15:46,19:03,20:20
Khanaqin,24-May,3:22,4:52,11:59,15:46,19:06,20:21
Khanaqin,25-May,3:21,4:51,11:59,15:46,19:07,20:22
Khanaqin,26-May,3:20,4:51,11:59,15:46,19:07,20:23
Khanaqin,27-May,3:20,4:50,11:59,15:47,19:08,20:24
Khanaqin,28-May,3:19,4:50,12:00,15:47,19:09,20:25
Khanaqin,29-May,3:19,4:49,12:00,15:47,19:09,20:26
Khanaqin,30-May,3:18,4:49,12:00,15:47,19:10,20:27
Khanaqin,31-May,3:18,4:48,12:00,15:47,19:11,20:28
Khanaqin,1-Jun,3:18,4:48,12:00,15:48,19:11,20:29
Khanaqin,2-Jun,3:17,4:48,12:00,15:48,19:12,20:30
Khanaqin,3-Jun,3:17,4:48,12:01,15:48,19:13,20:30
Khanaqin,4-Jun,3:17,4:47,12:01,15:48,19:13,20:31
Khanaqin,5-Jun,3:17,4:47,12:01,15:48,19:14,20:32
Khanaqin,6-Jun,3:16,4:47,12:01,15:49,19:14,20:33
Khanaqin,7-Jun,3:16,4:47,12:01,15:49,19:15,20:33
Khanaqin,8-Jun,3:16,4:47,12:01,15:49,19:15,20:34
Khanaqin,9-Jun,3:16,4:46,12:02,15:49,19:16,20:35
Khanaqin,10-Jun,3:16,4:46,12:02,15:49,19:16,20:36
Khanaqin,11-Jun,3:15,4:46,12:02,15:50,19:17,20:37
Khanaqin,12-Jun,3:15,4:46,12:02,15:50,19:17,20:37
Khanaqin,13-Jun,3:15,4:46,12:02,15:50,19:18,20:38
Khanaqin,14-Jun,3:15,4:46,12:03,15:50,19:18,20:38
Khanaqin,15-Jun,3:15,4:46,12:03,15:50,19:19,20:38
Khanaqin,16-Jun,3:15,4:46,12:03,15:51,19:19,20:38
Khanaqin,17-Jun,3:15,4:46,12:03,15:51,19:19,20:39
Khanaqin,18-Jun,3:15,4:46,12:03,15:51,19:19,20:39
Khanaqin,19-Jun,3:15,4:47,12:04,15:51,19:20,20:39
Khanaqin,20-Jun,3:15,4:47,12:04,15:52,19:20,20:39
Khanaqin,21-Jun,3:16,4:47,12:04,15:52,19:20,20:39
Khanaqin,22-Jun,3:16,4:47,12:04,15:52,19:20,20:40
Khanaqin,23-Jun,3:16,4:47,12:04,15:52,19:21,20:40
Khanaqin,24-Jun,3:17,4:48,12:05,15:52,19:21,20:40
Khanaqin,25-Jun,3:17,4:48,12:05,15:53,19:21,20:40
Khanaqin,26-Jun,3:18,4:48,12:05,15:53,19:21,20:40
Khanaqin,27-Jun,3:18,4:49,12:05,15:53,19:21,20:40
Khanaqin,28-Jun,3:18,4:49,12:06,15:53,19:21,20:40
Khanaqin,29-Jun,3:19,4:49,12:06,15:54,19:21,20:40
Khanaqin,30-Jun,3:19,4:50,12:06,15:54,19:21,20:40
Khanaqin,1-Jul,3:19,4:50,12:06,15:54,19:20,20:40
Khanaqin,2-Jul,3:20,4:51,12:06,15:54,19:20,20:40
Khanaqin,3-Jul,3:20,4:51,12:06,15:54,19:20,20:39
Khanaqin,4-Jul,3:21,4:52,12:07,15:54,19:20,20:39
Khanaqin,5-Jul,3:21,4:52,12:07,15:54,19:20,20:39
Khanaqin,6-Jul,3:22,4:53,12:07,15:55,19:19,20:39
Khanaqin,7-Jul,3:22,4:53,12:07,15:55,19:19,20:38
Khanaqin,8-Jul,3:23,4:54,12:07,15:55,19:19,20:38
Khanaqin,9-Jul,3:23,4:54,12:07,15:55,19:19,20:38
Khanaqin,10-Jul,3:24,4:55,12:07,15:55,19:18,20:37
Khanaqin,11-Jul,3:25,4:55,12:08,15:55,19:18,20:37
Khanaqin,12-Jul,3:25,4:56,12:08,15:55,19:19,20:37
Khanaqin,13-Jul,3:26,4:57,12:08,15:55,19:18,20:36
Khanaqin,14-Jul,3:26,4:57,12:08,15:55,19:18,20:36
Khanaqin,15-Jul,3:27,4:58,12:08,15:56,19:17,20:35
Khanaqin,16-Jul,3:28,4:59,12:08,15:56,19:17,20:35
Khanaqin,17-Jul,3:29,4:59,12:08,15:56,19:16,20:34
Khanaqin,18-Jul,3:30,5:00,12:08,15:56,19:16,20:33
Khanaqin,19-Jul,3:31,5:01,12:09,15:56,19:15,20:32
Khanaqin,20-Jul,3:31,5:01,12:09,15:56,19:15,20:31
Khanaqin,21-Jul,3:32,5:02,12:09,15:55,19:14,20:31
Khanaqin,22-Jul,3:33,5:03,12:09,15:55,19:13,20:31
Khanaqin,23-Jul,3:34,5:04,12:09,15:55,19:13,20:30
Khanaqin,24-Jul,3:35,5:04,12:09,15:55,19:12,20:30
Khanaqin,25-Jul,3:36,5:05,12:09,15:55,19:11,20:29
Khanaqin,26-Jul,3:37,5:06,12:09,15:55,19:11,20:29
Khanaqin,27-Jul,3:38,5:07,12:09,15:55,19:10,20:28
Khanaqin,28-Jul,3:39,5:07,12:09,15:55,19:09,20:28
Khanaqin,29-Jul,3:40,5:08,12:09,15:55,19:08,20:27
Khanaqin,30-Jul,3:41,5:09,12:09,15:54,19:07,20:26
Khanaqin,31-Jul,3:42,5:10,12:08,15:54,19:06,20:25
Khanaqin,1-Aug,3:43,5:10,12:08,15:54,19:05,20:24
Khanaqin,2-Aug,3:44,5:11,12:08,15:54,19:04,20:23
Khanaqin,3-Aug,3:44,5:12,12:08,15:54,19:03,20:22
Khanaqin,4-Aug,3:45,5:13,12:08,15:53,19:02,20:21
Khanaqin,5-Aug,3:45,5:14,12:08,15:53,19:01,20:20
Khanaqin,6-Aug,3:46,5:14,12:08,15:52,19:00,20:19
Khanaqin,7-Aug,3:47,5:15,12:08,15:52,18:59,20:18
Khanaqin,8-Aug,3:48,5:16,12:08,15:52,18:58,20:17
Khanaqin,9-Aug,3:49,5:16,12:08,15:52,18:57,20:16
Khanaqin,10-Aug,3:50,5:17,12:07,15:51,18:56,20:15
Khanaqin,11-Aug,3:51,5:18,12:07,15:51,18:55,20:14
Khanaqin,12-Aug,3:52,5:19,12:07,15:51,18:54,20:13
Khanaqin,13-Aug,3:53,5:20,12:07,15:50,18:53,20:12
Khanaqin,14-Aug,3:54,5:20,12:07,15:50,18:52,20:11
Khanaqin,15-Aug,3:55,5:21,12:07,15:49,18:51,20:10
Khanaqin,16-Aug,3:56,5:22,12:06,15:49,18:49,20:09
Khanaqin,17-Aug,3:56,5:23,12:06,15:48,18:47,20:08
Khanaqin,18-Aug,3:57,5:23,12:06,15:48,18:47,20:07
Khanaqin,19-Aug,3:58,5:24,12:06,15:47,18:46,20:06
Khanaqin,20-Aug,3:59,5:25,12:05,15:47,18:45,20:05
Khanaqin,21-Aug,3:59,5:26,12:05,15:46,18:43,20:04
Khanaqin,22-Aug,4:00,5:27,12:05,15:46,18:42,20:03
Khanaqin,23-Aug,4:01,5:27,12:05,15:45,18:41,20:02
Khanaqin,24-Aug,4:02,5:28,12:04,15:45,18:39,20:00
Khanaqin,25-Aug,4:03,5:29,12:04,15:44,18:38,19:59
Khanaqin,26-Aug,4:04,5:30,12:04,15:43,18:37,19:57
Khanaqin,27-Aug,4:05,5:30,12:04,15:43,18:35,19:55
Khanaqin,28-Aug,4:06,5:31,12:03,15:42,18:34,19:54
Khanaqin,29-Aug,4:07,5:32,12:03,15:41,18:33,19:53
Khanaqin,30-Aug,4:07,5:33,12:03,15:41,18:31,19:51
Khanaqin,31-Aug,4:08,5:33,12:02,15:40,18:30,19:49
Khanaqin,1-Sep,4:09,5:34,12:02,15:39,18:29,19:47
Khanaqin,2-Sep,4:09,5:35,12:02,15:38,18:27,19:45
Khanaqin,3-Sep,4:10,5:36,12:01,15:38,18:26,19:43
Khanaqin,4-Sep,4:11,5:37,12:01,15:37,18:24,19:41
Khanaqin,5-Sep,4:12,5:37,12:01,15:36,18:23,19:39
Khanaqin,6-Sep,4:12,5:38,12:00,15:35,18:22,19:37
Khanaqin,7-Sep,4:13,5:39,12:00,15:35,18:20,19:36
Khanaqin,8-Sep,4:14,5:40,12:00,15:34,18:19,19:34
Khanaqin,9-Sep,4:15,5:40,11:59,15:33,18:17,19:32
Khanaqin,10-Sep,4:16,5:41,11:59,15:32,18:16,19:30
Khanaqin,11-Sep,4:17,5:42,11:59,15:31,18:14,19:29
Khanaqin,12-Sep,4:18,5:43,11:58,15:30,18:13,19:28
Khanaqin,13-Sep,4:19,5:43,11:58,15:29,18:12,19:26
Khanaqin,14-Sep,4:19,5:44,11:58,15:29,18:10,19:24
Khanaqin,15-Sep,4:20,5:45,11:57,15:28,18:09,19:25
Khanaqin,16-Sep,4:21,5:46,11:57,15:27,18:07,19:23
Khanaqin,17-Sep,4:22,5:46,11:57,15:26,18:06,19:21
Khanaqin,18-Sep,4:22,5:47,11:56,15:25,18:04,19:19
Khanaqin,19-Sep,4:23,5:48,11:56,15:24,18:03,19:17
Khanaqin,20-Sep,4:24,5:49,11:56,15:23,18:01,19:16
Khanaqin,21-Sep,4:25,5:49,11:55,15:22,18:00,19:14
Khanaqin,22-Sep,4:25,5:50,11:55,15:21,17:59,19:12
Khanaqin,23-Sep,4:26,5:51,11:55,15:20,17:57,19:10
Khanaqin,24-Sep,4:27,5:52,11:54,15:19,17:56,19:09
Khanaqin,25-Sep,4:28,5:52,11:54,15:18,17:54,19:08
Khanaqin,26-Sep,4:28,5:53,11:54,15:17,17:53,19:07
Khanaqin,27-Sep,4:29,5:54,11:53,15:16,17:51,19:06
Khanaqin,28-Sep,4:30,5:55,11:53,15:15,17:50,19:05
Khanaqin,29-Sep,4:31,5:56,11:53,15:14,17:49,19:03
Khanaqin,30-Sep,4:31,5:56,11:52,15:13,17:47,19:02
Khanaqin,1-Oct,4:32,5:57,11:52,15:12,17:46,19:01
Khanaqin,2-Oct,4:33,5:58,11:52,15:11,17:44,19:00
Khanaqin,3-Oct,4:33,5:59,11:51,15:10,17:43,18:59
Khanaqin,4-Oct,4:34,5:59,11:51,15:09,17:41,18:57
Khanaqin,5-Oct,4:35,6:00,11:51,15:08,17:40,18:55
Khanaqin,6-Oct,4:36,6:01,11:50,15:07,17:39,18:53
Khanaqin,7-Oct,4:37,6:02,11:50,15:06,17:37,18:51
Khanaqin,8-Oct,4:38,6:03,11:50,15:05,17:36,18:49
Khanaqin,9-Oct,4:39,6:03,11:49,15:04,17:34,18:48
Khanaqin,10-Oct,4:40,6:04,11:49,15:03,17:33,18:46
Khanaqin,11-Oct,4:41,6:05,11:49,15:02,17:32,18:44
Khanaqin,12-Oct,4:42,6:06,11:49,15:01,17:30,18:42
Khanaqin,13-Oct,4:42,6:07,11:48,15:00,17:29,18:40
Khanaqin,14-Oct,4:43,6:08,11:48,14:59,17:28,18:39
Khanaqin,15-Oct,4:43,6:08,11:48,14:58,17:26,18:37
Khanaqin,16-Oct,4:44,6:09,11:48,14:57,17:25,18:35
Khanaqin,17-Oct,4:45,6:10,11:47,14:56,17:24,18:33
Khanaqin,18-Oct,4:46,6:11,11:47,14:55,17:23,18:31
Khanaqin,19-Oct,4:47,6:12,11:47,14:54,17:21,18:30
Khanaqin,20-Oct,4:48,6:13,11:47,14:54,17:20,18:29
Khanaqin,21-Oct,4:49,6:13,11:47,14:53,17:19,18:28
Khanaqin,22-Oct,4:49,6:14,11:47,14:52,17:18,18:27
Khanaqin,23-Oct,4:50,6:15,11:45,14:51,17:16,18:26
Khanaqin,24-Oct,4:51,6:16,11:46,14:50,17:15,18:25
Khanaqin,25-Oct,4:51,6:17,11:46,14:49,17:14,18:25
Khanaqin,26-Oct,4:52,6:18,11:46,14:48,17:13,18:24
Khanaqin,27-Oct,4:53,6:19,11:46,14:47,17:12,18:23
Khanaqin,28-Oct,4:54,6:20,11:46,14:46,17:11,18:22
Khanaqin,29-Oct,4:55,6:21,11:46,14:46,17:09,18:22
Khanaqin,30-Oct,4:56,6:22,11:46,14:45,17:08,18:21
Khanaqin,31-Oct,4:57,6:23,11:46,14:44,17:07,18:20
Khanaqin,1-Nov,4:58,6:24,11:46,14:43,17:06,18:19
Khanaqin,2-Nov,4:59,6:25,11:46,14:43,17:05,18:19
Khanaqin,3-Nov,5:00,6:26,11:46,14:42,17:04,18:18
Khanaqin,4-Nov,5:01,6:26,11:46,14:41,17:04,18:18
Khanaqin,5-Nov,5:02,6:27,11:46,14:40,17:03,18:17
Khanaqin,6-Nov,5:03,6:28,11:46,14:40,17:02,18:16
Khanaqin,7-Nov,5:04,6:29,11:46,14:39,17:01,18:15
Khanaqin,8-Nov,5:05,6:30,11:46,14:38,17:00,18:15
Khanaqin,9-Nov,5:06,6:31,11:46,14:38,16:59,18:14
Khanaqin,10-Nov,5:07,6:32,11:46,14:37,16:58,18:13
Khanaqin,11-Nov,5:08,6:33,11:46,14:36,16:57,18:13
Khanaqin,12-Nov,5:09,6:34,11:46,14:36,16:57,18:12
Khanaqin,13-Nov,5:10,6:35,11:46,14:35,16:56,18:11
Khanaqin,14-Nov,5:11,6:36,11:46,14:35,16:55,18:11
Khanaqin,15-Nov,5:12,6:37,11:47,14:34,16:55,18:10
Khanaqin,16-Nov,5:13,6:38,11:47,14:34,16:54,18:09
Khanaqin,17-Nov,5:14,6:39,11:47,14:33,16:53,18:08
Khanaqin,18-Nov,5:15,6:40,11:47,14:33,16:53,18:08
Khanaqin,19-Nov,5:16,6:41,11:47,14:32,16:52,18:07
Khanaqin,20-Nov,5:17,6:42,11:48,14:32,16:52,18:07
Khanaqin,21-Nov,5:18,6:43,11:48,14:32,16:51,18:07
Khanaqin,22-Nov,5:19,6:44,11:48,14:31,16:51,18:06
Khanaqin,23-Nov,5:19,6:45,11:48,14:31,16:50,18:06
Khanaqin,24-Nov,5:20,6:46,11:49,14:31,16:50,18:06
Khanaqin,25-Nov,5:21,6:47,11:49,14:31,16:50,18:06
Khanaqin,26-Nov,5:22,6:48,11:49,14:30,16:49,18:07
Khanaqin,27-Nov,5:22,6:49,11:50,14:30,16:49,18:07
Khanaqin,28-Nov,5:23,6:50,11:50,14:30,16:49,18:07
Khanaqin,29-Nov,5:23,6:51,11:50,14:30,16:48,18:07
Khanaqin,30-Nov,5:24,6:52,11:51,14:30,16:48,18:08
Khanaqin,1-Dec,5:24,6:53,11:51,14:30,16:48,18:08
Khanaqin,2-Dec,5:25,6:54,11:51,14:29,16:48,18:08
Khanaqin,3-Dec,5:25,6:55,11:52,14:29,16:48,18:08
Khanaqin,4-Dec,5:26,6:56,11:52,14:29,16:48,18:08
Khanaqin,5-Dec,5:27,6:56,11:52,14:29,16:48,18:08
Khanaqin,6-Dec,5:27,6:57,11:53,14:30,16:48,18:08
Khanaqin,7-Dec,5:28,6:58,11:53,14:30,16:48,18:09
Khanaqin,8-Dec,5:29,6:59,11:54,14:30,16:48,18:09
Khanaqin,9-Dec,5:30,7:00,11:54,14:30,16:48,18:09
Khanaqin,10-Dec,5:31,7:00,11:55,14:30,16:48,18:09
Khanaqin,11-Dec,5:31,7:01,11:55,14:30,16:48,18:09
Khanaqin,12-Dec,5:32,7:02,11:56,14:31,16:49,18:09
Khanaqin,13-Dec,5:33,7:03,11:56,14:31,16:49,18:09
Khanaqin,14-Dec,5:34,7:03,11:57,14:31,16:49,18:09
Khanaqin,15-Dec,5:35,7:04,11:57,14:32,16:49,18:10
Khanaqin,16-Dec,5:36,7:05,11:58,14:32,16:50,18:10
Khanaqin,17-Dec,5:37,7:05,11:58,14:33,16:50,18:10
Khanaqin,18-Dec,5:38,7:06,11:59,14:33,16:50,18:10
Khanaqin,19-Dec,5:38,7:07,11:59,14:34,16:51,18:10
Khanaqin,20-Dec,5:39,7:07,12:00,14:34,16:51,18:10
Khanaqin,21-Dec,5:39,7:08,12:00,14:34,16:52,18:10
Khanaqin,22-Dec,5:39,7:08,12:01,14:35,16:52,18:11
Khanaqin,23-Dec,5:39,7:09,12:01,14:35,16:53,18:11
Khanaqin,24-Dec,5:39,7:09,12:02,14:36,16:53,18:12
Khanaqin,25-Dec,5:39,7:10,12:02,14:36,16:54,18:12
Khanaqin,26-Dec,5:39,7:10,12:03,14:37,16:54,18:13
Khanaqin,27-Dec,5:39,7:10,12:03,14:37,16:55,18:14
Khanaqin,28-Dec,5:40,7:11,12:04,14:38,16:56,18:15
Khanaqin,29-Dec,5:40,7:11,12:04,14:39,16:57,18:16
Khanaqin,30-Dec,5:40,7:11,12:05,14:39,16:57,18:17
Khanaqin,31-Dec,5:40,7:12,12:05,14:40,16:58,18:18
Penjwen,1-Jan,5:39,7:06,12:06,14:37,17:02,18:23
Penjwen,2-Jan,5:39,7:06,12:06,14:37,17:02,18:23
Penjwen,3-Jan,5:39,7:06,12:07,14:38,17:03,18:24
Penjwen,4-Jan,5:39,7:06,12:07,14:39,17:04,18:25
Penjwen,5-Jan,5:40,7:06,12:08,14:40,17:04,18:25
Penjwen,6-Jan,5:40,7:06,12:08,14:40,17:05,18:26
Penjwen,7-Jan,5:40,7:06,12:08,14:41,17:06,18:27
Penjwen,8-Jan,5:40,7:06,12:09,14:42,17:07,18:28
Penjwen,9-Jan,5:41,7:06,12:09,14:43,17:08,18:29
Penjwen,10-Jan,5:41,7:06,12:10,14:44,17:09,18:29
Penjwen,11-Jan,5:41,7:06,12:10,14:45,17:10,18:30
Penjwen,12-Jan,5:41,7:06,12:10,14:45,17:11,18:31
Penjwen,13-Jan,5:41,7:06,12:11,14:46,17:12,18:32
Penjwen,14-Jan,5:41,7:05,12:12,14:47,17:13,18:32
Penjwen,15-Jan,5:41,7:05,12:12,14:48,17:14,18:33
Penjwen,16-Jan,5:41,7:05,12:12,14:49,17:15,18:34
Penjwen,17-Jan,5:40,7:04,12:13,14:50,17:16,18:35
Penjwen,18-Jan,5:40,7:04,12:13,14:51,17:17,18:36
Penjwen,19-Jan,5:40,7:04,12:13,14:52,17:18,18:37
Penjwen,20-Jan,5:40,7:03,12:13,14:53,17:19,18:37
Penjwen,21-Jan,5:40,7:03,12:14,14:53,17:20,18:38
Penjwen,22-Jan,5:40,7:03,12:14,14:54,17:21,18:39
Penjwen,23-Jan,5:39,7:02,12:14,14:55,17:22,18:40
Penjwen,24-Jan,5:39,7:02,12:14,14:56,17:23,18:41
Penjwen,25-Jan,5:38,7:01,12:15,14:57,17:24,18:42
Penjwen,26-Jan,5:38,7:01,12:15,14:58,17:25,18:43
Penjwen,27-Jan,5:38,7:00,12:15,14:59,17:26,18:43
Penjwen,28-Jan,5:37,6:59,12:15,15:00,17:27,18:44
Penjwen,29-Jan,5:37,6:59,12:15,15:01,17:28,18:45
Penjwen,30-Jan,5:36,6:58,12:16,15:01,17:29,18:46
Penjwen,31-Jan,5:35,6:57,12:16,15:02,17:30,18:47
Penjwen,1-Feb,5:35,6:57,12:16,15:03,17:31,18:48
Penjwen,2-Feb,5:34,6:56,12:16,15:04,17:32,18:49
Penjwen,3-Feb,5:33,6:55,12:16,15:05,17:33,18:50
Penjwen,4-Feb,5:32,6:54,12:16,15:06,17:34,18:51
Penjwen,5-Feb,5:31,6:53,12:16,15:06,17:35,18:52
Penjwen,6-Feb,5:31,6:53,12:16,15:07,17:36,18:53
Penjwen,7-Feb,5:30,6:52,12:16,15:08,17:37,18:54
Penjwen,8-Feb,5:29,6:51,12:16,15:09,17:38,18:55
Penjwen,9-Feb,5:28,6:50,12:16,15:10,17:39,18:56
Penjwen,10-Feb,5:27,6:49,12:16,15:11,17:40,18:57
Penjwen,11-Feb,5:26,6:48,12:16,15:11,17:41,18:58
Penjwen,12-Feb,5:25,6:47,12:16,15:12,17:42,18:59
Penjwen,13-Feb,5:24,6:46,12:16,15:13,17:43,19:00
Penjwen,14-Feb,5:23,6:45,12:16,15:14,17:44,19:01
Penjwen,15-Feb,5:22,6:44,12:16,15:14,17:45,19:02
Penjwen,16-Feb,5:21,6:43,12:16,15:15,17:46,19:03
Penjwen,17-Feb,5:19,6:41,12:16,15:16,17:47,19:04
Penjwen,18-Feb,5:18,6:40,12:16,15:16,17:48,19:05
Penjwen,19-Feb,5:17,6:39,12:16,15:17,17:49,19:06
Penjwen,20-Feb,5:16,6:38,12:16,15:18,17:50,19:07
Penjwen,21-Feb,5:15,6:37,12:16,15:19,17:51,19:08
Penjwen,22-Feb,5:14,6:36,12:15,15:19,17:52,19:09
Penjwen,23-Feb,5:12,6:34,12:15,15:20,17:53,19:10
Penjwen,24-Feb,5:11,6:33,12:15,15:20,17:54,19:11
Penjwen,25-Feb,5:09,6:32,12:15,15:21,17:55,19:12
Penjwen,26-Feb,5:08,6:31,12:15,15:22,17:56,19:13
Penjwen,27-Feb,5:07,6:30,12:15,15:22,17:57,19:14
Penjwen,28-Feb,5:06,6:28,12:15,15:23,17:58,19:15
Penjwen,1-Mar,5:04,6:26,12:15,15:23,17:59,19:15
Penjwen,2-Mar,5:02,6:24,12:14,15:24,18:00,19:16
Penjwen,3-Mar,5:01,6:23,12:14,15:24,18:01,19:17
Penjwen,4-Mar,5:00,6:22,12:14,15:25,18:02,19:18
Penjwen,5-Mar,4:59,6:21,12:14,15:25,18:03,19:19
Penjwen,6-Mar,4:57,6:19,12:13,15:26,18:04,19:20
Penjwen,7-Mar,4:56,6:18,12:13,15:26,18:05,19:21
Penjwen,8-Mar,4:55,6:17,12:13,15:27,18:06,19:22
Penjwen,9-Mar,4:54,6:16,12:13,15:27,18:07,19:23
Penjwen,10-Mar,4:52,6:14,12:12,15:28,18:07,19:23
Penjwen,11-Mar,4:51,6:12,12:12,15:28,18:08,19:24
Penjwen,12-Mar,4:50,6:11,12:12,15:29,18:09,19:25
Penjwen,13-Mar,4:49,6:10,12:12,15:30,18:10,19:25
Penjwen,14-Mar,4:47,6:08,12:11,15:30,18:11,19:26
Penjwen,15-Mar,4:46,6:07,12:11,15:30,18:12,19:27
Penjwen,16-Mar,4:44,6:05,12:11,15:30,18:12,19:27
Penjwen,17-Mar,4:43,6:04,12:11,15:31,18:13,19:28
Penjwen,18-Mar,4:41,6:02,12:10,15:31,18:14,19:29
Penjwen,19-Mar,4:40,6:01,12:10,15:31,18:15,19:30
Penjwen,20-Mar,4:39,6:00,12:10,15:32,18:16,19:31
Penjwen,21-Mar,4:37,5:58,12:09,15:32,18:17,19:32
Penjwen,22-Mar,4:36,5:57,12:09,15:32,18:17,19:32
Penjwen,23-Mar,4:35,5:55,12:09,15:33,18:18,19:32
Penjwen,24-Mar,4:34,5:54,12:08,15:33,18:19,19:33
Penjwen,25-Mar,4:32,5:52,12:08,15:33,18:20,19:34
Penjwen,26-Mar,4:31,5:51,12:08,15:33,18:21,19:35
Penjwen,27-Mar,4:30,5:50,12:07,15:34,18:21,19:35
Penjwen,28-Mar,4:28,5:48,12:07,15:34,18:22,19:36
Penjwen,29-Mar,4:27,5:47,12:07,15:34,18:23,19:37
Penjwen,30-Mar,4:25,5:45,12:07,15:34,18:24,19:38
Penjwen,31-Mar,4:24,5:44,12:06,15:35,18:25,19:39
Penjwen,1-Apr,4:22,5:42,12:06,15:35,18:26,19:40
Penjwen,2-Apr,4:21,5:41,12:06,15:35,18:26,19:40
Penjwen,3-Apr,4:20,5:40,12:06,15:35,18:27,19:41
Penjwen,4-Apr,4:18,5:38,12:05,15:35,18:28,19:42
Penjwen,5-Apr,4:17,5:37,12:05,15:36,18:29,19:43
Penjwen,6-Apr,4:15,5:35,12:05,15:36,18:30,19:44
Penjwen,7-Apr,4:14,5:34,12:04,15:36,18:30,19:44
Penjwen,8-Apr,4:13,5:33,12:04,15:36,18:31,19:45
Penjwen,9-Apr,4:11,5:31,12:04,15:36,18:32,19:46
Penjwen,10-Apr,4:10,5:30,12:03,15:36,18:33,19:47
Penjwen,11-Apr,4:08,5:29,12:03,15:37,18:34,19:48
Penjwen,12-Apr,4:06,5:27,12:03,15:37,18:34,19:49
Penjwen,13-Apr,4:05,5:26,12:03,15:37,18:35,19:50
Penjwen,14-Apr,4:04,5:25,12:02,15:37,18:36,19:51
Penjwen,15-Apr,4:02,5:23,12:02,15:37,18:37,19:52
Penjwen,16-Apr,4:01,5:22,12:02,15:37,18:38,19:53
Penjwen,17-Apr,4:00,5:21,12:02,15:38,18:39,19:54
Penjwen,18-Apr,3:58,5:19,12:02,15:38,18:39,19:55
Penjwen,19-Apr,3:57,5:18,12:01,15:38,18:40,19:56
Penjwen,20-Apr,3:55,5:17,12:01,15:38,18:41,19:57
Penjwen,21-Apr,3:54,5:16,12:01,15:38,18:42,19:58
Penjwen,22-Apr,3:52,5:14,12:01,15:38,18:43,19:59
Penjwen,23-Apr,3:51,5:13,12:01,15:38,18:44,20:00
Penjwen,24-Apr,3:50,5:12,12:00,15:38,18:45,20:01
Penjwen,25-Apr,3:49,5:11,12:00,15:39,18:45,20:01
Penjwen,26-Apr,3:48,5:10,12:00,15:39,18:46,20:02
Penjwen,27-Apr,3:47,5:09,12:00,15:39,18:47,20:03
Penjwen,28-Apr,3:46,5:08,12:00,15:39,18:48,20:04
Penjwen,29-Apr,3:44,5:06,12:00,15:39,18:49,20:05
Penjwen,30-Apr,3:43,5:05,11:59,15:39,18:50,20:06
Penjwen,1-May,3:42,5:04,11:59,15:39,18:51,20:07
Penjwen,2-May,3:40,5:03,11:59,15:39,18:51,20:08
Penjwen,3-May,3:39,5:02,11:59,15:39,18:52,20:09
Penjwen,4-May,3:38,5:01,11:59,15:39,18:53,20:10
Penjwen,5-May,3:37,5:00,11:59,15:40,18:54,20:11
Penjwen,6-May,3:36,4:59,11:59,15:40,18:55,20:12
Penjwen,7-May,3:35,4:58,11:59,15:40,18:55,20:12
Penjwen,8-May,3:34,4:57,11:59,15:40,18:56,20:13
Penjwen,9-May,3:33,4:56,11:59,15:40,18:57,20:14
Penjwen,10-May,3:32,4:55,11:59,15:40,18:58,20:15
Penjwen,11-May,3:31,4:55,11:59,15:40,18:59,20:16
Penjwen,12-May,3:30,4:54,11:59,15:40,19:00,20:17
Penjwen,13-May,3:29,4:53,11:59,15:41,19:00,20:18
Penjwen,14-May,3:28,4:52,11:59,15:41,19:01,20:19
Penjwen,15-May,3:27,4:51,11:59,15:41,19:02,20:20
Penjwen,16-May,3:26,4:50,11:59,15:41,19:03,20:21
Penjwen,17-May,3:26,4:50,11:59,15:41,19:03,20:21
Penjwen,18-May,3:25,4:49,11:59,15:41,19:04,20:22
Penjwen,19-May,3:24,4:48,11:59,15:41,19:05,20:23
Penjwen,20-May,3:23,4:48,11:59,15:42,19:06,20:24
Penjwen,21-May,3:22,4:47,11:59,15:42,19:07,20:25
Penjwen,22-May,3:21,4:46,11:59,15:42,19:07,20:26
Penjwen,23-May,3:21,4:46,11:59,15:42,19:08,20:27
Penjwen,24-May,3:20,4:45,11:59,15:42,19:09,20:28
Penjwen,25-May,3:20,4:45,11:59,15:42,19:09,20:28
Penjwen,26-May,3:19,4:44,11:59,15:42,19:10,20:29
Penjwen,27-May,3:18,4:44,12:00,15:43,19:11,20:30
Penjwen,28-May,3:17,4:43,12:00,15:43,19:12,20:31
Penjwen,29-May,3:17,4:43,12:00,15:43,19:12,20:32
Penjwen,30-May,3:17,4:43,12:00,15:43,19:13,20:33
Penjwen,31-May,3:16,4:42,12:00,15:43,19:14,20:34
Penjwen,1-Jun,3:16,4:42,12:00,15:44,19:14,20:34
Penjwen,2-Jun,3:16,4:42,12:00,15:44,19:15,20:35
Penjwen,3-Jun,3:15,4:41,12:01,15:44,19:15,20:35
Penjwen,4-Jun,3:15,4:41,12:01,15:44,19:16,20:36
Penjwen,5-Jun,3:15,4:41,12:01,15:44,19:17,20:37
Penjwen,6-Jun,3:15,4:41,12:01,15:45,19:17,20:37
Penjwen,7-Jun,3:15,4:41,12:01,15:45,19:18,20:38
Penjwen,8-Jun,3:14,4:40,12:01,15:45,19:18,20:38
Penjwen,9-Jun,3:14,4:40,12:02,15:45,19:19,20:39
Penjwen,10-Jun,3:14,4:40,12:02,15:45,19:19,20:39
Penjwen,11-Jun,3:14,4:40,12:02,15:46,19:20,20:40
Penjwen,12-Jun,3:14,4:40,12:02,15:46,19:20,20:40
Penjwen,13-Jun,3:14,4:40,12:02,15:46,19:20,20:40
Penjwen,14-Jun,3:14,4:40,12:03,15:46,19:21,20:41
Penjwen,15-Jun,3:14,4:40,12:03,15:46,19:21,20:41
Penjwen,16-Jun,3:14,4:40,12:03,15:47,19:21,20:41
Penjwen,17-Jun,3:14,4:40,12:03,15:47,19:22,20:42
Penjwen,18-Jun,3:14,4:41,12:04,15:47,19:22,20:42
Penjwen,19-Jun,3:14,4:41,12:04,15:47,19:22,20:42
Penjwen,20-Jun,3:14,4:41,12:04,15:48,19:23,20:43
Penjwen,21-Jun,3:14,4:41,12:04,15:48,19:23,20:43
Penjwen,22-Jun,3:14,4:41,12:04,15:48,19:23,20:43
Penjwen,23-Jun,3:15,4:42,12:05,15:48,19:23,20:43
Penjwen,24-Jun,3:15,4:42,12:05,15:48,19:23,20:43
Penjwen,25-Jun,3:16,4:42,12:05,15:49,19:23,20:43
Penjwen,26-Jun,3:17,4:43,12:05,15:49,19:23,20:42
Penjwen,27-Jun,3:17,4:43,12:05,15:49,19:23,20:42
Penjwen,28-Jun,3:17,4:43,12:06,15:49,19:23,20:42
Penjwen,29-Jun,3:18,4:44,12:06,15:50,19:23,20:42
Penjwen,30-Jun,3:18,4:44,12:06,15:50,19:23,20:42
Penjwen,1-Jul,3:18,4:44,12:06,15:50,19:23,20:42
Penjwen,2-Jul,3:19,4:45,12:06,15:50,19:23,20:42
Penjwen,3-Jul,3:19,4:45,12:07,15:50,19:23,20:42
Penjwen,4-Jul,3:20,4:46,12:07,15:50,19:23,20:42
Penjwen,5-Jul,3:20,4:46,12:07,15:50,19:23,20:42
Penjwen,6-Jul,3:21,4:47,12:07,15:51,19:23,20:42
Penjwen,7-Jul,3:21,4:47,12:07,15:51,19:22,20:41
Penjwen,8-Jul,3:22,4:48,12:07,15:51,19:22,20:41
Penjwen,9-Jul,3:22,4:48,12:08,15:51,19:22,20:41
Penjwen,10-Jul,3:23,4:49,12:08,15:51,19:21,20:40
Penjwen,11-Jul,3:23,4:49,12:08,15:51,19:21,20:40
Penjwen,12-Jul,3:24,4:50,12:08,15:51,19:21,20:40
Penjwen,13-Jul,3:25,4:51,12:08,15:51,19:20,20:39
Penjwen,14-Jul,3:25,4:51,12:08,15:51,19:20,20:39
Penjwen,15-Jul,3:26,4:52,12:08,15:52,19:19,20:38
Penjwen,16-Jul,3:27,4:53,12:08,15:52,19:19,20:38
Penjwen,17-Jul,3:28,4:54,12:08,15:52,19:18,20:37
Penjwen,18-Jul,3:29,4:54,12:09,15:52,19:18,20:37
Penjwen,19-Jul,3:30,4:55,12:09,15:52,19:17,20:36
Penjwen,20-Jul,3:30,4:56,12:09,15:52,19:17,20:36
Penjwen,21-Jul,3:31,4:56,12:09,15:51,19:16,20:35
Penjwen,22-Jul,3:32,4:57,12:09,15:51,19:15,20:34
Penjwen,23-Jul,3:33,4:58,12:09,15:51,19:15,20:33
Penjwen,24-Jul,3:34,4:59,12:09,15:51,19:14,20:32
Penjwen,25-Jul,3:35,4:59,12:09,15:51,19:13,20:31
Penjwen,26-Jul,3:36,5:00,12:09,15:51,19:13,20:31
Penjwen,27-Jul,3:37,5:01,12:09,15:51,19:12,20:30
Penjwen,28-Jul,3:38,5:02,12:09,15:51,19:11,20:29
Penjwen,29-Jul,3:38,5:02,12:09,15:51,19:10,20:28
Penjwen,30-Jul,3:39,5:03,12:09,15:50,19:09,20:27
Penjwen,31-Jul,3:40,5:04,12:09,15:50,19:08,20:26
Penjwen,1-Aug,3:41,5:05,12:09,15:50,19:07,20:25
Penjwen,2-Aug,3:41,5:05,12:09,15:50,19:06,20:24
Penjwen,3-Aug,3:42,5:06,12:09,15:50,19:06,20:24
Penjwen,4-Aug,3:43,5:07,12:09,15:49,19:05,20:23
Penjwen,5-Aug,3:44,5:08,12:08,15:49,19:04,20:22
Penjwen,6-Aug,3:45,5:09,12:08,15:48,19:03,20:21
Penjwen,7-Aug,3:46,5:09,12:08,15:48,19:02,20:20
Penjwen,8-Aug,3:47,5:10,12:08,15:48,19:01,20:19
Penjwen,9-Aug,3:48,5:11,12:08,15:48,19:00,20:18
Penjwen,10-Aug,3:49,5:12,12:08,15:47,18:58,20:16
Penjwen,11-Aug,3:50,5:12,12:08,15:46,18:57,20:15
Penjwen,12-Aug,3:51,5:13,12:07,15:46,18:56,20:14
Penjwen,13-Aug,3:52,5:14,12:07,15:46,18:55,20:12
Penjwen,14-Aug,3:53,5:15,12:07,15:45,18:54,20:11
Penjwen,15-Aug,3:54,5:16,12:07,15:45,18:53,20:10
Penjwen,16-Aug,3:54,5:16,12:07,15:44,18:52,20:09
Penjwen,17-Aug,3:55,5:17,12:07,15:44,18:50,20:07
Penjwen,18-Aug,3:56,5:18,12:06,15:43,18:49,20:06
Penjwen,19-Aug,3:57,5:19,12:06,15:43,18:48,20:05
Penjwen,20-Aug,3:57,5:19,12:06,15:42,18:47,20:04
Penjwen,21-Aug,3:58,5:20,12:06,15:42,18:45,20:02
Penjwen,22-Aug,3:59,5:21,12:05,15:41,18:44,20:01
Penjwen,23-Aug,4:00,5:22,12:05,15:41,18:43,20:00
Penjwen,24-Aug,4:00,5:22,12:05,15:40,18:42,19:59
Penjwen,25-Aug,4:01,5:23,12:05,15:39,18:40,19:57
Penjwen,26-Aug,4:02,5:24,12:04,15:39,18:39,19:56
Penjwen,27-Aug,4:03,5:25,12:04,15:38,18:38,19:55
Penjwen,28-Aug,4:04,5:26,12:04,15:38,18:36,19:53
Penjwen,29-Aug,4:04,5:26,12:03,15:37,18:35,19:52
Penjwen,30-Aug,4:05,5:27,12:03,15:36,18:34,19:51
Penjwen,31-Aug,4:06,5:28,12:03,15:36,18:32,19:49
Penjwen,1-Sep,4:07,5:29,12:02,15:35,18:31,19:48
Penjwen,2-Sep,4:07,5:29,12:02,15:34,18:29,19:46
Penjwen,3-Sep,4:08,5:30,12:02,15:34,18:28,19:45
Penjwen,4-Sep,4:09,5:31,12:01,15:33,18:26,19:43
Penjwen,5-Sep,4:10,5:32,12:01,15:32,18:25,19:42
Penjwen,6-Sep,4:10,5:32,12:01,15:31,18:24,19:41
Penjwen,7-Sep,4:11,5:33,12:00,15:31,18:22,19:39
Penjwen,8-Sep,4:12,5:34,12:00,15:30,18:21,19:38
Penjwen,9-Sep,4:13,5:35,12:00,15:29,18:19,19:36
Penjwen,10-Sep,4:14,5:35,11:59,15:28,18:18,19:34
Penjwen,11-Sep,4:15,5:36,11:59,15:27,18:16,19:32
Penjwen,12-Sep,4:16,5:37,11:59,15:26,18:15,19:31
Penjwen,13-Sep,4:17,5:38,11:58,15:25,18:14,19:30
Penjwen,14-Sep,4:17,5:38,11:58,15:25,18:12,19:28
Penjwen,15-Sep,4:18,5:39,11:58,15:24,18:11,19:27
Penjwen,16-Sep,4:19,5:40,11:57,15:23,18:09,19:25
Penjwen,17-Sep,4:20,5:41,11:57,15:22,18:08,19:24
Penjwen,18-Sep,4:20,5:41,11:57,15:21,18:06,19:22
Penjwen,19-Sep,4:21,5:42,11:56,15:20,18:05,19:21
Penjwen,20-Sep,4:22,5:43,11:56,15:19,18:04,19:19
Penjwen,21-Sep,4:23,5:44,11:55,15:18,18:02,19:17
Penjwen,22-Sep,4:24,5:44,11:55,15:17,18:00,19:15
Penjwen,23-Sep,4:25,5:45,11:55,15:16,17:59,19:14
Penjwen,24-Sep,4:26,5:46,11:54,15:15,17:58,19:13
Penjwen,25-Sep,4:27,5:47,11:54,15:14,17:56,19:11
Penjwen,26-Sep,4:27,5:47,11:54,15:13,17:54,19:09
Penjwen,27-Sep,4:28,5:48,11:53,15:12,17:53,19:08
Penjwen,28-Sep,4:29,5:49,11:53,15:11,17:52,19:06
Penjwen,29-Sep,4:30,5:50,11:53,15:10,17:50,19:04
Penjwen,30-Sep,4:31,5:51,11:52,15:09,17:49,19:03
Penjwen,1-Oct,4:31,5:51,11:52,15:08,17:48,19:02
Penjwen,2-Oct,4:32,5:52,11:52,15:07,17:47,19:01
Penjwen,3-Oct,4:32,5:53,11:51,15:06,17:45,18:59
Penjwen,4-Oct,4:33,5:54,11:51,15:05,17:44,18:58
Penjwen,5-Oct,4:34,5:55,11:51,15:04,17:43,18:57
Penjwen,6-Oct,4:35,5:55,11:51,15:03,17:41,18:55
Penjwen,7-Oct,4:36,5:56,11:50,15:02,17:40,18:54
Penjwen,8-Oct,4:37,5:57,11:50,15:01,17:38,18:52
Penjwen,9-Oct,4:38,5:58,11:50,15:00,17:37,18:51
Penjwen,10-Oct,4:39,5:59,11:49,14:59,17:36,18:50
Penjwen,11-Oct,4:39,5:59,11:49,14:58,17:34,18:48
Penjwen,12-Oct,4:40,6:00,11:49,14:57,17:33,18:47
Penjwen,13-Oct,4:41,6:01,11:49,14:56,17:32,18:46
Penjwen,14-Oct,4:42,6:02,11:48,14:55,17:30,18:44
Penjwen,15-Oct,4:42,6:03,11:48,14:54,17:29,18:43
Penjwen,16-Oct,4:43,6:04,11:48,14:53,17:28,18:42
Penjwen,17-Oct,4:44,6:05,11:48,14:52,17:27,18:41
Penjwen,18-Oct,4:44,6:05,11:48,14:51,17:25,18:40
Penjwen,19-Oct,4:45,6:06,11:47,14:50,17:24,18:39
Penjwen,20-Oct,4:46,6:07,11:47,14:50,17:23,18:38
Penjwen,21-Oct,4:47,6:08,11:47,14:49,17:22,18:37
Penjwen,22-Oct,4:48,6:09,11:47,14:48,17:20,18:35
Penjwen,23-Oct,4:49,6:10,11:47,14:47,17:19,18:34
Penjwen,24-Oct,4:50,6:11,11:47,14:46,17:18,18:33
Penjwen,25-Oct,4:50,6:12,11:47,14:45,17:17,18:33
Penjwen,26-Oct,4:51,6:13,11:46,14:44,17:16,18:32
Penjwen,27-Oct,4:52,6:14,11:46,14:43,17:15,18:31
Penjwen,28-Oct,4:53,6:15,11:46,14:42,17:14,18:30
Penjwen,29-Oct,4:53,6:15,11:46,14:42,17:13,18:29
Penjwen,30-Oct,4:54,6:16,11:46,14:41,17:12,18:28
Penjwen,31-Oct,4:55,6:17,11:46,14:40,17:11,18:27
Penjwen,1-Nov,4:56,6:18,11:46,14:39,17:10,18:26
Penjwen,2-Nov,4:57,6:19,11:46,14:39,17:09,18:25
Penjwen,3-Nov,4:58,6:20,11:46,14:38,17:08,18:24
Penjwen,4-Nov,4:59,6:21,11:46,14:37,17:07,18:24
Penjwen,5-Nov,5:00,6:22,11:46,14:36,17:06,18:23
Penjwen,6-Nov,5:01,6:23,11:46,14:36,17:05,18:22
Penjwen,7-Nov,5:02,6:24,11:46,14:35,17:04,18:21
Penjwen,8-Nov,5:03,6:25,11:46,14:35,17:03,18:20
Penjwen,9-Nov,5:04,6:26,11:46,14:34,17:02,18:19
Penjwen,10-Nov,5:05,6:27,11:46,14:33,17:02,18:19
Penjwen,11-Nov,5:06,6:28,11:46,14:33,17:01,18:18
Penjwen,12-Nov,5:07,6:29,11:46,14:32,17:00,18:17
Penjwen,13-Nov,5:08,6:30,11:47,14:31,17:00,18:17
Penjwen,14-Nov,5:09,6:31,11:47,14:31,16:59,18:16
Penjwen,15-Nov,5:10,6:32,11:47,14:30,16:58,18:15
Penjwen,16-Nov,5:11,6:33,11:47,14:30,16:58,18:15
Penjwen,17-Nov,5:12,6:34,11:48,14:29,16:57,18:14
Penjwen,18-Nov,5:13,6:35,11:48,14:29,16:56,18:13
Penjwen,19-Nov,5:14,6:36,11:48,14:28,16:56,18:13
Penjwen,20-Nov,5:15,6:37,11:48,14:28,16:55,18:12
Penjwen,21-Nov,5:16,6:38,11:48,14:28,16:55,18:12
Penjwen,22-Nov,5:17,6:39,11:49,14:27,16:54,18:12
Penjwen,23-Nov,5:17,6:40,11:49,14:27,16:54,18:12
Penjwen,24-Nov,5:18,6:41,11:49,14:27,16:54,18:12
Penjwen,25-Nov,5:19,6:42,11:50,14:27,16:53,18:11
Penjwen,26-Nov,5:20,6:43,11:50,14:26,16:53,18:11
Penjwen,27-Nov,5:21,6:44,11:50,14:26,16:53,18:11
Penjwen,28-Nov,5:22,6:45,11:50,14:26,16:53,18:11
Penjwen,29-Nov,5:22,6:46,11:51,14:26,16:52,18:11
Penjwen,30-Nov,5:23,6:47,11:51,14:26,16:52,18:11
Penjwen,1-Dec,5:23,6:47,11:52,14:26,16:52,18:11
Penjwen,2-Dec,5:24,6:48,11:52,14:26,16:52,18:11
Penjwen,3-Dec,5:24,6:49,11:52,14:26,16:52,18:12
Penjwen,4-Dec,5:25,6:50,11:53,14:26,16:52,18:12
Penjwen,5-Dec,5:26,6:51,11:53,14:26,16:52,18:12
Penjwen,6-Dec,5:26,6:52,11:54,14:26,16:52,18:12
Penjwen,7-Dec,5:27,6:53,11:55,14:26,16:52,18:12
Penjwen,8-Dec,5:27,6:53,11:55,14:26,16:52,18:12
Penjwen,9-Dec,5:28,6:54,11:56,14:26,16:52,18:12
Penjwen,10-Dec,5:29,6:55,11:56,14:26,16:52,18:12
Penjwen,11-Dec,5:30,6:56,11:56,14:27,16:52,18:12
Penjwen,12-Dec,5:30,6:56,11:56,14:27,16:52,18:12
Penjwen,13-Dec,5:31,6:57,11:57,14:27,16:53,18:13
Penjwen,14-Dec,5:32,6:58,11:57,14:28,16:53,18:13
Penjwen,15-Dec,5:32,6:58,11:58,14:28,16:53,18:13
Penjwen,16-Dec,5:33,6:59,11:58,14:28,16:54,18:14
Penjwen,17-Dec,5:34,7:00,11:59,14:29,16:54,18:14
Penjwen,18-Dec,5:34,7:00,11:59,14:29,16:54,18:14
Penjwen,19-Dec,5:35,7:01,12:00,14:30,16:55,18:15
Penjwen,20-Dec,5:35,7:01,12:00,14:30,16:55,18:16
Penjwen,21-Dec,5:36,7:02,12:01,14:31,16:56,18:17
Penjwen,22-Dec,5:36,7:02,12:01,14:31,16:56,18:17
Penjwen,23-Dec,5:37,7:03,12:02,14:31,16:57,18:18
Penjwen,24-Dec,5:37,7:03,12:02,14:32,16:57,18:18
Penjwen,25-Dec,5:38,7:04,12:03,14:32,16:58,18:19
Penjwen,26-Dec,5:38,7:04,12:03,14:33,16:58,18:19
Penjwen,27-Dec,5:38,7:04,12:04,14:34,16:59,18:20
Penjwen,28-Dec,5:39,7:05,12:04,14:34,16:59,18:20
Penjwen,29-Dec,5:39,7:05,12:05,14:35,17:00,18:21
Penjwen,30-Dec,5:39,7:05,12:05,14:36,17:00,18:21
Penjwen,31-Dec,5:39,7:06,12:06,14:36,17:01,18:22
Gokhlan,1-Jan,5:38,7:05,12:05,14:36,17:01,18:22
Gokhlan,2-Jan,5:38,7:05,12:05,14:36,17:01,18:22
Gokhlan,3-Jan,5:38,7:05,12:06,14:37,17:02,18:23
Gokhlan,4-Jan,5:38,7:05,12:06,14:38,17:03,18:24
Gokhlan,5-Jan,5:39,7:05,12:07,14:39,17:03,18:24
Gokhlan,6-Jan,5:39,7:05,12:07,14:39,17:04,18:25
Gokhlan,7-Jan,5:39,7:05,12:07,14:40,17:05,18:26
Gokhlan,8-Jan,5:39,7:05,12:08,14:41,17:06,18:27
Gokhlan,9-Jan,5:40,7:05,12:08,14:42,17:07,18:28
Gokhlan,10-Jan,5:40,7:05,12:09,14:43,17:08,18:28
Gokhlan,11-Jan,5:40,7:05,12:09,14:44,17:09,18:29
Gokhlan,12-Jan,5:40,7:05,12:09,14:44,17:10,18:30
Gokhlan,13-Jan,5:40,7:05,12:10,14:45,17:11,18:31
Gokhlan,14-Jan,5:40,7:04,12:11,14:46,17:12,18:31
Gokhlan,15-Jan,5:40,7:04,12:11,14:47,17:13,18:32
Gokhlan,16-Jan,5:40,7:04,12:11,14:48,17:14,18:33
Gokhlan,17-Jan,5:39,7:03,12:12,14:49,17:15,18:34
Gokhlan,18-Jan,5:39,7:03,12:12,14:50,17:16,18:35
Gokhlan,19-Jan,5:39,7:03,12:12,14:51,17:17,18:36
Gokhlan,20-Jan,5:39,7:02,12:12,14:52,17:18,18:36
Gokhlan,21-Jan,5:39,7:02,12:13,14:52,17:19,18:37
Gokhlan,22-Jan,5:39,7:02,12:13,14:53,17:20,18:38
Gokhlan,23-Jan,5:38,7:01,12:13,14:54,17:21,18:39
Gokhlan,24-Jan,5:38,7:01,12:13,14:55,17:22,18:40
Gokhlan,25-Jan,5:37,7:00,12:14,14:56,17:23,18:41
Gokhlan,26-Jan,5:37,7:00,12:14,14:57,17:24,18:42
Gokhlan,27-Jan,5:37,6:59,12:14,14:58,17:25,18:42
Gokhlan,28-Jan,5:36,6:58,12:14,14:59,17:26,18:43
Gokhlan,29-Jan,5:36,6:58,12:14,15:00,17:27,18:44
Gokhlan,30-Jan,5:35,6:57,12:15,15:00,17:28,18:45
Gokhlan,31-Jan,5:34,6:56,12:15,15:01,17:29,18:46
Gokhlan,1-Feb,5:34,6:56,12:15,15:02,17:30,18:47
Gokhlan,2-Feb,5:33,6:55,12:15,15:03,17:31,18:48
Gokhlan,3-Feb,5:32,6:54,12:15,15:04,17:32,18:49
Gokhlan,4-Feb,5:31,6:53,12:15,15:05,17:33,18:50
Gokhlan,5-Feb,5:30,6:52,12:15,15:05,17:34,18:51
Gokhlan,6-Feb,5:30,6:52,12:15,15:06,17:35,18:52
Gokhlan,7-Feb,5:29,6:51,12:15,15:07,17:36,18:53
Gokhlan,8-Feb,5:28,6:50,12:15,15:08,17:37,18:54
Gokhlan,9-Feb,5:27,6:49,12:15,15:09,17:38,18:55
Gokhlan,10-Feb,5:26,6:48,12:15,15:10,17:39,18:56
Gokhlan,11-Feb,5:25,6:47,12:15,15:10,17:40,18:57
Gokhlan,12-Feb,5:24,6:46,12:15,15:11,17:41,18:58
Gokhlan,13-Feb,5:23,6:45,12:15,15:12,17:42,18:59
Gokhlan,14-Feb,5:22,6:44,12:15,15:13,17:43,19:00
Gokhlan,15-Feb,5:21,6:43,12:15,15:13,17:44,19:01
Gokhlan,16-Feb,5:20,6:42,12:15,15:14,17:45,19:02
Gokhlan,17-Feb,5:18,6:40,12:15,15:15,17:46,19:03
Gokhlan,18-Feb,5:17,6:39,12:15,15:15,17:47,19:04
Gokhlan,19-Feb,5:16,6:38,12:15,15:16,17:48,19:05
Gokhlan,20-Feb,5:15,6:37,12:15,15:17,17:49,19:06
Gokhlan,21-Feb,5:14,6:36,12:15,15:18,17:50,19:07
Gokhlan,22-Feb,5:13,6:35,12:14,15:18,17:51,19:08
Gokhlan,23-Feb,5:11,6:33,12:14,15:19,17:52,19:09
Gokhlan,24-Feb,5:10,6:32,12:14,15:19,17:53,19:10
Gokhlan,25-Feb,5:08,6:31,12:14,15:20,17:54,19:11
Gokhlan,26-Feb,5:07,6:30,12:14,15:21,17:55,19:12
Gokhlan,27-Feb,5:06,6:29,12:14,15:21,17:56,19:13
Gokhlan,28-Feb,5:05,6:27,12:14,15:22,17:57,19:14
Gokhlan,1-Mar,5:03,6:25,12:14,15:22,17:58,19:14
Gokhlan,2-Mar,5:01,6:23,12:13,15:23,17:59,19:15
Gokhlan,3-Mar,5:00,6:22,12:13,15:23,18:00,19:16
Gokhlan,4-Mar,4:59,6:21,12:13,15:24,18:01,19:17
Gokhlan,5-Mar,4:58,6:20,12:13,15:24,18:02,19:18
Gokhlan,6-Mar,4:56,6:18,12:12,15:25,18:03,19:19
Gokhlan,7-Mar,4:55,6:17,12:12,15:25,18:04,19:20
Gokhlan,8-Mar,4:54,6:16,12:12,15:26,18:05,19:21
Gokhlan,9-Mar,4:53,6:15,12:12,15:26,18:06,19:22
Gokhlan,10-Mar,4:51,6:13,12:11,15:27,18:06,19:22
Gokhlan,11-Mar,4:50,6:11,12:11,15:27,18:07,19:23
Gokhlan,12-Mar,4:49,6:10,12:11,15:28,18:08,19:24
Gokhlan,13-Mar,4:48,6:09,12:11,15:29,18:09,19:24
Gokhlan,14-Mar,4:46,6:07,12:10,15:29,18:10,19:25
Gokhlan,15-Mar,4:45,6:06,12:10,15:29,18:11,19:26
Gokhlan,16-Mar,4:43,6:04,12:10,15:29,18:11,19:26
Gokhlan,17-Mar,4:42,6:03,12:10,15:30,18:12,19:27
Gokhlan,18-Mar,4:40,6:01,12:09,15:30,18:13,19:28
Gokhlan,19-Mar,4:39,6:00,12:09,15:30,18:14,19:29
Gokhlan,20-Mar,4:38,5:59,12:09,15:31,18:15,19:30
Gokhlan,21-Mar,4:36,5:57,12:08,15:31,18:16,19:31
Gokhlan,22-Mar,4:35,5:56,12:08,15:31,18:16,19:31
Gokhlan,23-Mar,4:34,5:54,12:08,15:32,18:17,19:31
Gokhlan,24-Mar,4:33,5:53,12:07,15:32,18:18,19:32
Gokhlan,25-Mar,4:31,5:51,12:07,15:32,18:19,19:33
Gokhlan,26-Mar,4:30,5:50,12:07,15:32,18:20,19:34
Gokhlan,27-Mar,4:29,5:49,12:06,15:33,18:20,19:34
Gokhlan,28-Mar,4:27,5:47,12:06,15:33,18:21,19:35
Gokhlan,29-Mar,4:26,5:46,12:06,15:33,18:22,19:36
Gokhlan,30-Mar,4:24,5:44,12:06,15:33,18:23,19:37
Gokhlan,31-Mar,4:23,5:43,12:05,15:34,18:24,19:38
Gokhlan,1-Apr,4:21,5:41,12:05,15:34,18:25,19:39
Gokhlan,2-Apr,4:20,5:40,12:05,15:34,18:25,19:39
Gokhlan,3-Apr,4:19,5:39,12:05,15:34,18:26,19:40
Gokhlan,4-Apr,4:17,5:37,12:04,15:34,18:27,19:41
Gokhlan,5-Apr,4:16,5:36,12:04,15:35,18:28,19:42
Gokhlan,6-Apr,4:14,5:34,12:04,15:35,18:29,19:43
Gokhlan,7-Apr,4:13,5:33,12:03,15:35,18:29,19:43
Gokhlan,8-Apr,4:12,5:32,12:03,15:35,18:30,19:44
Gokhlan,9-Apr,4:10,5:30,12:03,15:35,18:31,19:45
Gokhlan,10-Apr,4:09,5:29,12:02,15:35,18:32,19:46
Gokhlan,11-Apr,4:07,5:28,12:02,15:36,18:33,19:47
Gokhlan,12-Apr,4:05,5:26,12:02,15:36,18:33,19:48
Gokhlan,13-Apr,4:04,5:25,12:02,15:36,18:34,19:49
Gokhlan,14-Apr,4:03,5:24,12:01,15:36,18:35,19:50
Gokhlan,15-Apr,4:01,5:22,12:01,15:36,18:36,19:51
Gokhlan,16-Apr,4:00,5:21,12:01,15:36,18:37,19:52
Gokhlan,17-Apr,3:59,5:20,12:01,15:37,18:38,19:53
Gokhlan,18-Apr,3:57,5:18,12:01,15:37,18:38,19:54
Gokhlan,19-Apr,3:56,5:17,12:00,15:37,18:39,19:55
Gokhlan,20-Apr,3:54,5:16,12:00,15:37,18:40,19:56
Gokhlan,21-Apr,3:53,5:15,12:00,15:37,18:41,19:57
Gokhlan,22-Apr,3:51,5:13,12:00,15:37,18:42,19:58
Gokhlan,23-Apr,3:50,5:12,12:00,15:37,18:43,19:59
Gokhlan,24-Apr,3:49,5:11,11:59,15:37,18:44,20:00
Gokhlan,25-Apr,3:48,5:10,11:59,15:38,18:44,20:00
Gokhlan,26-Apr,3:47,5:09,11:59,15:38,18:45,20:01
Gokhlan,27-Apr,3:46,5:08,11:59,15:38,18:46,20:02
Gokhlan,28-Apr,3:45,5:07,11:59,15:38,18:47,20:03
Gokhlan,29-Apr,3:43,5:05,11:59,15:38,18:48,20:04
Gokhlan,30-Apr,3:42,5:04,11:58,15:38,18:49,20:05
Gokhlan,1-May,3:41,5:03,11:58,15:38,18:50,20:06
Gokhlan,2-May,3:39,5:02,11:58,15:38,18:50,20:07
Gokhlan,3-May,3:38,5:01,11:58,15:38,18:51,20:08
Gokhlan,4-May,3:37,5:00,11:58,15:38,18:52,20:09
Gokhlan,5-May,3:36,4:59,11:58,15:39,18:53,20:10
Gokhlan,6-May,3:35,4:58,11:58,15:39,18:54,20:11
Gokhlan,7-May,3:34,4:57,11:58,15:39,18:54,20:11
Gokhlan,8-May,3:33,4:56,11:58,15:39,18:55,20:12
Gokhlan,9-May,3:32,4:55,11:58,15:39,18:56,20:13
Gokhlan,10-May,3:31,4:54,11:58,15:39,18:57,20:14
Gokhlan,11-May,3:30,4:54,11:58,15:39,18:58,20:15
Gokhlan,12-May,3:29,4:53,11:58,15:39,18:59,20:16
Gokhlan,13-May,3:28,4:52,11:58,15:40,18:59,20:17
Gokhlan,14-May,3:27,4:51,11:58,15:40,19:00,20:18
Gokhlan,15-May,3:26,4:50,11:58,15:40,19:01,20:19
Gokhlan,16-May,3:25,4:49,11:58,15:40,19:02,20:20
Gokhlan,17-May,3:25,4:49,11:58,15:40,19:02,20:20
Gokhlan,18-May,3:24,4:48,11:58,15:40,19:03,20:21
Gokhlan,19-May,3:23,4:47,11:58,15:40,19:04,20:22
Gokhlan,20-May,3:22,4:47,11:58,15:41,19:05,20:23
Gokhlan,21-May,3:21,4:46,11:58,15:41,19:06,20:24
Gokhlan,22-May,3:20,4:45,11:58,15:41,19:06,20:25
Gokhlan,23-May,3:20,4:45,11:58,15:41,19:07,20:26
Gokhlan,24-May,3:19,4:44,11:58,15:41,19:08,20:27
Gokhlan,25-May,3:19,4:44,11:58,15:41,19:08,20:27
Gokhlan,26-May,3:18,4:43,11:58,15:41,19:09,20:28
Gokhlan,27-May,3:17,4:43,11:59,15:42,19:10,20:29
Gokhlan,28-May,3:16,4:42,11:59,15:42,19:11,20:30
Gokhlan,29-May,3:16,4:42,11:59,15:42,19:11,20:31
Gokhlan,30-May,3:16,4:42,11:59,15:42,19:12,20:32
Gokhlan,31-May,3:15,4:41,11:59,15:42,19:13,20:33
Gokhlan,1-Jun,3:15,4:41,11:59,15:43,19:13,20:33
Gokhlan,2-Jun,3:15,4:41,11:59,15:43,19:14,20:34
Gokhlan,3-Jun,3:14,4:40,12:00,15:43,19:14,20:34
Gokhlan,4-Jun,3:14,4:40,12:00,15:43,19:15,20:35
Gokhlan,5-Jun,3:14,4:40,12:00,15:43,19:16,20:36
Gokhlan,6-Jun,3:14,4:40,12:00,15:44,19:16,20:36
Gokhlan,7-Jun,3:14,4:40,12:00,15:44,19:17,20:37
Gokhlan,8-Jun,3:13,4:39,12:00,15:44,19:17,20:37
Gokhlan,9-Jun,3:13,4:39,12:01,15:44,19:18,20:38
Gokhlan,10-Jun,3:13,4:39,12:01,15:44,19:18,20:38
Gokhlan,11-Jun,3:13,4:39,12:01,15:45,19:19,20:39
Gokhlan,12-Jun,3:13,4:39,12:01,15:45,19:19,20:39
Gokhlan,13-Jun,3:13,4:39,12:01,15:45,19:19,20:39
Gokhlan,14-Jun,3:13,4:39,12:02,15:45,19:20,20:40
Gokhlan,15-Jun,3:13,4:39,12:02,15:45,19:20,20:40
Gokhlan,16-Jun,3:13,4:39,12:02,15:46,19:20,20:40
Gokhlan,17-Jun,3:13,4:39,12:02,15:46,19:21,20:41
Gokhlan,18-Jun,3:13,4:40,12:03,15:46,19:21,20:41
Gokhlan,19-Jun,3:13,4:40,12:03,15:46,19:21,20:41
Gokhlan,20-Jun,3:13,4:40,12:03,15:47,19:22,20:42
Gokhlan,21-Jun,3:13,4:40,12:03,15:47,19:22,20:42
Gokhlan,22-Jun,3:13,4:40,12:03,15:47,19:22,20:42
Gokhlan,23-Jun,3:14,4:41,12:04,15:47,19:22,20:42
Gokhlan,24-Jun,3:14,4:41,12:04,15:47,19:22,20:42
Gokhlan,25-Jun,3:15,4:41,12:04,15:48,19:22,20:42
Gokhlan,26-Jun,3:16,4:42,12:04,15:48,19:22,20:41
Gokhlan,27-Jun,3:16,4:42,12:04,15:48,19:22,20:41
Gokhlan,28-Jun,3:16,4:42,12:05,15:48,19:22,20:41
Gokhlan,29-Jun,3:17,4:43,12:05,15:49,19:22,20:41
Gokhlan,30-Jun,3:17,4:43,12:05,15:49,19:22,20:41
Gokhlan,1-Jul,3:17,4:43,12:05,15:49,19:22,20:41
Gokhlan,2-Jul,3:18,4:44,12:05,15:49,19:22,20:41
Gokhlan,3-Jul,3:18,4:44,12:06,15:49,19:22,20:41
Gokhlan,4-Jul,3:19,4:45,12:06,15:49,19:22,20:41
Gokhlan,5-Jul,3:19,4:45,12:06,15:49,19:22,20:41
Gokhlan,6-Jul,3:20,4:46,12:06,15:50,19:22,20:41
Gokhlan,7-Jul,3:20,4:46,12:06,15:50,19:21,20:40
Gokhlan,8-Jul,3:21,4:47,12:06,15:50,19:21,20:40
Gokhlan,9-Jul,3:21,4:47,12:07,15:50,19:21,20:40
Gokhlan,10-Jul,3:22,4:48,12:07,15:50,19:20,20:39
Gokhlan,11-Jul,3:22,4:48,12:07,15:50,19:20,20:39
Gokhlan,12-Jul,3:23,4:49,12:07,15:50,19:20,20:39
Gokhlan,13-Jul,3:24,4:50,12:07,15:50,19:19,20:38
Gokhlan,14-Jul,3:24,4:50,12:07,15:50,19:19,20:38
Gokhlan,15-Jul,3:25,4:51,12:07,15:51,19:18,20:37
Gokhlan,16-Jul,3:26,4:52,12:07,15:51,19:18,20:37
Gokhlan,17-Jul,3:27,4:53,12:07,15:51,19:17,20:36
Gokhlan,18-Jul,3:28,4:53,12:08,15:51,19:17,20:36
Gokhlan,19-Jul,3:29,4:54,12:08,15:51,19:16,20:35
Gokhlan,20-Jul,3:29,4:55,12:08,15:51,19:16,20:35
Gokhlan,21-Jul,3:30,4:55,12:08,15:50,19:15,20:34
Gokhlan,22-Jul,3:31,4:56,12:08,15:50,19:14,20:33
Gokhlan,23-Jul,3:32,4:57,12:08,15:50,19:14,20:32
Gokhlan,24-Jul,3:33,4:58,12:08,15:50,19:13,20:31
Gokhlan,25-Jul,3:34,4:58,12:08,15:50,19:12,20:30
Gokhlan,26-Jul,3:35,4:59,12:08,15:50,19:12,20:30
Gokhlan,27-Jul,3:36,5:00,12:08,15:50,19:11,20:29
Gokhlan,28-Jul,3:37,5:01,12:08,15:50,19:10,20:28
Gokhlan,29-Jul,3:37,5:01,12:08,15:50,19:09,20:27
Gokhlan,30-Jul,3:38,5:02,12:08,15:49,19:08,20:26
Gokhlan,31-Jul,3:39,5:03,12:08,15:49,19:07,20:25
Gokhlan,1-Aug,3:40,5:04,12:08,15:49,19:06,20:24
Gokhlan,2-Aug,3:40,5:04,12:08,15:49,19:05,20:23
Gokhlan,3-Aug,3:41,5:05,12:08,15:49,19:05,20:23
Gokhlan,4-Aug,3:42,5:06,12:08,15:48,19:04,20:22
Gokhlan,5-Aug,3:43,5:07,12:07,15:48,19:03,20:21
Gokhlan,6-Aug,3:44,5:08,12:07,15:47,19:02,20:20
Gokhlan,7-Aug,3:45,5:08,12:07,15:47,19:01,20:19
Gokhlan,8-Aug,3:46,5:09,12:07,15:47,19:00,20:18
Gokhlan,9-Aug,3:47,5:10,12:07,15:47,18:59,20:17
Gokhlan,10-Aug,3:48,5:11,12:07,15:46,18:57,20:15
Gokhlan,11-Aug,3:49,5:11,12:07,15:45,18:56,20:14
Gokhlan,12-Aug,3:50,5:12,12:06,15:45,18:55,20:13
Gokhlan,13-Aug,3:51,5:13,12:06,15:45,18:54,20:11
Gokhlan,14-Aug,3:52,5:14,12:06,15:44,18:53,20:10
Gokhlan,15-Aug,3:53,5:15,12:06,15:44,18:52,20:09
Gokhlan,16-Aug,3:53,5:15,12:06,15:43,18:51,20:08
Gokhlan,17-Aug,3:54,5:16,12:06,15:43,18:49,20:06
Gokhlan,18-Aug,3:55,5:17,12:05,15:42,18:48,20:05
Gokhlan,19-Aug,3:56,5:18,12:05,15:42,18:47,20:04
Gokhlan,20-Aug,3:56,5:18,12:05,15:41,18:46,20:03
Gokhlan,21-Aug,3:57,5:19,12:05,15:41,18:44,20:01
Gokhlan,22-Aug,3:58,5:20,12:04,15:40,18:43,20:00
Gokhlan,23-Aug,3:59,5:21,12:04,15:40,18:42,19:59
Gokhlan,24-Aug,3:59,5:21,12:04,15:39,18:41,19:58
Gokhlan,25-Aug,4:00,5:22,12:04,15:38,18:39,19:56
Gokhlan,26-Aug,4:01,5:23,12:03,15:38,18:38,19:55
Gokhlan,27-Aug,4:02,5:24,12:03,15:37,18:37,19:54
Gokhlan,28-Aug,4:03,5:25,12:03,15:37,18:35,19:52
Gokhlan,29-Aug,4:03,5:25,12:02,15:36,18:34,19:51
Gokhlan,30-Aug,4:04,5:26,12:02,15:35,18:33,19:50
Gokhlan,31-Aug,4:05,5:27,12:02,15:35,18:31,19:48
Gokhlan,1-Sep,4:06,5:28,12:01,15:34,18:30,19:47
Gokhlan,2-Sep,4:06,5:28,12:01,15:33,18:28,19:45
Gokhlan,3-Sep,4:07,5:29,12:01,15:33,18:27,19:44
Gokhlan,4-Sep,4:08,5:30,12:00,15:32,18:25,19:42
Gokhlan,5-Sep,4:09,5:31,12:00,15:31,18:24,19:41
Gokhlan,6-Sep,4:09,5:31,12:00,15:30,18:23,19:40
Gokhlan,7-Sep,4:10,5:32,11:59,15:30,18:21,19:38
Gokhlan,8-Sep,4:11,5:33,11:59,15:29,18:20,19:37
Gokhlan,9-Sep,4:12,5:34,11:59,15:28,18:18,19:35
Gokhlan,10-Sep,4:13,5:34,11:58,15:27,18:17,19:33
Gokhlan,11-Sep,4:14,5:35,11:58,15:26,18:15,19:31
Gokhlan,12-Sep,4:15,5:36,11:58,15:25,18:14,19:30
Gokhlan,13-Sep,4:16,5:37,11:57,15:24,18:13,19:29
Gokhlan,14-Sep,4:16,5:37,11:57,15:24,18:11,19:27
Gokhlan,15-Sep,4:17,5:38,11:57,15:23,18:10,19:26
Gokhlan,16-Sep,4:18,5:39,11:56,15:22,18:08,19:24
Gokhlan,17-Sep,4:19,5:40,11:56,15:21,18:07,19:23
Gokhlan,18-Sep,4:19,5:40,11:56,15:20,18:05,19:21
Gokhlan,19-Sep,4:20,5:41,11:55,15:19,18:04,19:20
Gokhlan,20-Sep,4:21,5:42,11:55,15:18,18:03,19:18
Gokhlan,21-Sep,4:22,5:43,11:54,15:17,18:01,19:16
Gokhlan,22-Sep,4:23,5:43,11:54,15:16,17:59,19:14
Gokhlan,23-Sep,4:24,5:44,11:54,15:15,17:58,19:13
Gokhlan,24-Sep,4:25,5:45,11:53,15:14,17:57,19:12
Gokhlan,25-Sep,4:26,5:46,11:53,15:13,17:55,19:10
Gokhlan,26-Sep,4:26,5:46,11:53,15:12,17:53,19:08
Gokhlan,27-Sep,4:27,5:47,11:52,15:11,17:52,19:07
Gokhlan,28-Sep,4:28,5:48,11:52,15:10,17:51,19:05
Gokhlan,29-Sep,4:29,5:49,11:52,15:09,17:49,19:03
Gokhlan,30-Sep,4:30,5:50,11:51,15:08,17:48,19:02
Gokhlan,1-Oct,4:30,5:50,11:51,15:07,17:47,19:01
Gokhlan,2-Oct,4:31,5:51,11:51,15:06,17:46,19:00
Gokhlan,3-Oct,4:31,5:52,11:50,15:05,17:44,18:58
Gokhlan,4-Oct,4:32,5:53,11:50,15:04,17:43,18:57
Gokhlan,5-Oct,4:33,5:54,11:50,15:03,17:42,18:56
Gokhlan,6-Oct,4:34,5:54,11:50,15:02,17:40,18:54
Gokhlan,7-Oct,4:35,5:55,11:49,15:01,17:39,18:53
Gokhlan,8-Oct,4:36,5:56,11:49,15:00,17:37,18:51
Gokhlan,9-Oct,4:37,5:57,11:49,14:59,17:36,18:50
Gokhlan,10-Oct,4:38,5:58,11:48,14:58,17:35,18:49
Gokhlan,11-Oct,4:38,5:58,11:48,14:57,17:33,18:47
Gokhlan,12-Oct,4:39,5:59,11:48,14:56,17:32,18:46
Gokhlan,13-Oct,4:40,6:00,11:48,14:55,17:31,18:45
Gokhlan,14-Oct,4:41,6:01,11:47,14:54,17:29,18:43
Gokhlan,15-Oct,4:41,6:02,11:47,14:53,17:28,18:42
Gokhlan,16-Oct,4:42,6:03,11:47,14:52,17:27,18:41
Gokhlan,17-Oct,4:43,6:04,11:47,14:51,17:26,18:40
Gokhlan,18-Oct,4:43,6:04,11:47,14:50,17:24,18:39
Gokhlan,19-Oct,4:44,6:05,11:46,14:49,17:23,18:38
Gokhlan,20-Oct,4:45,6:06,11:46,14:49,17:22,18:37
Gokhlan,21-Oct,4:46,6:07,11:46,14:48,17:21,18:36
Gokhlan,22-Oct,4:47,6:08,11:46,14:47,17:19,18:34
Gokhlan,23-Oct,4:48,6:09,11:46,14:46,17:18,18:33
Gokhlan,24-Oct,4:49,6:10,11:46,14:45,17:17,18:32
Gokhlan,25-Oct,4:49,6:11,11:46,14:44,17:16,18:32
Gokhlan,26-Oct,4:50,6:12,11:45,14:43,17:15,18:31
Gokhlan,27-Oct,4:51,6:13,11:45,14:42,17:14,18:30
Gokhlan,28-Oct,4:52,6:14,11:45,14:41,17:13,18:29
Gokhlan,29-Oct,4:52,6:14,11:45,14:41,17:12,18:28
Gokhlan,30-Oct,4:53,6:15,11:45,14:40,17:11,18:27
Gokhlan,31-Oct,4:54,6:16,11:45,14:39,17:10,18:26
Gokhlan,1-Nov,4:55,6:17,11:45,14:38,17:09,18:25
Gokhlan,2-Nov,4:56,6:18,11:45,14:38,17:08,18:24
Gokhlan,3-Nov,4:57,6:19,11:45,14:37,17:07,18:23
Gokhlan,4-Nov,4:58,6:20,11:45,14:36,17:06,18:23
Gokhlan,5-Nov,4:59,6:21,11:45,14:35,17:05,18:22
Gokhlan,6-Nov,5:00,6:22,11:45,14:35,17:04,18:21
Gokhlan,7-Nov,5:01,6:23,11:45,14:34,17:03,18:20
Gokhlan,8-Nov,5:02,6:24,11:45,14:34,17:02,18:19
Gokhlan,9-Nov,5:03,6:25,11:45,14:33,17:01,18:18
Gokhlan,10-Nov,5:04,6:26,11:45,14:32,17:01,18:18
Gokhlan,11-Nov,5:05,6:27,11:45,14:32,17:00,18:17
Gokhlan,12-Nov,5:06,6:28,11:45,14:31,16:59,18:16
Gokhlan,13-Nov,5:07,6:29,11:46,14:30,16:59,18:16
Gokhlan,14-Nov,5:08,6:30,11:46,14:30,16:58,18:15
Gokhlan,15-Nov,5:09,6:31,11:46,14:29,16:57,18:14
Gokhlan,16-Nov,5:10,6:32,11:46,14:29,16:57,18:14
Gokhlan,17-Nov,5:11,6:33,11:47,14:28,16:56,18:13
Gokhlan,18-Nov,5:12,6:34,11:47,14:28,16:55,18:12
Gokhlan,19-Nov,5:13,6:35,11:47,14:27,16:55,18:12
Gokhlan,20-Nov,5:14,6:36,11:47,14:27,16:54,18:11
Gokhlan,21-Nov,5:15,6:37,11:47,14:27,16:54,18:11
Gokhlan,22-Nov,5:16,6:38,11:48,14:26,16:53,18:11
Gokhlan,23-Nov,5:16,6:39,11:48,14:26,16:53,18:11
Gokhlan,24-Nov,5:17,6:40,11:48,14:26,16:53,18:11
Gokhlan,25-Nov,5:18,6:41,11:49,14:26,16:52,18:10
Gokhlan,26-Nov,5:19,6:42,11:49,14:25,16:52,18:10
Gokhlan,27-Nov,5:20,6:43,11:49,14:25,16:52,18:10
Gokhlan,28-Nov,5:21,6:44,11:49,14:25,16:52,18:10
Gokhlan,29-Nov,5:21,6:45,11:50,14:25,16:51,18:10
Gokhlan,30-Nov,5:22,6:46,11:50,14:25,16:51,18:10
Gokhlan,1-Dec,5:22,6:46,11:51,14:25,16:51,18:10
Gokhlan,2-Dec,5:23,6:47,11:51,14:25,16:51,18:10
Gokhlan,3-Dec,5:23,6:48,11:51,14:25,16:51,18:11
Gokhlan,4-Dec,5:24,6:49,11:52,14:25,16:51,18:11
Gokhlan,5-Dec,5:25,6:50,11:52,14:25,16:51,18:11
Gokhlan,6-Dec,5:25,6:51,11:53,14:25,16:51,18:11
Gokhlan,7-Dec,5:26,6:52,11:54,14:25,16:51,18:11
Gokhlan,8-Dec,5:26,6:52,11:54,14:25,16:51,18:11
Gokhlan,9-Dec,5:27,6:53,11:55,14:25,16:51,18:11
Gokhlan,10-Dec,5:28,6:54,11:55,14:25,16:51,18:11
Gokhlan,11-Dec,5:29,6:55,11:55,14:26,16:51,18:11
Gokhlan,12-Dec,5:29,6:55,11:55,14:26,16:51,18:11
Gokhlan,13-Dec,5:30,6:56,11:56,14:26,16:52,18:12
Gokhlan,14-Dec,5:31,6:57,11:56,14:27,16:52,18:12
Gokhlan,15-Dec,5:31,6:57,11:57,14:27,16:52,18:12
Gokhlan,16-Dec,5:32,6:58,11:57,14:27,16:53,18:13
Gokhlan,17-Dec,5:33,6:59,11:58,14:28,16:53,18:13
Gokhlan,18-Dec,5:33,6:59,11:58,14:28,16:53,18:13
Gokhlan,19-Dec,5:34,7:00,11:59,14:29,16:54,18:14
Gokhlan,20-Dec,5:34,7:00,11:59,14:29,16:54,18:15
Gokhlan,21-Dec,5:35,7:01,12:00,14:30,16:55,18:16
Gokhlan,22-Dec,5:35,7:01,12:00,14:30,16:55,18:16
Gokhlan,23-Dec,5:36,7:02,12:01,14:30,16:56,18:17
Gokhlan,24-Dec,5:36,7:02,12:01,14:31,16:56,18:17
Gokhlan,25-Dec,5:37,7:03,12:02,14:31,16:57,18:18
Gokhlan,26-Dec,5:37,7:03,12:02,14:32,16:57,18:18
Gokhlan,27-Dec,5:37,7:03,12:03,14:33,16:58,18:19
Gokhlan,28-Dec,5:38,7:04,12:03,14:33,16:58,18:19
Gokhlan,29-Dec,5:38,7:04,12:04,14:34,16:59,18:20
Gokhlan,30-Dec,5:38,7:04,12:04,14:35,16:59,18:20
Gokhlan,31-Dec,5:38,7:05,12:05,14:35,17:00,18:21
Chamchamal,1-Jan,5:50,7:11,12:10,14:41,17:05,18:25
Chamchamal,2-Jan,5:50,7:11,12:10,14:41,17:05,18:25
Chamchamal,3-Jan,5:50,7:11,12:11,14:42,17:06,18:26
Chamchamal,4-Jan,5:50,7:11,12:11,14:43,17:07,18:27
Chamchamal,5-Jan,5:51,7:12,12:12,14:44,17:07,18:27
Chamchamal,6-Jan,5:51,7:12,12:12,14:44,17:08,18:28
Chamchamal,7-Jan,5:51,7:12,12:12,14:45,17:09,18:29
Chamchamal,8-Jan,5:51,7:12,12:13,14:46,17:10,18:30
Chamchamal,9-Jan,5:51,7:12,12:13,14:47,17:11,18:31
Chamchamal,10-Jan,5:51,7:12,12:14,14:48,17:12,18:32
Chamchamal,11-Jan,5:50,7:11,12:14,14:49,17:13,18:33
Chamchamal,12-Jan,5:50,7:11,12:14,14:49,17:14,18:34
Chamchamal,13-Jan,5:50,7:11,12:15,14:50,17:15,18:35
Chamchamal,14-Jan,5:50,7:11,12:16,14:51,17:16,18:36
Chamchamal,15-Jan,5:49,7:10,12:16,14:52,17:17,18:37
Chamchamal,16-Jan,5:49,7:10,12:16,14:53,17:18,18:38
Chamchamal,17-Jan,5:48,7:10,12:17,14:54,17:19,18:39
Chamchamal,18-Jan,5:47,7:10,12:17,14:55,17:20,18:40
Chamchamal,19-Jan,5:46,7:10,12:17,14:56,17:21,18:41
Chamchamal,20-Jan,5:45,7:09,12:17,14:57,17:22,18:42
Chamchamal,21-Jan,5:45,7:09,12:18,14:57,17:23,18:43
Chamchamal,22-Jan,5:45,7:09,12:18,14:58,17:24,18:44
Chamchamal,23-Jan,5:44,7:08,12:18,14:59,17:25,18:45
Chamchamal,24-Jan,5:44,7:08,12:18,15:00,17:26,18:46
Chamchamal,25-Jan,5:44,7:07,12:19,15:01,17:27,18:47
Chamchamal,26-Jan,5:43,7:06,12:19,15:02,17:28,18:48
Chamchamal,27-Jan,5:43,7:06,12:19,15:03,17:29,18:49
Chamchamal,28-Jan,5:42,7:05,12:19,15:04,17:30,18:50
Chamchamal,29-Jan,5:42,7:04,12:19,15:05,17:31,18:51
Chamchamal,30-Jan,5:41,7:03,12:20,15:05,17:32,18:52
Chamchamal,31-Jan,5:41,7:02,12:20,15:06,17:33,18:53
Chamchamal,1-Feb,5:40,7:02,12:20,15:07,17:34,18:54
Chamchamal,2-Feb,5:40,7:01,12:20,15:08,17:35,18:55
Chamchamal,3-Feb,5:39,7:00,12:20,15:09,17:36,18:56
Chamchamal,4-Feb,5:38,6:59,12:20,15:10,17:37,18:57
Chamchamal,5-Feb,5:37,6:58,12:20,15:10,17:38,18:58
Chamchamal,6-Feb,5:36,6:57,12:20,15:11,17:39,18:59
Chamchamal,7-Feb,5:35,6:56,12:20,15:12,17:40,19:00
Chamchamal,8-Feb,5:34,6:55,12:20,15:13,17:41,19:01
Chamchamal,9-Feb,5:33,6:54,12:20,15:14,17:41,19:01
Chamchamal,10-Feb,5:32,6:53,12:20,15:15,17:42,19:02
Chamchamal,11-Feb,5:31,6:52,12:20,15:15,17:43,19:03
Chamchamal,12-Feb,5:30,6:51,12:20,15:16,17:44,19:04
Chamchamal,13-Feb,5:29,6:50,12:20,15:17,17:45,19:05
Chamchamal,14-Feb,5:28,6:49,12:20,15:18,17:46,19:06
Chamchamal,15-Feb,5:27,6:48,12:20,15:18,17:47,19:07
Chamchamal,16-Feb,5:26,6:47,12:20,15:19,17:48,19:08
Chamchamal,17-Feb,5:25,6:46,12:20,15:20,17:49,19:09
Chamchamal,18-Feb,5:24,6:45,12:20,15:20,17:50,19:10
Chamchamal,19-Feb,5:23,6:44,12:20,15:21,17:51,19:11
Chamchamal,20-Feb,5:22,6:43,12:20,15:22,17:52,19:12
Chamchamal,21-Feb,5:21,6:42,12:20,15:23,17:53,19:13
Chamchamal,22-Feb,5:20,6:41,12:19,15:23,17:54,19:14
Chamchamal,23-Feb,5:19,6:40,12:19,15:24,17:55,19:15
Chamchamal,24-Feb,5:18,6:39,12:19,15:24,17:56,19:16
Chamchamal,25-Feb,5:17,6:38,12:19,15:25,17:57,19:17
Chamchamal,26-Feb,5:16,6:37,12:19,15:26,17:58,19:18
Chamchamal,27-Feb,5:15,6:36,12:19,15:26,17:59,19:19
Chamchamal,28-Feb,5:14,6:35,12:19,15:27,18:00,19:20
Chamchamal,1-Mar,5:14,6:34,12:19,15:27,18:02,19:22
Chamchamal,2-Mar,5:13,6:33,12:18,15:28,18:03,19:23
Chamchamal,3-Mar,5:12,6:31,12:18,15:28,18:04,19:24
Chamchamal,4-Mar,5:11,6:30,12:18,15:29,18:05,19:25
Chamchamal,5-Mar,5:10,6:29,12:18,15:29,18:06,19:26
Chamchamal,6-Mar,5:08,6:27,12:17,15:30,18:07,19:27
Chamchamal,7-Mar,5:07,6:26,12:17,15:30,18:08,19:28
Chamchamal,8-Mar,5:06,6:25,12:17,15:31,18:09,19:29
Chamchamal,9-Mar,5:04,6:23,12:17,15:31,18:10,19:30
Chamchamal,10-Mar,5:03,6:22,12:16,15:32,18:10,19:30
Chamchamal,11-Mar,5:02,6:21,12:16,15:32,18:11,19:31
Chamchamal,12-Mar,5:00,6:19,12:16,15:33,18:12,19:32
Chamchamal,13-Mar,4:59,6:18,12:16,15:33,18:13,19:33
Chamchamal,14-Mar,4:57,6:16,12:15,15:34,18:14,19:34
Chamchamal,15-Mar,4:56,6:15,12:15,15:34,18:15,19:35
Chamchamal,16-Mar,4:54,6:14,12:15,15:34,18:15,19:35
Chamchamal,17-Mar,4:53,6:13,12:15,15:35,18:16,19:36
Chamchamal,18-Mar,4:52,6:11,12:14,15:35,18:17,19:37
Chamchamal,19-Mar,4:51,6:10,12:14,15:35,18:18,19:38
Chamchamal,20-Mar,4:49,6:08,12:14,15:36,18:19,19:39
Chamchamal,21-Mar,4:48,6:06,12:13,15:36,18:20,19:40
Chamchamal,22-Mar,4:46,6:05,12:13,15:36,18:20,19:40
Chamchamal,23-Mar,4:45,6:04,12:13,15:37,18:21,19:41
Chamchamal,24-Mar,4:43,6:02,12:12,15:37,18:22,19:42
Chamchamal,25-Mar,4:42,6:01,12:12,15:37,18:23,19:43
Chamchamal,26-Mar,4:40,6:00,12:12,15:37,18:24,19:44
Chamchamal,27-Mar,4:39,5:59,12:11,15:38,18:24,19:44
Chamchamal,28-Mar,4:37,5:57,12:11,15:38,18:25,19:45
Chamchamal,29-Mar,4:36,5:56,12:11,15:38,18:26,19:46
Chamchamal,30-Mar,4:34,5:54,12:11,15:38,18:27,19:47
Chamchamal,31-Mar,4:33,5:53,12:10,15:39,18:28,19:48
Chamchamal,1-Apr,4:32,5:52,12:10,15:39,18:29,19:49
Chamchamal,2-Apr,4:30,5:51,12:10,15:39,18:29,19:49
Chamchamal,3-Apr,4:29,5:50,12:10,15:39,18:30,19:50
Chamchamal,4-Apr,4:27,5:48,12:09,15:39,18:31,19:51
Chamchamal,5-Apr,4:26,5:47,12:09,15:40,18:32,19:52
Chamchamal,6-Apr,4:24,5:46,12:09,15:40,18:33,19:53
Chamchamal,7-Apr,4:23,5:45,12:08,15:40,18:33,19:53
Chamchamal,8-Apr,4:21,5:43,12:08,15:40,18:34,19:54
Chamchamal,9-Apr,4:20,5:42,12:08,15:40,18:35,19:55
Chamchamal,10-Apr,4:18,5:40,12:07,15:40,18:36,19:56
Chamchamal,11-Apr,4:17,5:39,12:07,15:41,18:37,19:57
Chamchamal,12-Apr,4:15,5:37,12:07,15:41,18:37,19:57
Chamchamal,13-Apr,4:14,5:35,12:07,15:41,18:38,19:58
Chamchamal,14-Apr,4:12,5:33,12:06,15:41,18:39,19:59
Chamchamal,15-Apr,4:11,5:32,12:06,15:41,18:40,20:00
Chamchamal,16-Apr,4:09,5:31,12:06,15:41,18:41,20:01
Chamchamal,17-Apr,4:08,5:30,12:06,15:42,18:42,20:02
Chamchamal,18-Apr,4:06,5:28,12:06,15:42,18:42,20:02
Chamchamal,19-Apr,4:05,5:26,12:05,15:42,18:43,20:03
Chamchamal,20-Apr,4:03,5:25,12:05,15:42,18:44,20:04
Chamchamal,21-Apr,4:02,5:24,12:05,15:42,18:45,20:05
Chamchamal,22-Apr,4:00,5:23,12:05,15:42,18:46,20:06
Chamchamal,23-Apr,3:59,5:22,12:05,15:42,18:47,20:07
Chamchamal,24-Apr,3:57,5:21,12:04,15:42,18:48,20:08
Chamchamal,25-Apr,3:56,5:20,12:04,15:43,18:48,20:08
Chamchamal,26-Apr,3:54,5:19,12:04,15:43,18:49,20:09
Chamchamal,27-Apr,3:53,5:18,12:04,15:43,18:50,20:10
Chamchamal,28-Apr,3:51,5:17,12:04,15:43,18:51,20:11
Chamchamal,29-Apr,3:50,5:15,12:04,15:43,18:52,20:12
Chamchamal,30-Apr,3:49,5:14,12:03,15:43,18:53,20:13
Chamchamal,1-May,3:48,5:13,12:03,15:43,18:53,20:13
Chamchamal,2-May,3:47,5:12,12:03,15:43,18:54,20:14
Chamchamal,3-May,3:46,5:11,12:03,15:43,18:55,20:15
Chamchamal,4-May,3:45,5:10,12:03,15:43,18:56,20:16
Chamchamal,5-May,3:44,5:09,12:03,15:44,18:56,20:16
Chamchamal,6-May,3:43,5:08,12:03,15:44,18:57,20:17
Chamchamal,7-May,3:42,5:07,12:03,15:44,18:58,20:18
Chamchamal,8-May,3:41,5:06,12:03,15:44,18:59,20:19
Chamchamal,9-May,3:40,5:05,12:03,15:44,18:59,20:19
Chamchamal,10-May,3:39,5:04,12:03,15:44,19:00,20:20
Chamchamal,11-May,3:38,5:03,12:03,15:44,19:01,20:21
Chamchamal,12-May,3:37,5:02,12:03,15:44,19:02,20:22
Chamchamal,13-May,3:37,5:02,12:03,15:45,19:03,20:23
Chamchamal,14-May,3:36,5:01,12:03,15:45,19:04,20:24
Chamchamal,15-May,3:35,4:59,12:03,15:45,19:05,20:25
Chamchamal,16-May,3:34,4:58,12:03,15:45,19:05,20:25
Chamchamal,17-May,3:33,4:57,12:03,15:45,19:06,20:26
Chamchamal,18-May,3:32,4:57,12:03,15:45,19:07,20:27
Chamchamal,19-May,3:31,4:56,12:03,15:45,19:08,20:28
Chamchamal,20-May,3:30,4:55,12:03,15:46,19:08,20:28
Chamchamal,21-May,3:30,4:54,12:03,15:46,19:09,20:29
Chamchamal,22-May,3:29,4:54,12:03,15:46,19:10,20:30
Chamchamal,23-May,3:28,4:53,12:03,15:46,19:11,20:31
Chamchamal,24-May,3:28,4:53,12:03,15:46,19:12,20:32
Chamchamal,25-May,3:27,4:52,12:03,15:46,19:12,20:32
Chamchamal,26-May,3:27,4:52,12:03,15:46,19:13,20:33
Chamchamal,27-May,3:26,4:51,12:04,15:47,19:13,20:33
Chamchamal,28-May,3:26,4:51,12:04,15:47,19:14,20:34
Chamchamal,29-May,3:25,4:50,12:04,15:47,19:15,20:35
Chamchamal,30-May,3:25,4:50,12:04,15:47,19:16,20:36
Chamchamal,31-May,3:25,4:50,12:04,15:47,19:17,20:37
Chamchamal,1-Jun,3:24,4:50,12:04,15:48,19:17,20:37
Chamchamal,2-Jun,3:24,4:49,12:04,15:48,19:18,20:38
Chamchamal,3-Jun,3:24,4:49,12:05,15:48,19:18,20:38
Chamchamal,4-Jun,3:24,4:49,12:05,15:48,19:19,20:39
Chamchamal,5-Jun,3:23,4:48,12:05,15:48,19:20,20:40
Chamchamal,6-Jun,3:23,4:48,12:05,15:49,19:20,20:40
Chamchamal,7-Jun,3:23,4:48,12:05,15:49,19:21,20:41
Chamchamal,8-Jun,3:23,4:47,12:05,15:49,19:21,20:41
Chamchamal,9-Jun,3:22,4:47,12:06,15:49,19:22,20:42
Chamchamal,10-Jun,3:22,4:47,12:06,15:49,19:22,20:42
Chamchamal,11-Jun,3:22,4:47,12:06,15:50,19:23,20:43
Chamchamal,12-Jun,3:21,4:47,12:06,15:50,19:23,20:43
Chamchamal,13-Jun,3:21,4:48,12:06,15:50,19:23,20:43
Chamchamal,14-Jun,3:21,4:48,12:07,15:50,19:24,20:44
Chamchamal,15-Jun,3:21,4:48,12:07,15:50,19:24,20:44
Chamchamal,16-Jun,3:21,4:49,12:07,15:51,19:24,20:44
Chamchamal,17-Jun,3:21,4:49,12:07,15:51,19:25,20:45
Chamchamal,18-Jun,3:21,4:50,12:08,15:51,19:25,20:45
Chamchamal,19-Jun,3:21,4:50,12:08,15:51,19:25,20:45
Chamchamal,20-Jun,3:22,4:50,12:08,15:52,19:26,20:46
Chamchamal,21-Jun,3:22,4:50,12:08,15:52,19:26,20:46
Chamchamal,22-Jun,3:23,4:50,12:08,15:52,19:26,20:46
Chamchamal,23-Jun,3:23,4:51,12:09,15:52,19:26,20:46
Chamchamal,24-Jun,3:24,4:52,12:09,15:52,19:26,20:46
Chamchamal,25-Jun,3:24,4:52,12:09,15:53,19:26,20:46
Chamchamal,26-Jun,3:25,4:52,12:09,15:53,19:26,20:46
Chamchamal,27-Jun,3:25,4:52,12:09,15:53,19:26,20:46
Chamchamal,28-Jun,3:25,4:52,12:10,15:53,19:26,20:46
Chamchamal,29-Jun,3:26,4:53,12:10,15:54,19:26,20:46
Chamchamal,30-Jun,3:27,4:53,12:10,15:54,19:26,20:46
Chamchamal,1-Jul,3:26,4:53,12:10,15:54,19:26,20:46
Chamchamal,2-Jul,3:27,4:54,12:10,15:54,19:26,20:46
Chamchamal,3-Jul,3:27,4:54,12:11,15:54,19:26,20:46
Chamchamal,4-Jul,3:27,4:54,12:11,15:54,19:26,20:46
Chamchamal,5-Jul,3:28,4:55,12:11,15:54,19:26,20:46
Chamchamal,6-Jul,3:28,4:55,12:11,15:55,19:26,20:46
Chamchamal,7-Jul,3:29,4:56,12:11,15:55,19:25,20:45
Chamchamal,8-Jul,3:30,4:57,12:11,15:55,19:25,20:45
Chamchamal,9-Jul,3:30,4:57,12:12,15:55,19:25,20:45
Chamchamal,10-Jul,3:31,4:58,12:12,15:55,19:24,20:44
Chamchamal,11-Jul,3:31,4:58,12:12,15:55,19:24,20:44
Chamchamal,12-Jul,3:32,4:58,12:12,15:55,19:24,20:44
Chamchamal,13-Jul,3:33,4:59,12:12,15:55,19:23,20:43
Chamchamal,14-Jul,3:34,4:59,12:12,15:55,19:23,20:43
Chamchamal,15-Jul,3:34,5:00,12:12,15:56,19:22,20:42
Chamchamal,16-Jul,3:35,5:01,12:12,15:56,19:22,20:42
Chamchamal,17-Jul,3:35,5:02,12:12,15:56,19:21,20:41
Chamchamal,18-Jul,3:36,5:02,12:13,15:56,19:21,20:41
Chamchamal,19-Jul,3:37,5:03,12:13,15:56,19:20,20:40
Chamchamal,20-Jul,3:38,5:03,12:13,15:56,19:20,20:40
Chamchamal,21-Jul,3:39,5:04,12:13,15:55,19:19,20:39
Chamchamal,22-Jul,3:40,5:06,12:13,15:55,19:18,20:38
Chamchamal,23-Jul,3:41,5:07,12:13,15:55,19:18,20:38
Chamchamal,24-Jul,3:42,5:08,12:13,15:55,19:17,20:37
Chamchamal,25-Jul,3:42,5:08,12:13,15:55,19:16,20:36
Chamchamal,26-Jul,3:43,5:09,12:13,15:55,19:16,20:36
Chamchamal,27-Jul,3:44,5:10,12:13,15:55,19:15,20:35
Chamchamal,28-Jul,3:45,5:11,12:13,15:55,19:14,20:34
Chamchamal,29-Jul,3:46,5:11,12:13,15:55,19:13,20:33
Chamchamal,30-Jul,3:47,5:12,12:13,15:54,19:12,20:32
Chamchamal,31-Jul,3:48,5:12,12:13,15:54,19:11,20:31
Chamchamal,1-Aug,3:49,5:13,12:13,15:54,19:10,20:30
Chamchamal,2-Aug,3:50,5:14,12:13,15:54,19:09,20:29
Chamchamal,3-Aug,3:50,5:14,12:13,15:54,19:09,20:29
Chamchamal,4-Aug,3:51,5:15,12:13,15:53,19:08,20:28
Chamchamal,5-Aug,3:52,5:16,12:12,15:53,19:07,20:27
Chamchamal,6-Aug,3:53,5:17,12:12,15:52,19:06,20:26
Chamchamal,7-Aug,3:53,5:18,12:12,15:52,19:05,20:25
Chamchamal,8-Aug,3:54,5:18,12:12,15:52,19:04,20:24
Chamchamal,9-Aug,3:55,5:19,12:12,15:52,19:03,20:23
Chamchamal,10-Aug,3:56,5:19,12:12,15:51,19:01,20:21
Chamchamal,11-Aug,3:57,5:20,12:12,15:50,19:00,20:20
Chamchamal,12-Aug,4:58,5:21,12:11,15:50,18:59,20:19
Chamchamal,13-Aug,4:59,5:22,12:11,15:50,18:58,20:18
Chamchamal,14-Aug,4:00,5:23,12:11,15:49,18:57,20:17
Chamchamal,15-Aug,4:01,5:23,12:11,15:49,18:56,20:16
Chamchamal,16-Aug,4:01,5:24,12:11,15:48,18:55,20:15
Chamchamal,17-Aug,4:02,5:24,12:11,15:48,18:53,20:13
Chamchamal,18-Aug,4:03,5:25,12:10,15:47,18:52,20:12
Chamchamal,19-Aug,4:04,5:25,12:10,15:47,18:51,20:11
Chamchamal,20-Aug,4:05,5:26,12:10,15:46,18:50,20:10
Chamchamal,21-Aug,4:06,5:27,12:10,15:46,18:48,20:08
Chamchamal,22-Aug,4:07,5:28,12:09,15:45,18:47,20:07
Chamchamal,23-Aug,4:07,5:28,12:09,15:45,18:46,20:06
Chamchamal,24-Aug,4:08,5:29,12:09,15:44,18:45,20:05
Chamchamal,25-Aug,4:09,5:30,12:09,15:43,18:43,20:03
Chamchamal,26-Aug,4:10,5:31,12:08,15:43,18:42,20:02
Chamchamal,27-Aug,4:11,5:31,12:08,15:42,18:41,20:01
Chamchamal,28-Aug,4:12,5:32,12:08,15:42,18:39,19:59
Chamchamal,29-Aug,4:12,5:33,12:07,15:41,18:38,19:58
Chamchamal,30-Aug,4:13,5:34,12:07,15:40,18:37,19:57
Chamchamal,31-Aug,4:14,5:35,12:07,15:40,18:35,19:55
Chamchamal,1-Sep,4:14,5:35,12:06,15:39,18:34,19:54
Chamchamal,2-Sep,4:15,5:36,12:06,15:38,18:32,19:52
Chamchamal,3-Sep,4:16,5:37,12:06,15:38,18:31,19:51
Chamchamal,4-Sep,4:17,5:37,12:05,15:37,18:29,19:49
Chamchamal,5-Sep,4:18,5:39,12:05,15:36,18:28,19:48
Chamchamal,6-Sep,4:18,5:39,12:05,15:35,18:27,19:47
Chamchamal,7-Sep,4:19,5:39,12:04,15:35,18:25,19:45
Chamchamal,8-Sep,4:20,5:40,12:04,15:34,18:24,19:44
Chamchamal,9-Sep,4:21,5:41,12:04,15:33,18:22,19:42
Chamchamal,10-Sep,4:22,5:42,12:03,15:32,18:21,19:41
Chamchamal,11-Sep,4:23,5:42,12:03,15:31,18:19,19:39
Chamchamal,12-Sep,4:24,5:43,12:03,15:30,18:18,19:38
Chamchamal,13-Sep,4:25,5:44,12:02,15:29,18:17,19:37
Chamchamal,14-Sep,4:26,5:45,12:02,15:29,18:15,19:35
Chamchamal,15-Sep,4:26,5:45,12:02,15:28,18:14,19:34
Chamchamal,16-Sep,4:27,5:46,12:01,15:27,18:12,19:32
Chamchamal,17-Sep,4:28,5:47,12:01,15:26,18:11,19:31
Chamchamal,18-Sep,4:29,5:48,12:01,15:25,18:09,19:29
Chamchamal,19-Sep,4:29,5:48,12:00,15:24,18:08,19:28
Chamchamal,20-Sep,4:30,5:49,12:00,15:23,18:07,19:27
Chamchamal,21-Sep,4:31,5:50,11:59,15:22,18:05,19:25
Chamchamal,22-Sep,4:32,5:51,11:59,15:21,18:03,19:23
Chamchamal,23-Sep,4:33,5:51,11:59,15:20,18:02,19:22
Chamchamal,24-Sep,4:34,5:52,11:58,15:19,18:01,19:21
Chamchamal,25-Sep,4:35,5:53,11:58,15:18,17:59,19:19
Chamchamal,26-Sep,4:36,5:53,11:58,15:17,17:57,19:17
Chamchamal,27-Sep,4:36,5:54,11:57,15:16,17:56,19:16
Chamchamal,28-Sep,4:37,5:54,11:57,15:15,17:55,19:15
Chamchamal,29-Sep,4:38,5:55,11:57,15:14,17:53,19:13
Chamchamal,30-Sep,4:39,5:55,11:56,15:13,17:52,19:12
Chamchamal,1-Oct,4:39,5:55,11:56,15:12,17:50,19:10
Chamchamal,2-Oct,4:40,5:56,11:56,15:11,17:49,19:09
Chamchamal,3-Oct,4:41,5:57,11:55,15:10,17:47,19:07
Chamchamal,4-Oct,4:42,5:58,11:55,15:09,17:46,19:06
Chamchamal,5-Oct,4:42,5:58,11:55,15:08,17:45,19:05
Chamchamal,6-Oct,4:43,5:59,11:55,15:07,17:43,19:03
Chamchamal,7-Oct,4:43,5:59,11:54,15:06,17:42,19:02
Chamchamal,8-Oct,4:44,6:00,11:54,15:05,17:40,19:00
Chamchamal,9-Oct,4:45,6:01,11:54,15:04,17:39,18:59
Chamchamal,10-Oct,4:46,6:02,11:53,15:03,17:38,18:58
Chamchamal,11-Oct,4:47,6:02,11:53,15:02,17:36,18:56
Chamchamal,12-Oct,4:48,6:03,11:53,15:01,17:35,18:55
Chamchamal,13-Oct,4:48,6:03,11:53,15:00,17:34,18:54
Chamchamal,14-Oct,4:49,6:04,11:52,14:59,17:32,18:52
Chamchamal,15-Oct,4:50,6:05,11:52,14:58,17:31,18:51
Chamchamal,16-Oct,4:51,6:06,11:52,14:57,17:30,18:50
Chamchamal,17-Oct,4:52,6:07,11:52,14:56,17:29,18:49
Chamchamal,18-Oct,4:53,6:09,11:52,14:55,17:27,18:47
Chamchamal,19-Oct,4:54,6:10,11:51,14:54,17:26,18:46
Chamchamal,20-Oct,4:54,6:11,11:51,14:54,17:25,18:45
Chamchamal,21-Oct,4:55,6:11,11:51,14:53,17:24,18:44
Chamchamal,22-Oct,4:56,6:12,11:51,14:52,17:22,18:42
Chamchamal,23-Oct,4:57,6:13,11:51,14:51,17:21,18:41
Chamchamal,24-Oct,4:58,6:14,11:51,14:50,17:20,18:40
Chamchamal,25-Oct,4:59,6:15,11:51,14:49,17:19,18:39
Chamchamal,26-Oct,5:00,6:16,11:50,14:48,17:18,18:38
Chamchamal,27-Oct,5:01,6:17,11:50,14:47,17:17,18:37
Chamchamal,28-Oct,5:01,6:18,11:50,14:46,17:16,18:36
Chamchamal,29-Oct,5:02,6:19,11:50,14:46,17:15,18:35
Chamchamal,30-Oct,5:03,6:20,11:50,14:45,17:14,18:34
Chamchamal,31-Oct,5:04,6:21,11:50,14:44,17:13,18:33
Chamchamal,1-Nov,5:05,6:22,11:50,14:43,17:12,18:32
Chamchamal,2-Nov,5:06,6:23,11:50,14:43,17:11,18:31
Chamchamal,3-Nov,5:07,6:24,11:50,14:42,17:10,18:30
Chamchamal,4-Nov,5:08,6:26,11:50,14:41,17:09,18:29
Chamchamal,5-Nov,5:08,6:27,11:50,14:40,17:08,18:28
Chamchamal,6-Nov,5:09,6:28,11:50,14:40,17:07,18:27
Chamchamal,7-Nov,5:10,6:29,11:50,14:39,17:06,18:26
Chamchamal,8-Nov,5:10,6:30,11:50,14:39,17:05,18:25
Chamchamal,9-Nov,5:11,6:31,11:50,14:38,17:04,18:24
Chamchamal,10-Nov,5:12,6:32,11:50,14:37,17:04,18:24
Chamchamal,11-Nov,5:13,6:33,11:50,14:37,17:03,18:23
Chamchamal,12-Nov,5:14,6:34,11:50,14:36,17:02,18:22
Chamchamal,13-Nov,5:15,6:35,11:51,14:35,17:02,18:22
Chamchamal,14-Nov,5:16,6:36,11:51,14:35,17:01,18:21
Chamchamal,15-Nov,5:17,6:37,11:51,14:34,17:00,18:20
Chamchamal,16-Nov,5:18,6:38,11:51,14:34,17:00,18:20
Chamchamal,17-Nov,5:19,6:39,11:52,14:33,17:00,18:20
Chamchamal,18-Nov,5:20,6:40,11:52,14:33,16:59,18:19
Chamchamal,19-Nov,5:20,6:40,11:52,14:32,16:59,18:19
Chamchamal,20-Nov,5:21,6:41,11:52,14:32,16:58,18:18
Chamchamal,21-Nov,5:22,6:42,11:52,14:32,16:58,18:18
Chamchamal,22-Nov,5:23,6:43,11:53,14:31,16:57,18:17
Chamchamal,23-Nov,5:24,6:44,11:53,14:31,16:57,18:17
Chamchamal,24-Nov,5:25,6:45,11:53,14:31,16:57,18:17
Chamchamal,25-Nov,5:25,6:45,11:54,14:31,16:56,18:16
Chamchamal,26-Nov,5:26,6:46,11:54,14:30,16:56,18:16
Chamchamal,27-Nov,5:27,6:47,11:54,14:30,16:56,18:16
Chamchamal,28-Nov,5:28,6:48,11:54,14:30,16:55,18:15
Chamchamal,29-Nov,5:29,6:49,11:55,14:30,16:55,18:15
Chamchamal,30-Nov,5:30,6:50,11:55,14:30,16:55,18:15
Chamchamal,1-Dec,5:29,6:51,11:56,14:30,16:54,18:14
Chamchamal,2-Dec,5:30,6:52,11:56,14:30,16:54,18:14
Chamchamal,3-Dec,5:30,6:52,11:56,14:30,16:54,18:14
Chamchamal,4-Dec,5:31,6:53,11:57,14:30,16:54,18:14
Chamchamal,5-Dec,5:32,6:54,11:57,14:30,16:54,18:14
Chamchamal,6-Dec,5:33,6:55,11:58,14:30,16:54,18:14
Chamchamal,7-Dec,5:34,6:56,11:59,14:30,16:54,18:14
Chamchamal,8-Dec,5:35,6:56,11:59,14:30,16:54,18:14
Chamchamal,9-Dec,5:36,6:57,12:00,14:30,16:54,18:14
Chamchamal,10-Dec,5:37,6:58,12:00,14:30,16:54,18:14
Chamchamal,11-Dec,5:38,6:59,12:00,14:31,16:55,18:15
Chamchamal,12-Dec,5:39,7:00,12:00,14:31,16:55,18:15
Chamchamal,13-Dec,5:39,7:00,12:01,14:31,16:55,18:15
Chamchamal,14-Dec,5:40,7:01,12:01,14:32,16:55,18:15
Chamchamal,15-Dec,5:41,7:02,12:02,14:32,16:56,18:16
Chamchamal,16-Dec,5:41,7:02,12:02,14:32,16:56,18:16
Chamchamal,17-Dec,5:42,7:02,12:03,14:33,16:56,18:16
Chamchamal,18-Dec,5:43,7:03,12:03,14:33,16:57,18:17
Chamchamal,19-Dec,5:43,7:03,12:04,14:34,16:57,18:17
Chamchamal,20-Dec,5:44,7:08,12:04,14:34,16:58,18:18
Chamchamal,21-Dec,5:45,7:08,12:05,14:35,16:58,18:18
Chamchamal,22-Dec,5:46,7:09,12:05,14:35,16:59,18:19
Chamchamal,23-Dec,5:46,7:09,12:06,14:35,16:59,18:19
Chamchamal,24-Dec,5:47,7:10,12:06,14:36,17:00,18:20
Chamchamal,25-Dec,5:47,7:10,12:07,14:36,17:00,18:20
Chamchamal,26-Dec,5:47,7:10,12:07,14:37,17:01,18:21
Chamchamal,27-Dec,5:48,7:10,12:08,14:38,17:01,18:21
Chamchamal,28-Dec,5:48,7:10,12:08,14:38,17:02,18:22
Chamchamal,29-Dec,5:49,7:10,12:09,14:39,17:03,18:23
Chamchamal,30-Dec,5:49,7:11,12:09,14:40,17:04,18:24
Chamchamal,31-Dec,5:49,7:11,12:10,14:40,17:04,18:24
